ISO-10303-21;
HEADER;
FILE_DESCRIPTION(('Open CASCADE Model'),'2;1');
FILE_NAME('R9-PROTOTYPE-01','1970-01-01T00:00:00',('ZUDO CASE'),('ZUDO CASE'),'R9 prototype exporter','ZUDO CASE','');
FILE_SCHEMA(('AUTOMOTIVE_DESIGN { 1 0 10303 214 1 1 1 1 }'));
ENDSEC;
DATA;
#1 = APPLICATION_PROTOCOL_DEFINITION('international standard',
  'automotive_design',2000,#2);
#2 = APPLICATION_CONTEXT(
  'core data for automotive mechanical design processes');
#3 = SHAPE_DEFINITION_REPRESENTATION(#4,#10);
#4 = PRODUCT_DEFINITION_SHAPE('','',#5);
#5 = PRODUCT_DEFINITION('design','',#6,#9);
#6 = PRODUCT_DEFINITION_FORMATION('','',#7);
#7 = PRODUCT('Open CASCADE STEP translator 7.8 0',
  'Open CASCADE STEP translator 7.8 0','',(#8));
#8 = PRODUCT_CONTEXT('',#2,'mechanical');
#9 = PRODUCT_DEFINITION_CONTEXT('part definition',#2,'design');
#10 = ADVANCED_BREP_SHAPE_REPRESENTATION('',(#11,#15),#6759);
#11 = AXIS2_PLACEMENT_3D('',#12,#13,#14);
#12 = CARTESIAN_POINT('',(0.,0.,0.));
#13 = DIRECTION('',(0.,0.,1.));
#14 = DIRECTION('',(1.,0.,-0.));
#15 = MANIFOLD_SOLID_BREP('',#16);
#16 = CLOSED_SHELL('',(#17,#137,#354,#404,#453,#595,#2694,#2721,#2748,
    #2775,#2802,#2809,#2885,#2934,#2983,#3032,#3081,#3130,#3179,#3228,
    #3277,#3326,#3375,#3424,#3473,#3522,#3571,#3620,#3669,#3718,#3767,
    #3816,#3865,#3914,#3963,#4012,#4061,#4088,#4164,#4213,#4262,#4311,
    #4360,#4409,#4458,#4507,#4556,#4583,#4659,#4708,#4757,#4784,#4860,
    #4909,#4958,#5007,#5056,#5105,#5154,#5181,#5257,#5306,#5355,#5404,
    #5453,#5502,#5551,#5600,#5649,#5698,#5747,#5796,#5845,#5894,#5943,
    #5992,#6041,#6090,#6139,#6188,#6237,#6264,#6293,#6458,#6465,#6476,
    #6501,#6577,#6626,#6675,#6724,#6751));
#17 = ADVANCED_FACE('',(#18),#32,.F.);
#18 = FACE_BOUND('',#19,.F.);
#19 = EDGE_LOOP('',(#20,#55,#83,#111));
#20 = ORIENTED_EDGE('',*,*,#21,.F.);
#21 = EDGE_CURVE('',#22,#24,#26,.T.);
#22 = VERTEX_POINT('',#23);
#23 = CARTESIAN_POINT('',(-2.5,0.,1.));
#24 = VERTEX_POINT('',#25);
#25 = CARTESIAN_POINT('',(0.6,0.,1.));
#26 = SURFACE_CURVE('',#27,(#31,#43),.PCURVE_S1.);
#27 = LINE('',#28,#29);
#28 = CARTESIAN_POINT('',(-2.5,0.,1.));
#29 = VECTOR('',#30,1.);
#30 = DIRECTION('',(1.,0.,0.));
#31 = PCURVE('',#32,#37);
#32 = PLANE('',#33);
#33 = AXIS2_PLACEMENT_3D('',#34,#35,#36);
#34 = CARTESIAN_POINT('',(-2.5,0.,1.));
#35 = DIRECTION('',(0.,0.,-1.));
#36 = DIRECTION('',(1.,0.,0.));
#37 = DEFINITIONAL_REPRESENTATION('',(#38),#42);
#38 = LINE('',#39,#40);
#39 = CARTESIAN_POINT('',(0.,0.));
#40 = VECTOR('',#41,1.);
#41 = DIRECTION('',(1.,0.));
#42 = ( GEOMETRIC_REPRESENTATION_CONTEXT(2)
PARAMETRIC_REPRESENTATION_CONTEXT() REPRESENTATION_CONTEXT('2D SPACE',''
  ) );
#43 = PCURVE('',#44,#49);
#44 = PLANE('',#45);
#45 = AXIS2_PLACEMENT_3D('',#46,#47,#48);
#46 = CARTESIAN_POINT('',(-0.75,0.,-1.749324324324));
#47 = DIRECTION('',(0.,1.,0.));
#48 = DIRECTION('',(0.,-0.,1.));
#49 = DEFINITIONAL_REPRESENTATION('',(#50),#54);
#50 = LINE('',#51,#52);
#51 = CARTESIAN_POINT('',(2.749324324324,-1.75));
#52 = VECTOR('',#53,1.);
#53 = DIRECTION('',(0.,1.));
#54 = ( GEOMETRIC_REPRESENTATION_CONTEXT(2)
PARAMETRIC_REPRESENTATION_CONTEXT() REPRESENTATION_CONTEXT('2D SPACE',''
  ) );
#55 = ORIENTED_EDGE('',*,*,#56,.T.);
#56 = EDGE_CURVE('',#22,#57,#59,.T.);
#57 = VERTEX_POINT('',#58);
#58 = CARTESIAN_POINT('',(-2.5,40.,1.));
#59 = SURFACE_CURVE('',#60,(#64,#71),.PCURVE_S1.);
#60 = LINE('',#61,#62);
#61 = CARTESIAN_POINT('',(-2.5,0.,1.));
#62 = VECTOR('',#63,1.);
#63 = DIRECTION('',(0.,1.,0.));
#64 = PCURVE('',#32,#65);
#65 = DEFINITIONAL_REPRESENTATION('',(#66),#70);
#66 = LINE('',#67,#68);
#67 = CARTESIAN_POINT('',(0.,0.));
#68 = VECTOR('',#69,1.);
#69 = DIRECTION('',(0.,-1.));
#70 = ( GEOMETRIC_REPRESENTATION_CONTEXT(2)
PARAMETRIC_REPRESENTATION_CONTEXT() REPRESENTATION_CONTEXT('2D SPACE',''
  ) );
#71 = PCURVE('',#72,#77);
#72 = PLANE('',#73);
#73 = AXIS2_PLACEMENT_3D('',#74,#75,#76);
#74 = CARTESIAN_POINT('',(-2.5,0.,-5.));
#75 = DIRECTION('',(1.,0.,0.));
#76 = DIRECTION('',(0.,0.,1.));
#77 = DEFINITIONAL_REPRESENTATION('',(#78),#82);
#78 = LINE('',#79,#80);
#79 = CARTESIAN_POINT('',(6.,0.));
#80 = VECTOR('',#81,1.);
#81 = DIRECTION('',(0.,-1.));
#82 = ( GEOMETRIC_REPRESENTATION_CONTEXT(2)
PARAMETRIC_REPRESENTATION_CONTEXT() REPRESENTATION_CONTEXT('2D SPACE',''
  ) );
#83 = ORIENTED_EDGE('',*,*,#84,.T.);
#84 = EDGE_CURVE('',#57,#85,#87,.T.);
#85 = VERTEX_POINT('',#86);
#86 = CARTESIAN_POINT('',(0.6,40.,1.));
#87 = SURFACE_CURVE('',#88,(#92,#99),.PCURVE_S1.);
#88 = LINE('',#89,#90);
#89 = CARTESIAN_POINT('',(-2.5,40.,1.));
#90 = VECTOR('',#91,1.);
#91 = DIRECTION('',(1.,0.,0.));
#92 = PCURVE('',#32,#93);
#93 = DEFINITIONAL_REPRESENTATION('',(#94),#98);
#94 = LINE('',#95,#96);
#95 = CARTESIAN_POINT('',(0.,-40.));
#96 = VECTOR('',#97,1.);
#97 = DIRECTION('',(1.,0.));
#98 = ( GEOMETRIC_REPRESENTATION_CONTEXT(2)
PARAMETRIC_REPRESENTATION_CONTEXT() REPRESENTATION_CONTEXT('2D SPACE',''
  ) );
#99 = PCURVE('',#100,#105);
#100 = PLANE('',#101);
#101 = AXIS2_PLACEMENT_3D('',#102,#103,#104);
#102 = CARTESIAN_POINT('',(-0.75,40.,-1.749324324324));
#103 = DIRECTION('',(0.,1.,0.));
#104 = DIRECTION('',(0.,-0.,1.));
#105 = DEFINITIONAL_REPRESENTATION('',(#106),#110);
#106 = LINE('',#107,#108);
#107 = CARTESIAN_POINT('',(2.749324324324,-1.75));
#108 = VECTOR('',#109,1.);
#109 = DIRECTION('',(0.,1.));
#110 = ( GEOMETRIC_REPRESENTATION_CONTEXT(2)
PARAMETRIC_REPRESENTATION_CONTEXT() REPRESENTATION_CONTEXT('2D SPACE',''
  ) );
#111 = ORIENTED_EDGE('',*,*,#112,.F.);
#112 = EDGE_CURVE('',#24,#85,#113,.T.);
#113 = SURFACE_CURVE('',#114,(#118,#125),.PCURVE_S1.);
#114 = LINE('',#115,#116);
#115 = CARTESIAN_POINT('',(0.6,0.,1.));
#116 = VECTOR('',#117,1.);
#117 = DIRECTION('',(0.,1.,0.));
#118 = PCURVE('',#32,#119);
#119 = DEFINITIONAL_REPRESENTATION('',(#120),#124);
#120 = LINE('',#121,#122);
#121 = CARTESIAN_POINT('',(3.1,0.));
#122 = VECTOR('',#123,1.);
#123 = DIRECTION('',(0.,-1.));
#124 = ( GEOMETRIC_REPRESENTATION_CONTEXT(2)
PARAMETRIC_REPRESENTATION_CONTEXT() REPRESENTATION_CONTEXT('2D SPACE',''
  ) );
#125 = PCURVE('',#126,#131);
#126 = CYLINDRICAL_SURFACE('',#127,0.4);
#127 = AXIS2_PLACEMENT_3D('',#128,#129,#130);
#128 = CARTESIAN_POINT('',(0.6,0.,0.6));
#129 = DIRECTION('',(0.,1.,0.));
#130 = DIRECTION('',(0.,-0.,1.));
#131 = DEFINITIONAL_REPRESENTATION('',(#132),#136);
#132 = LINE('',#133,#134);
#133 = CARTESIAN_POINT('',(0.,0.));
#134 = VECTOR('',#135,1.);
#135 = DIRECTION('',(0.,1.));
#136 = ( GEOMETRIC_REPRESENTATION_CONTEXT(2)
PARAMETRIC_REPRESENTATION_CONTEXT() REPRESENTATION_CONTEXT('2D SPACE',''
  ) );
#137 = ADVANCED_FACE('',(#138),#44,.F.);
#138 = FACE_BOUND('',#139,.F.);
#139 = EDGE_LOOP('',(#140,#141,#165,#193,#221,#249,#277,#305,#333));
#140 = ORIENTED_EDGE('',*,*,#21,.T.);
#141 = ORIENTED_EDGE('',*,*,#142,.T.);
#142 = EDGE_CURVE('',#24,#143,#145,.T.);
#143 = VERTEX_POINT('',#144);
#144 = CARTESIAN_POINT('',(1.,0.,0.6));
#145 = SURFACE_CURVE('',#146,(#151,#158),.PCURVE_S1.);
#146 = CIRCLE('',#147,0.4);
#147 = AXIS2_PLACEMENT_3D('',#148,#149,#150);
#148 = CARTESIAN_POINT('',(0.6,0.,0.6));
#149 = DIRECTION('',(0.,1.,0.));
#150 = DIRECTION('',(0.,-0.,1.));
#151 = PCURVE('',#44,#152);
#152 = DEFINITIONAL_REPRESENTATION('',(#153),#157);
#153 = CIRCLE('',#154,0.4);
#154 = AXIS2_PLACEMENT_2D('',#155,#156);
#155 = CARTESIAN_POINT('',(2.349324324324,1.35));
#156 = DIRECTION('',(1.,0.));
#157 = ( GEOMETRIC_REPRESENTATION_CONTEXT(2)
PARAMETRIC_REPRESENTATION_CONTEXT() REPRESENTATION_CONTEXT('2D SPACE',''
  ) );
#158 = PCURVE('',#126,#159);
#159 = DEFINITIONAL_REPRESENTATION('',(#160),#164);
#160 = LINE('',#161,#162);
#161 = CARTESIAN_POINT('',(0.,0.));
#162 = VECTOR('',#163,1.);
#163 = DIRECTION('',(1.,0.));
#164 = ( GEOMETRIC_REPRESENTATION_CONTEXT(2)
PARAMETRIC_REPRESENTATION_CONTEXT() REPRESENTATION_CONTEXT('2D SPACE',''
  ) );
#165 = ORIENTED_EDGE('',*,*,#166,.T.);
#166 = EDGE_CURVE('',#143,#167,#169,.T.);
#167 = VERTEX_POINT('',#168);
#168 = CARTESIAN_POINT('',(1.,0.,-5.));
#169 = SURFACE_CURVE('',#170,(#174,#181),.PCURVE_S1.);
#170 = LINE('',#171,#172);
#171 = CARTESIAN_POINT('',(1.,0.,1.));
#172 = VECTOR('',#173,1.);
#173 = DIRECTION('',(0.,0.,-1.));
#174 = PCURVE('',#44,#175);
#175 = DEFINITIONAL_REPRESENTATION('',(#176),#180);
#176 = LINE('',#177,#178);
#177 = CARTESIAN_POINT('',(2.749324324324,1.75));
#178 = VECTOR('',#179,1.);
#179 = DIRECTION('',(-1.,0.));
#180 = ( GEOMETRIC_REPRESENTATION_CONTEXT(2)
PARAMETRIC_REPRESENTATION_CONTEXT() REPRESENTATION_CONTEXT('2D SPACE',''
  ) );
#181 = PCURVE('',#182,#187);
#182 = PLANE('',#183);
#183 = AXIS2_PLACEMENT_3D('',#184,#185,#186);
#184 = CARTESIAN_POINT('',(1.,0.,1.));
#185 = DIRECTION('',(-1.,0.,0.));
#186 = DIRECTION('',(0.,0.,-1.));
#187 = DEFINITIONAL_REPRESENTATION('',(#188),#192);
#188 = LINE('',#189,#190);
#189 = CARTESIAN_POINT('',(0.,-0.));
#190 = VECTOR('',#191,1.);
#191 = DIRECTION('',(1.,0.));
#192 = ( GEOMETRIC_REPRESENTATION_CONTEXT(2)
PARAMETRIC_REPRESENTATION_CONTEXT() REPRESENTATION_CONTEXT('2D SPACE',''
  ) );
#193 = ORIENTED_EDGE('',*,*,#194,.T.);
#194 = EDGE_CURVE('',#167,#195,#197,.T.);
#195 = VERTEX_POINT('',#196);
#196 = CARTESIAN_POINT('',(0.3,0.,-5.));
#197 = SURFACE_CURVE('',#198,(#202,#209),.PCURVE_S1.);
#198 = LINE('',#199,#200);
#199 = CARTESIAN_POINT('',(1.,0.,-5.));
#200 = VECTOR('',#201,1.);
#201 = DIRECTION('',(-1.,0.,0.));
#202 = PCURVE('',#44,#203);
#203 = DEFINITIONAL_REPRESENTATION('',(#204),#208);
#204 = LINE('',#205,#206);
#205 = CARTESIAN_POINT('',(-3.250675675676,1.75));
#206 = VECTOR('',#207,1.);
#207 = DIRECTION('',(0.,-1.));
#208 = ( GEOMETRIC_REPRESENTATION_CONTEXT(2)
PARAMETRIC_REPRESENTATION_CONTEXT() REPRESENTATION_CONTEXT('2D SPACE',''
  ) );
#209 = PCURVE('',#210,#215);
#210 = PLANE('',#211);
#211 = AXIS2_PLACEMENT_3D('',#212,#213,#214);
#212 = CARTESIAN_POINT('',(1.,0.,-5.));
#213 = DIRECTION('',(0.,-0.,1.));
#214 = DIRECTION('',(-1.,0.,0.));
#215 = DEFINITIONAL_REPRESENTATION('',(#216),#220);
#216 = LINE('',#217,#218);
#217 = CARTESIAN_POINT('',(0.,0.));
#218 = VECTOR('',#219,1.);
#219 = DIRECTION('',(1.,0.));
#220 = ( GEOMETRIC_REPRESENTATION_CONTEXT(2)
PARAMETRIC_REPRESENTATION_CONTEXT() REPRESENTATION_CONTEXT('2D SPACE',''
  ) );
#221 = ORIENTED_EDGE('',*,*,#222,.T.);
#222 = EDGE_CURVE('',#195,#223,#225,.T.);
#223 = VERTEX_POINT('',#224);
#224 = CARTESIAN_POINT('',(0.3,0.,0.3));
#225 = SURFACE_CURVE('',#226,(#230,#237),.PCURVE_S1.);
#226 = LINE('',#227,#228);
#227 = CARTESIAN_POINT('',(0.3,0.,-5.));
#228 = VECTOR('',#229,1.);
#229 = DIRECTION('',(0.,0.,1.));
#230 = PCURVE('',#44,#231);
#231 = DEFINITIONAL_REPRESENTATION('',(#232),#236);
#232 = LINE('',#233,#234);
#233 = CARTESIAN_POINT('',(-3.250675675676,1.05));
#234 = VECTOR('',#235,1.);
#235 = DIRECTION('',(1.,0.));
#236 = ( GEOMETRIC_REPRESENTATION_CONTEXT(2)
PARAMETRIC_REPRESENTATION_CONTEXT() REPRESENTATION_CONTEXT('2D SPACE',''
  ) );
#237 = PCURVE('',#238,#243);
#238 = PLANE('',#239);
#239 = AXIS2_PLACEMENT_3D('',#240,#241,#242);
#240 = CARTESIAN_POINT('',(0.3,0.,-5.));
#241 = DIRECTION('',(1.,0.,0.));
#242 = DIRECTION('',(0.,0.,1.));
#243 = DEFINITIONAL_REPRESENTATION('',(#244),#248);
#244 = LINE('',#245,#246);
#245 = CARTESIAN_POINT('',(0.,0.));
#246 = VECTOR('',#247,1.);
#247 = DIRECTION('',(1.,0.));
#248 = ( GEOMETRIC_REPRESENTATION_CONTEXT(2)
PARAMETRIC_REPRESENTATION_CONTEXT() REPRESENTATION_CONTEXT('2D SPACE',''
  ) );
#249 = ORIENTED_EDGE('',*,*,#250,.T.);
#250 = EDGE_CURVE('',#223,#251,#253,.T.);
#251 = VERTEX_POINT('',#252);
#252 = CARTESIAN_POINT('',(-1.8,0.,0.3));
#253 = SURFACE_CURVE('',#254,(#258,#265),.PCURVE_S1.);
#254 = LINE('',#255,#256);
#255 = CARTESIAN_POINT('',(0.3,0.,0.3));
#256 = VECTOR('',#257,1.);
#257 = DIRECTION('',(-1.,0.,0.));
#258 = PCURVE('',#44,#259);
#259 = DEFINITIONAL_REPRESENTATION('',(#260),#264);
#260 = LINE('',#261,#262);
#261 = CARTESIAN_POINT('',(2.049324324324,1.05));
#262 = VECTOR('',#263,1.);
#263 = DIRECTION('',(0.,-1.));
#264 = ( GEOMETRIC_REPRESENTATION_CONTEXT(2)
PARAMETRIC_REPRESENTATION_CONTEXT() REPRESENTATION_CONTEXT('2D SPACE',''
  ) );
#265 = PCURVE('',#266,#271);
#266 = PLANE('',#267);
#267 = AXIS2_PLACEMENT_3D('',#268,#269,#270);
#268 = CARTESIAN_POINT('',(0.3,0.,0.3));
#269 = DIRECTION('',(0.,-0.,1.));
#270 = DIRECTION('',(-1.,0.,0.));
#271 = DEFINITIONAL_REPRESENTATION('',(#272),#276);
#272 = LINE('',#273,#274);
#273 = CARTESIAN_POINT('',(0.,0.));
#274 = VECTOR('',#275,1.);
#275 = DIRECTION('',(1.,0.));
#276 = ( GEOMETRIC_REPRESENTATION_CONTEXT(2)
PARAMETRIC_REPRESENTATION_CONTEXT() REPRESENTATION_CONTEXT('2D SPACE',''
  ) );
#277 = ORIENTED_EDGE('',*,*,#278,.T.);
#278 = EDGE_CURVE('',#251,#279,#281,.T.);
#279 = VERTEX_POINT('',#280);
#280 = CARTESIAN_POINT('',(-1.8,0.,-5.));
#281 = SURFACE_CURVE('',#282,(#286,#293),.PCURVE_S1.);
#282 = LINE('',#283,#284);
#283 = CARTESIAN_POINT('',(-1.8,0.,0.3));
#284 = VECTOR('',#285,1.);
#285 = DIRECTION('',(0.,0.,-1.));
#286 = PCURVE('',#44,#287);
#287 = DEFINITIONAL_REPRESENTATION('',(#288),#292);
#288 = LINE('',#289,#290);
#289 = CARTESIAN_POINT('',(2.049324324324,-1.05));
#290 = VECTOR('',#291,1.);
#291 = DIRECTION('',(-1.,0.));
#292 = ( GEOMETRIC_REPRESENTATION_CONTEXT(2)
PARAMETRIC_REPRESENTATION_CONTEXT() REPRESENTATION_CONTEXT('2D SPACE',''
  ) );
#293 = PCURVE('',#294,#299);
#294 = PLANE('',#295);
#295 = AXIS2_PLACEMENT_3D('',#296,#297,#298);
#296 = CARTESIAN_POINT('',(-1.8,0.,0.3));
#297 = DIRECTION('',(-1.,0.,0.));
#298 = DIRECTION('',(0.,0.,-1.));
#299 = DEFINITIONAL_REPRESENTATION('',(#300),#304);
#300 = LINE('',#301,#302);
#301 = CARTESIAN_POINT('',(0.,-0.));
#302 = VECTOR('',#303,1.);
#303 = DIRECTION('',(1.,0.));
#304 = ( GEOMETRIC_REPRESENTATION_CONTEXT(2)
PARAMETRIC_REPRESENTATION_CONTEXT() REPRESENTATION_CONTEXT('2D SPACE',''
  ) );
#305 = ORIENTED_EDGE('',*,*,#306,.T.);
#306 = EDGE_CURVE('',#279,#307,#309,.T.);
#307 = VERTEX_POINT('',#308);
#308 = CARTESIAN_POINT('',(-2.5,0.,-5.));
#309 = SURFACE_CURVE('',#310,(#314,#321),.PCURVE_S1.);
#310 = LINE('',#311,#312);
#311 = CARTESIAN_POINT('',(-1.8,0.,-5.));
#312 = VECTOR('',#313,1.);
#313 = DIRECTION('',(-1.,0.,0.));
#314 = PCURVE('',#44,#315);
#315 = DEFINITIONAL_REPRESENTATION('',(#316),#320);
#316 = LINE('',#317,#318);
#317 = CARTESIAN_POINT('',(-3.250675675676,-1.05));
#318 = VECTOR('',#319,1.);
#319 = DIRECTION('',(0.,-1.));
#320 = ( GEOMETRIC_REPRESENTATION_CONTEXT(2)
PARAMETRIC_REPRESENTATION_CONTEXT() REPRESENTATION_CONTEXT('2D SPACE',''
  ) );
#321 = PCURVE('',#322,#327);
#322 = PLANE('',#323);
#323 = AXIS2_PLACEMENT_3D('',#324,#325,#326);
#324 = CARTESIAN_POINT('',(-1.8,0.,-5.));
#325 = DIRECTION('',(0.,-0.,1.));
#326 = DIRECTION('',(-1.,0.,0.));
#327 = DEFINITIONAL_REPRESENTATION('',(#328),#332);
#328 = LINE('',#329,#330);
#329 = CARTESIAN_POINT('',(0.,0.));
#330 = VECTOR('',#331,1.);
#331 = DIRECTION('',(1.,0.));
#332 = ( GEOMETRIC_REPRESENTATION_CONTEXT(2)
PARAMETRIC_REPRESENTATION_CONTEXT() REPRESENTATION_CONTEXT('2D SPACE',''
  ) );
#333 = ORIENTED_EDGE('',*,*,#334,.T.);
#334 = EDGE_CURVE('',#307,#22,#335,.T.);
#335 = SURFACE_CURVE('',#336,(#340,#347),.PCURVE_S1.);
#336 = LINE('',#337,#338);
#337 = CARTESIAN_POINT('',(-2.5,0.,-5.));
#338 = VECTOR('',#339,1.);
#339 = DIRECTION('',(0.,0.,1.));
#340 = PCURVE('',#44,#341);
#341 = DEFINITIONAL_REPRESENTATION('',(#342),#346);
#342 = LINE('',#343,#344);
#343 = CARTESIAN_POINT('',(-3.250675675676,-1.75));
#344 = VECTOR('',#345,1.);
#345 = DIRECTION('',(1.,0.));
#346 = ( GEOMETRIC_REPRESENTATION_CONTEXT(2)
PARAMETRIC_REPRESENTATION_CONTEXT() REPRESENTATION_CONTEXT('2D SPACE',''
  ) );
#347 = PCURVE('',#72,#348);
#348 = DEFINITIONAL_REPRESENTATION('',(#349),#353);
#349 = LINE('',#350,#351);
#350 = CARTESIAN_POINT('',(0.,0.));
#351 = VECTOR('',#352,1.);
#352 = DIRECTION('',(1.,0.));
#353 = ( GEOMETRIC_REPRESENTATION_CONTEXT(2)
PARAMETRIC_REPRESENTATION_CONTEXT() REPRESENTATION_CONTEXT('2D SPACE',''
  ) );
#354 = ADVANCED_FACE('',(#355),#126,.T.);
#355 = FACE_BOUND('',#356,.T.);
#356 = EDGE_LOOP('',(#357,#358,#381,#403));
#357 = ORIENTED_EDGE('',*,*,#142,.T.);
#358 = ORIENTED_EDGE('',*,*,#359,.T.);
#359 = EDGE_CURVE('',#143,#360,#362,.T.);
#360 = VERTEX_POINT('',#361);
#361 = CARTESIAN_POINT('',(1.,40.,0.6));
#362 = SURFACE_CURVE('',#363,(#367,#374),.PCURVE_S1.);
#363 = LINE('',#364,#365);
#364 = CARTESIAN_POINT('',(1.,0.,0.6));
#365 = VECTOR('',#366,1.);
#366 = DIRECTION('',(0.,1.,0.));
#367 = PCURVE('',#126,#368);
#368 = DEFINITIONAL_REPRESENTATION('',(#369),#373);
#369 = LINE('',#370,#371);
#370 = CARTESIAN_POINT('',(1.570796326795,0.));
#371 = VECTOR('',#372,1.);
#372 = DIRECTION('',(0.,1.));
#373 = ( GEOMETRIC_REPRESENTATION_CONTEXT(2)
PARAMETRIC_REPRESENTATION_CONTEXT() REPRESENTATION_CONTEXT('2D SPACE',''
  ) );
#374 = PCURVE('',#182,#375);
#375 = DEFINITIONAL_REPRESENTATION('',(#376),#380);
#376 = LINE('',#377,#378);
#377 = CARTESIAN_POINT('',(0.4,0.));
#378 = VECTOR('',#379,1.);
#379 = DIRECTION('',(0.,-1.));
#380 = ( GEOMETRIC_REPRESENTATION_CONTEXT(2)
PARAMETRIC_REPRESENTATION_CONTEXT() REPRESENTATION_CONTEXT('2D SPACE',''
  ) );
#381 = ORIENTED_EDGE('',*,*,#382,.F.);
#382 = EDGE_CURVE('',#85,#360,#383,.T.);
#383 = SURFACE_CURVE('',#384,(#389,#396),.PCURVE_S1.);
#384 = CIRCLE('',#385,0.4);
#385 = AXIS2_PLACEMENT_3D('',#386,#387,#388);
#386 = CARTESIAN_POINT('',(0.6,40.,0.6));
#387 = DIRECTION('',(0.,1.,0.));
#388 = DIRECTION('',(0.,-0.,1.));
#389 = PCURVE('',#126,#390);
#390 = DEFINITIONAL_REPRESENTATION('',(#391),#395);
#391 = LINE('',#392,#393);
#392 = CARTESIAN_POINT('',(0.,40.));
#393 = VECTOR('',#394,1.);
#394 = DIRECTION('',(1.,0.));
#395 = ( GEOMETRIC_REPRESENTATION_CONTEXT(2)
PARAMETRIC_REPRESENTATION_CONTEXT() REPRESENTATION_CONTEXT('2D SPACE',''
  ) );
#396 = PCURVE('',#100,#397);
#397 = DEFINITIONAL_REPRESENTATION('',(#398),#402);
#398 = CIRCLE('',#399,0.4);
#399 = AXIS2_PLACEMENT_2D('',#400,#401);
#400 = CARTESIAN_POINT('',(2.349324324324,1.35));
#401 = DIRECTION('',(1.,0.));
#402 = ( GEOMETRIC_REPRESENTATION_CONTEXT(2)
PARAMETRIC_REPRESENTATION_CONTEXT() REPRESENTATION_CONTEXT('2D SPACE',''
  ) );
#403 = ORIENTED_EDGE('',*,*,#112,.F.);
#404 = ADVANCED_FACE('',(#405),#72,.F.);
#405 = FACE_BOUND('',#406,.F.);
#406 = EDGE_LOOP('',(#407,#430,#451,#452));
#407 = ORIENTED_EDGE('',*,*,#408,.T.);
#408 = EDGE_CURVE('',#307,#409,#411,.T.);
#409 = VERTEX_POINT('',#410);
#410 = CARTESIAN_POINT('',(-2.5,40.,-5.));
#411 = SURFACE_CURVE('',#412,(#416,#423),.PCURVE_S1.);
#412 = LINE('',#413,#414);
#413 = CARTESIAN_POINT('',(-2.5,0.,-5.));
#414 = VECTOR('',#415,1.);
#415 = DIRECTION('',(0.,1.,0.));
#416 = PCURVE('',#72,#417);
#417 = DEFINITIONAL_REPRESENTATION('',(#418),#422);
#418 = LINE('',#419,#420);
#419 = CARTESIAN_POINT('',(0.,0.));
#420 = VECTOR('',#421,1.);
#421 = DIRECTION('',(0.,-1.));
#422 = ( GEOMETRIC_REPRESENTATION_CONTEXT(2)
PARAMETRIC_REPRESENTATION_CONTEXT() REPRESENTATION_CONTEXT('2D SPACE',''
  ) );
#423 = PCURVE('',#322,#424);
#424 = DEFINITIONAL_REPRESENTATION('',(#425),#429);
#425 = LINE('',#426,#427);
#426 = CARTESIAN_POINT('',(0.7,0.));
#427 = VECTOR('',#428,1.);
#428 = DIRECTION('',(0.,-1.));
#429 = ( GEOMETRIC_REPRESENTATION_CONTEXT(2)
PARAMETRIC_REPRESENTATION_CONTEXT() REPRESENTATION_CONTEXT('2D SPACE',''
  ) );
#430 = ORIENTED_EDGE('',*,*,#431,.T.);
#431 = EDGE_CURVE('',#409,#57,#432,.T.);
#432 = SURFACE_CURVE('',#433,(#437,#444),.PCURVE_S1.);
#433 = LINE('',#434,#435);
#434 = CARTESIAN_POINT('',(-2.5,40.,-5.));
#435 = VECTOR('',#436,1.);
#436 = DIRECTION('',(0.,0.,1.));
#437 = PCURVE('',#72,#438);
#438 = DEFINITIONAL_REPRESENTATION('',(#439),#443);
#439 = LINE('',#440,#441);
#440 = CARTESIAN_POINT('',(0.,-40.));
#441 = VECTOR('',#442,1.);
#442 = DIRECTION('',(1.,0.));
#443 = ( GEOMETRIC_REPRESENTATION_CONTEXT(2)
PARAMETRIC_REPRESENTATION_CONTEXT() REPRESENTATION_CONTEXT('2D SPACE',''
  ) );
#444 = PCURVE('',#100,#445);
#445 = DEFINITIONAL_REPRESENTATION('',(#446),#450);
#446 = LINE('',#447,#448);
#447 = CARTESIAN_POINT('',(-3.250675675676,-1.75));
#448 = VECTOR('',#449,1.);
#449 = DIRECTION('',(1.,0.));
#450 = ( GEOMETRIC_REPRESENTATION_CONTEXT(2)
PARAMETRIC_REPRESENTATION_CONTEXT() REPRESENTATION_CONTEXT('2D SPACE',''
  ) );
#451 = ORIENTED_EDGE('',*,*,#56,.F.);
#452 = ORIENTED_EDGE('',*,*,#334,.F.);
#453 = ADVANCED_FACE('',(#454),#100,.T.);
#454 = FACE_BOUND('',#455,.T.);
#455 = EDGE_LOOP('',(#456,#457,#458,#481,#504,#527,#550,#573,#594));
#456 = ORIENTED_EDGE('',*,*,#84,.T.);
#457 = ORIENTED_EDGE('',*,*,#382,.T.);
#458 = ORIENTED_EDGE('',*,*,#459,.T.);
#459 = EDGE_CURVE('',#360,#460,#462,.T.);
#460 = VERTEX_POINT('',#461);
#461 = CARTESIAN_POINT('',(1.,40.,-5.));
#462 = SURFACE_CURVE('',#463,(#467,#474),.PCURVE_S1.);
#463 = LINE('',#464,#465);
#464 = CARTESIAN_POINT('',(1.,40.,1.));
#465 = VECTOR('',#466,1.);
#466 = DIRECTION('',(0.,0.,-1.));
#467 = PCURVE('',#100,#468);
#468 = DEFINITIONAL_REPRESENTATION('',(#469),#473);
#469 = LINE('',#470,#471);
#470 = CARTESIAN_POINT('',(2.749324324324,1.75));
#471 = VECTOR('',#472,1.);
#472 = DIRECTION('',(-1.,0.));
#473 = ( GEOMETRIC_REPRESENTATION_CONTEXT(2)
PARAMETRIC_REPRESENTATION_CONTEXT() REPRESENTATION_CONTEXT('2D SPACE',''
  ) );
#474 = PCURVE('',#182,#475);
#475 = DEFINITIONAL_REPRESENTATION('',(#476),#480);
#476 = LINE('',#477,#478);
#477 = CARTESIAN_POINT('',(0.,-40.));
#478 = VECTOR('',#479,1.);
#479 = DIRECTION('',(1.,0.));
#480 = ( GEOMETRIC_REPRESENTATION_CONTEXT(2)
PARAMETRIC_REPRESENTATION_CONTEXT() REPRESENTATION_CONTEXT('2D SPACE',''
  ) );
#481 = ORIENTED_EDGE('',*,*,#482,.T.);
#482 = EDGE_CURVE('',#460,#483,#485,.T.);
#483 = VERTEX_POINT('',#484);
#484 = CARTESIAN_POINT('',(0.3,40.,-5.));
#485 = SURFACE_CURVE('',#486,(#490,#497),.PCURVE_S1.);
#486 = LINE('',#487,#488);
#487 = CARTESIAN_POINT('',(1.,40.,-5.));
#488 = VECTOR('',#489,1.);
#489 = DIRECTION('',(-1.,0.,0.));
#490 = PCURVE('',#100,#491);
#491 = DEFINITIONAL_REPRESENTATION('',(#492),#496);
#492 = LINE('',#493,#494);
#493 = CARTESIAN_POINT('',(-3.250675675676,1.75));
#494 = VECTOR('',#495,1.);
#495 = DIRECTION('',(0.,-1.));
#496 = ( GEOMETRIC_REPRESENTATION_CONTEXT(2)
PARAMETRIC_REPRESENTATION_CONTEXT() REPRESENTATION_CONTEXT('2D SPACE',''
  ) );
#497 = PCURVE('',#210,#498);
#498 = DEFINITIONAL_REPRESENTATION('',(#499),#503);
#499 = LINE('',#500,#501);
#500 = CARTESIAN_POINT('',(0.,-40.));
#501 = VECTOR('',#502,1.);
#502 = DIRECTION('',(1.,0.));
#503 = ( GEOMETRIC_REPRESENTATION_CONTEXT(2)
PARAMETRIC_REPRESENTATION_CONTEXT() REPRESENTATION_CONTEXT('2D SPACE',''
  ) );
#504 = ORIENTED_EDGE('',*,*,#505,.T.);
#505 = EDGE_CURVE('',#483,#506,#508,.T.);
#506 = VERTEX_POINT('',#507);
#507 = CARTESIAN_POINT('',(0.3,40.,0.3));
#508 = SURFACE_CURVE('',#509,(#513,#520),.PCURVE_S1.);
#509 = LINE('',#510,#511);
#510 = CARTESIAN_POINT('',(0.3,40.,-5.));
#511 = VECTOR('',#512,1.);
#512 = DIRECTION('',(0.,0.,1.));
#513 = PCURVE('',#100,#514);
#514 = DEFINITIONAL_REPRESENTATION('',(#515),#519);
#515 = LINE('',#516,#517);
#516 = CARTESIAN_POINT('',(-3.250675675676,1.05));
#517 = VECTOR('',#518,1.);
#518 = DIRECTION('',(1.,0.));
#519 = ( GEOMETRIC_REPRESENTATION_CONTEXT(2)
PARAMETRIC_REPRESENTATION_CONTEXT() REPRESENTATION_CONTEXT('2D SPACE',''
  ) );
#520 = PCURVE('',#238,#521);
#521 = DEFINITIONAL_REPRESENTATION('',(#522),#526);
#522 = LINE('',#523,#524);
#523 = CARTESIAN_POINT('',(0.,-40.));
#524 = VECTOR('',#525,1.);
#525 = DIRECTION('',(1.,0.));
#526 = ( GEOMETRIC_REPRESENTATION_CONTEXT(2)
PARAMETRIC_REPRESENTATION_CONTEXT() REPRESENTATION_CONTEXT('2D SPACE',''
  ) );
#527 = ORIENTED_EDGE('',*,*,#528,.T.);
#528 = EDGE_CURVE('',#506,#529,#531,.T.);
#529 = VERTEX_POINT('',#530);
#530 = CARTESIAN_POINT('',(-1.8,40.,0.3));
#531 = SURFACE_CURVE('',#532,(#536,#543),.PCURVE_S1.);
#532 = LINE('',#533,#534);
#533 = CARTESIAN_POINT('',(0.3,40.,0.3));
#534 = VECTOR('',#535,1.);
#535 = DIRECTION('',(-1.,0.,0.));
#536 = PCURVE('',#100,#537);
#537 = DEFINITIONAL_REPRESENTATION('',(#538),#542);
#538 = LINE('',#539,#540);
#539 = CARTESIAN_POINT('',(2.049324324324,1.05));
#540 = VECTOR('',#541,1.);
#541 = DIRECTION('',(0.,-1.));
#542 = ( GEOMETRIC_REPRESENTATION_CONTEXT(2)
PARAMETRIC_REPRESENTATION_CONTEXT() REPRESENTATION_CONTEXT('2D SPACE',''
  ) );
#543 = PCURVE('',#266,#544);
#544 = DEFINITIONAL_REPRESENTATION('',(#545),#549);
#545 = LINE('',#546,#547);
#546 = CARTESIAN_POINT('',(0.,-40.));
#547 = VECTOR('',#548,1.);
#548 = DIRECTION('',(1.,0.));
#549 = ( GEOMETRIC_REPRESENTATION_CONTEXT(2)
PARAMETRIC_REPRESENTATION_CONTEXT() REPRESENTATION_CONTEXT('2D SPACE',''
  ) );
#550 = ORIENTED_EDGE('',*,*,#551,.T.);
#551 = EDGE_CURVE('',#529,#552,#554,.T.);
#552 = VERTEX_POINT('',#553);
#553 = CARTESIAN_POINT('',(-1.8,40.,-5.));
#554 = SURFACE_CURVE('',#555,(#559,#566),.PCURVE_S1.);
#555 = LINE('',#556,#557);
#556 = CARTESIAN_POINT('',(-1.8,40.,0.3));
#557 = VECTOR('',#558,1.);
#558 = DIRECTION('',(0.,0.,-1.));
#559 = PCURVE('',#100,#560);
#560 = DEFINITIONAL_REPRESENTATION('',(#561),#565);
#561 = LINE('',#562,#563);
#562 = CARTESIAN_POINT('',(2.049324324324,-1.05));
#563 = VECTOR('',#564,1.);
#564 = DIRECTION('',(-1.,0.));
#565 = ( GEOMETRIC_REPRESENTATION_CONTEXT(2)
PARAMETRIC_REPRESENTATION_CONTEXT() REPRESENTATION_CONTEXT('2D SPACE',''
  ) );
#566 = PCURVE('',#294,#567);
#567 = DEFINITIONAL_REPRESENTATION('',(#568),#572);
#568 = LINE('',#569,#570);
#569 = CARTESIAN_POINT('',(0.,-40.));
#570 = VECTOR('',#571,1.);
#571 = DIRECTION('',(1.,0.));
#572 = ( GEOMETRIC_REPRESENTATION_CONTEXT(2)
PARAMETRIC_REPRESENTATION_CONTEXT() REPRESENTATION_CONTEXT('2D SPACE',''
  ) );
#573 = ORIENTED_EDGE('',*,*,#574,.T.);
#574 = EDGE_CURVE('',#552,#409,#575,.T.);
#575 = SURFACE_CURVE('',#576,(#580,#587),.PCURVE_S1.);
#576 = LINE('',#577,#578);
#577 = CARTESIAN_POINT('',(-1.8,40.,-5.));
#578 = VECTOR('',#579,1.);
#579 = DIRECTION('',(-1.,0.,0.));
#580 = PCURVE('',#100,#581);
#581 = DEFINITIONAL_REPRESENTATION('',(#582),#586);
#582 = LINE('',#583,#584);
#583 = CARTESIAN_POINT('',(-3.250675675676,-1.05));
#584 = VECTOR('',#585,1.);
#585 = DIRECTION('',(0.,-1.));
#586 = ( GEOMETRIC_REPRESENTATION_CONTEXT(2)
PARAMETRIC_REPRESENTATION_CONTEXT() REPRESENTATION_CONTEXT('2D SPACE',''
  ) );
#587 = PCURVE('',#322,#588);
#588 = DEFINITIONAL_REPRESENTATION('',(#589),#593);
#589 = LINE('',#590,#591);
#590 = CARTESIAN_POINT('',(0.,-40.));
#591 = VECTOR('',#592,1.);
#592 = DIRECTION('',(1.,0.));
#593 = ( GEOMETRIC_REPRESENTATION_CONTEXT(2)
PARAMETRIC_REPRESENTATION_CONTEXT() REPRESENTATION_CONTEXT('2D SPACE',''
  ) );
#594 = ORIENTED_EDGE('',*,*,#431,.T.);
#595 = ADVANCED_FACE('',(#596,#622,#1390,#1692,#1806,#2036),#182,.F.);
#596 = FACE_BOUND('',#597,.F.);
#597 = EDGE_LOOP('',(#598,#599,#600,#601));
#598 = ORIENTED_EDGE('',*,*,#166,.F.);
#599 = ORIENTED_EDGE('',*,*,#359,.T.);
#600 = ORIENTED_EDGE('',*,*,#459,.T.);
#601 = ORIENTED_EDGE('',*,*,#602,.F.);
#602 = EDGE_CURVE('',#167,#460,#603,.T.);
#603 = SURFACE_CURVE('',#604,(#608,#615),.PCURVE_S1.);
#604 = LINE('',#605,#606);
#605 = CARTESIAN_POINT('',(1.,0.,-5.));
#606 = VECTOR('',#607,1.);
#607 = DIRECTION('',(0.,1.,0.));
#608 = PCURVE('',#182,#609);
#609 = DEFINITIONAL_REPRESENTATION('',(#610),#614);
#610 = LINE('',#611,#612);
#611 = CARTESIAN_POINT('',(6.,0.));
#612 = VECTOR('',#613,1.);
#613 = DIRECTION('',(0.,-1.));
#614 = ( GEOMETRIC_REPRESENTATION_CONTEXT(2)
PARAMETRIC_REPRESENTATION_CONTEXT() REPRESENTATION_CONTEXT('2D SPACE',''
  ) );
#615 = PCURVE('',#210,#616);
#616 = DEFINITIONAL_REPRESENTATION('',(#617),#621);
#617 = LINE('',#618,#619);
#618 = CARTESIAN_POINT('',(0.,0.));
#619 = VECTOR('',#620,1.);
#620 = DIRECTION('',(0.,-1.));
#621 = ( GEOMETRIC_REPRESENTATION_CONTEXT(2)
PARAMETRIC_REPRESENTATION_CONTEXT() REPRESENTATION_CONTEXT('2D SPACE',''
  ) );
#622 = FACE_BOUND('',#623,.F.);
#623 = EDGE_LOOP('',(#624,#654,#682,#710,#740,#770,#800,#830,#860,#890,
    #920,#948,#978,#1008,#1038,#1068,#1098,#1128,#1158,#1188,#1218,#1248
    ,#1278,#1308,#1336,#1364));
#624 = ORIENTED_EDGE('',*,*,#625,.F.);
#625 = EDGE_CURVE('',#626,#628,#630,.T.);
#626 = VERTEX_POINT('',#627);
#627 = CARTESIAN_POINT('',(1.,21.999801432292,-1.490198679606));
#628 = VERTEX_POINT('',#629);
#629 = CARTESIAN_POINT('',(1.,22.805,-1.490198679606));
#630 = SURFACE_CURVE('',#631,(#635,#642),.PCURVE_S1.);
#631 = LINE('',#632,#633);
#632 = CARTESIAN_POINT('',(1.,21.999801432292,-1.490198679606));
#633 = VECTOR('',#634,1.);
#634 = DIRECTION('',(0.,1.,0.));
#635 = PCURVE('',#182,#636);
#636 = DEFINITIONAL_REPRESENTATION('',(#637),#641);
#637 = LINE('',#638,#639);
#638 = CARTESIAN_POINT('',(2.490198679606,-21.99980143229));
#639 = VECTOR('',#640,1.);
#640 = DIRECTION('',(0.,-1.));
#641 = ( GEOMETRIC_REPRESENTATION_CONTEXT(2)
PARAMETRIC_REPRESENTATION_CONTEXT() REPRESENTATION_CONTEXT('2D SPACE',''
  ) );
#642 = PCURVE('',#643,#648);
#643 = PLANE('',#644);
#644 = AXIS2_PLACEMENT_3D('',#645,#646,#647);
#645 = CARTESIAN_POINT('',(1.,21.999801432292,-1.490198679606));
#646 = DIRECTION('',(0.,0.,1.));
#647 = DIRECTION('',(0.,1.,0.));
#648 = DEFINITIONAL_REPRESENTATION('',(#649),#653);
#649 = LINE('',#650,#651);
#650 = CARTESIAN_POINT('',(0.,0.));
#651 = VECTOR('',#652,1.);
#652 = DIRECTION('',(1.,0.));
#653 = ( GEOMETRIC_REPRESENTATION_CONTEXT(2)
PARAMETRIC_REPRESENTATION_CONTEXT() REPRESENTATION_CONTEXT('2D SPACE',''
  ) );
#654 = ORIENTED_EDGE('',*,*,#655,.F.);
#655 = EDGE_CURVE('',#656,#626,#658,.T.);
#656 = VERTEX_POINT('',#657);
#657 = CARTESIAN_POINT('',(1.,21.883198567708,-2.339397247314));
#658 = SURFACE_CURVE('',#659,(#663,#670),.PCURVE_S1.);
#659 = LINE('',#660,#661);
#660 = CARTESIAN_POINT('',(1.,21.883198567708,-2.339397247314));
#661 = VECTOR('',#662,1.);
#662 = DIRECTION('',(0.,0.136032920634,0.990704317394));
#663 = PCURVE('',#182,#664);
#664 = DEFINITIONAL_REPRESENTATION('',(#665),#669);
#665 = LINE('',#666,#667);
#666 = CARTESIAN_POINT('',(3.339397247314,-21.8831985677));
#667 = VECTOR('',#668,1.);
#668 = DIRECTION('',(-0.990704317394,-0.136032920634));
#669 = ( GEOMETRIC_REPRESENTATION_CONTEXT(2)
PARAMETRIC_REPRESENTATION_CONTEXT() REPRESENTATION_CONTEXT('2D SPACE',''
  ) );
#670 = PCURVE('',#671,#676);
#671 = PLANE('',#672);
#672 = AXIS2_PLACEMENT_3D('',#673,#674,#675);
#673 = CARTESIAN_POINT('',(1.,21.883198567708,-2.339397247314));
#674 = DIRECTION('',(0.,-0.990704317394,0.136032920634));
#675 = DIRECTION('',(0.,0.136032920634,0.990704317394));
#676 = DEFINITIONAL_REPRESENTATION('',(#677),#681);
#677 = LINE('',#678,#679);
#678 = CARTESIAN_POINT('',(0.,0.));
#679 = VECTOR('',#680,1.);
#680 = DIRECTION('',(1.,0.));
#681 = ( GEOMETRIC_REPRESENTATION_CONTEXT(2)
PARAMETRIC_REPRESENTATION_CONTEXT() REPRESENTATION_CONTEXT('2D SPACE',''
  ) );
#682 = ORIENTED_EDGE('',*,*,#683,.F.);
#683 = EDGE_CURVE('',#684,#656,#686,.T.);
#684 = VERTEX_POINT('',#685);
#685 = CARTESIAN_POINT('',(1.,22.061404296875,-2.339397247314));
#686 = SURFACE_CURVE('',#687,(#691,#698),.PCURVE_S1.);
#687 = LINE('',#688,#689);
#688 = CARTESIAN_POINT('',(1.,22.061404296875,-2.339397247314));
#689 = VECTOR('',#690,1.);
#690 = DIRECTION('',(0.,-1.,0.));
#691 = PCURVE('',#182,#692);
#692 = DEFINITIONAL_REPRESENTATION('',(#693),#697);
#693 = LINE('',#694,#695);
#694 = CARTESIAN_POINT('',(3.339397247314,-22.06140429687));
#695 = VECTOR('',#696,1.);
#696 = DIRECTION('',(0.,1.));
#697 = ( GEOMETRIC_REPRESENTATION_CONTEXT(2)
PARAMETRIC_REPRESENTATION_CONTEXT() REPRESENTATION_CONTEXT('2D SPACE',''
  ) );
#698 = PCURVE('',#699,#704);
#699 = PLANE('',#700);
#700 = AXIS2_PLACEMENT_3D('',#701,#702,#703);
#701 = CARTESIAN_POINT('',(1.,22.061404296875,-2.339397247314));
#702 = DIRECTION('',(0.,0.,-1.));
#703 = DIRECTION('',(0.,-1.,0.));
#704 = DEFINITIONAL_REPRESENTATION('',(#705),#709);
#705 = LINE('',#706,#707);
#706 = CARTESIAN_POINT('',(0.,-0.));
#707 = VECTOR('',#708,1.);
#708 = DIRECTION('',(1.,0.));
#709 = ( GEOMETRIC_REPRESENTATION_CONTEXT(2)
PARAMETRIC_REPRESENTATION_CONTEXT() REPRESENTATION_CONTEXT('2D SPACE',''
  ) );
#710 = ORIENTED_EDGE('',*,*,#711,.F.);
#711 = EDGE_CURVE('',#712,#684,#714,.T.);
#712 = VERTEX_POINT('',#713);
#713 = CARTESIAN_POINT('',(1.,22.193400716146,-2.226099395752));
#714 = SURFACE_CURVE('',#715,(#719,#726),.PCURVE_S1.);
#715 = B_SPLINE_CURVE_WITH_KNOTS('',2,(#716,#717,#718),.UNSPECIFIED.,.F.
  ,.F.,(3,3),(0.,1.),.PIECEWISE_BEZIER_KNOTS.);
#716 = CARTESIAN_POINT('',(1.,22.193400716146,-2.226099395752));
#717 = CARTESIAN_POINT('',(1.,22.129602864583,-2.258000111898));
#718 = CARTESIAN_POINT('',(1.,22.061404296875,-2.339397247314));
#719 = PCURVE('',#182,#720);
#720 = DEFINITIONAL_REPRESENTATION('',(#721),#725);
#721 = B_SPLINE_CURVE_WITH_KNOTS('',2,(#722,#723,#724),.UNSPECIFIED.,.F.
  ,.F.,(3,3),(0.,1.),.PIECEWISE_BEZIER_KNOTS.);
#722 = CARTESIAN_POINT('',(3.226099395752,-22.19340071614));
#723 = CARTESIAN_POINT('',(3.258000111898,-22.12960286458));
#724 = CARTESIAN_POINT('',(3.339397247314,-22.06140429687));
#725 = ( GEOMETRIC_REPRESENTATION_CONTEXT(2)
PARAMETRIC_REPRESENTATION_CONTEXT() REPRESENTATION_CONTEXT('2D SPACE',''
  ) );
#726 = PCURVE('',#727,#734);
#727 = SURFACE_OF_LINEAR_EXTRUSION('',#728,#732);
#728 = B_SPLINE_CURVE_WITH_KNOTS('',2,(#729,#730,#731),.UNSPECIFIED.,.F.
  ,.F.,(3,3),(0.,1.),.PIECEWISE_BEZIER_KNOTS.);
#729 = CARTESIAN_POINT('',(1.,22.193400716146,-2.226099395752));
#730 = CARTESIAN_POINT('',(1.,22.129602864583,-2.258000111898));
#731 = CARTESIAN_POINT('',(1.,22.061404296875,-2.339397247314));
#732 = VECTOR('',#733,1.);
#733 = DIRECTION('',(-1.,-0.,-0.));
#734 = DEFINITIONAL_REPRESENTATION('',(#735),#739);
#735 = LINE('',#736,#737);
#736 = CARTESIAN_POINT('',(0.,0.));
#737 = VECTOR('',#738,1.);
#738 = DIRECTION('',(1.,0.));
#739 = ( GEOMETRIC_REPRESENTATION_CONTEXT(2)
PARAMETRIC_REPRESENTATION_CONTEXT() REPRESENTATION_CONTEXT('2D SPACE',''
  ) );
#740 = ORIENTED_EDGE('',*,*,#741,.F.);
#741 = EDGE_CURVE('',#742,#712,#744,.T.);
#742 = VERTEX_POINT('',#743);
#743 = CARTESIAN_POINT('',(1.,22.347404296875,-2.194198679606));
#744 = SURFACE_CURVE('',#745,(#749,#756),.PCURVE_S1.);
#745 = B_SPLINE_CURVE_WITH_KNOTS('',2,(#746,#747,#748),.UNSPECIFIED.,.F.
  ,.F.,(3,3),(0.,1.),.PIECEWISE_BEZIER_KNOTS.);
#746 = CARTESIAN_POINT('',(1.,22.347404296875,-2.194198679606));
#747 = CARTESIAN_POINT('',(1.,22.257198567708,-2.194198679606));
#748 = CARTESIAN_POINT('',(1.,22.193400716146,-2.226099395752));
#749 = PCURVE('',#182,#750);
#750 = DEFINITIONAL_REPRESENTATION('',(#751),#755);
#751 = B_SPLINE_CURVE_WITH_KNOTS('',2,(#752,#753,#754),.UNSPECIFIED.,.F.
  ,.F.,(3,3),(0.,1.),.PIECEWISE_BEZIER_KNOTS.);
#752 = CARTESIAN_POINT('',(3.194198679606,-22.34740429687));
#753 = CARTESIAN_POINT('',(3.194198679606,-22.2571985677));
#754 = CARTESIAN_POINT('',(3.226099395752,-22.19340071614));
#755 = ( GEOMETRIC_REPRESENTATION_CONTEXT(2)
PARAMETRIC_REPRESENTATION_CONTEXT() REPRESENTATION_CONTEXT('2D SPACE',''
  ) );
#756 = PCURVE('',#757,#764);
#757 = SURFACE_OF_LINEAR_EXTRUSION('',#758,#762);
#758 = B_SPLINE_CURVE_WITH_KNOTS('',2,(#759,#760,#761),.UNSPECIFIED.,.F.
  ,.F.,(3,3),(0.,1.),.PIECEWISE_BEZIER_KNOTS.);
#759 = CARTESIAN_POINT('',(1.,22.347404296875,-2.194198679606));
#760 = CARTESIAN_POINT('',(1.,22.257198567708,-2.194198679606));
#761 = CARTESIAN_POINT('',(1.,22.193400716146,-2.226099395752));
#762 = VECTOR('',#763,1.);
#763 = DIRECTION('',(-1.,-0.,-0.));
#764 = DEFINITIONAL_REPRESENTATION('',(#765),#769);
#765 = LINE('',#766,#767);
#766 = CARTESIAN_POINT('',(0.,0.));
#767 = VECTOR('',#768,1.);
#768 = DIRECTION('',(1.,0.));
#769 = ( GEOMETRIC_REPRESENTATION_CONTEXT(2)
PARAMETRIC_REPRESENTATION_CONTEXT() REPRESENTATION_CONTEXT('2D SPACE',''
  ) );
#770 = ORIENTED_EDGE('',*,*,#771,.F.);
#771 = EDGE_CURVE('',#772,#742,#774,.T.);
#772 = VERTEX_POINT('',#773);
#773 = CARTESIAN_POINT('',(1.,22.596003580729,-2.29429796346));
#774 = SURFACE_CURVE('',#775,(#779,#786),.PCURVE_S1.);
#775 = B_SPLINE_CURVE_WITH_KNOTS('',2,(#776,#777,#778),.UNSPECIFIED.,.F.
  ,.F.,(3,3),(0.,1.),.PIECEWISE_BEZIER_KNOTS.);
#776 = CARTESIAN_POINT('',(1.,22.596003580729,-2.29429796346));
#777 = CARTESIAN_POINT('',(1.,22.503602864583,-2.194198679606));
#778 = CARTESIAN_POINT('',(1.,22.347404296875,-2.194198679606));
#779 = PCURVE('',#182,#780);
#780 = DEFINITIONAL_REPRESENTATION('',(#781),#785);
#781 = B_SPLINE_CURVE_WITH_KNOTS('',2,(#782,#783,#784),.UNSPECIFIED.,.F.
  ,.F.,(3,3),(0.,1.),.PIECEWISE_BEZIER_KNOTS.);
#782 = CARTESIAN_POINT('',(3.29429796346,-22.59600358072));
#783 = CARTESIAN_POINT('',(3.194198679606,-22.50360286458));
#784 = CARTESIAN_POINT('',(3.194198679606,-22.34740429687));
#785 = ( GEOMETRIC_REPRESENTATION_CONTEXT(2)
PARAMETRIC_REPRESENTATION_CONTEXT() REPRESENTATION_CONTEXT('2D SPACE',''
  ) );
#786 = PCURVE('',#787,#794);
#787 = SURFACE_OF_LINEAR_EXTRUSION('',#788,#792);
#788 = B_SPLINE_CURVE_WITH_KNOTS('',2,(#789,#790,#791),.UNSPECIFIED.,.F.
  ,.F.,(3,3),(0.,1.),.PIECEWISE_BEZIER_KNOTS.);
#789 = CARTESIAN_POINT('',(1.,22.596003580729,-2.29429796346));
#790 = CARTESIAN_POINT('',(1.,22.503602864583,-2.194198679606));
#791 = CARTESIAN_POINT('',(1.,22.347404296875,-2.194198679606));
#792 = VECTOR('',#793,1.);
#793 = DIRECTION('',(-1.,-0.,-0.));
#794 = DEFINITIONAL_REPRESENTATION('',(#795),#799);
#795 = LINE('',#796,#797);
#796 = CARTESIAN_POINT('',(0.,0.));
#797 = VECTOR('',#798,1.);
#798 = DIRECTION('',(1.,0.));
#799 = ( GEOMETRIC_REPRESENTATION_CONTEXT(2)
PARAMETRIC_REPRESENTATION_CONTEXT() REPRESENTATION_CONTEXT('2D SPACE',''
  ) );
#800 = ORIENTED_EDGE('',*,*,#801,.F.);
#801 = EDGE_CURVE('',#802,#772,#804,.T.);
#802 = VERTEX_POINT('',#803);
#803 = CARTESIAN_POINT('',(1.,22.688404296875,-2.568198679606));
#804 = SURFACE_CURVE('',#805,(#809,#816),.PCURVE_S1.);
#805 = B_SPLINE_CURVE_WITH_KNOTS('',2,(#806,#807,#808),.UNSPECIFIED.,.F.
  ,.F.,(3,3),(0.,1.),.PIECEWISE_BEZIER_KNOTS.);
#806 = CARTESIAN_POINT('',(1.,22.688404296875,-2.568198679606));
#807 = CARTESIAN_POINT('',(1.,22.688404296875,-2.394397247314));
#808 = CARTESIAN_POINT('',(1.,22.596003580729,-2.29429796346));
#809 = PCURVE('',#182,#810);
#810 = DEFINITIONAL_REPRESENTATION('',(#811),#815);
#811 = B_SPLINE_CURVE_WITH_KNOTS('',2,(#812,#813,#814),.UNSPECIFIED.,.F.
  ,.F.,(3,3),(0.,1.),.PIECEWISE_BEZIER_KNOTS.);
#812 = CARTESIAN_POINT('',(3.568198679606,-22.68840429687));
#813 = CARTESIAN_POINT('',(3.394397247314,-22.68840429687));
#814 = CARTESIAN_POINT('',(3.29429796346,-22.59600358072));
#815 = ( GEOMETRIC_REPRESENTATION_CONTEXT(2)
PARAMETRIC_REPRESENTATION_CONTEXT() REPRESENTATION_CONTEXT('2D SPACE',''
  ) );
#816 = PCURVE('',#817,#824);
#817 = SURFACE_OF_LINEAR_EXTRUSION('',#818,#822);
#818 = B_SPLINE_CURVE_WITH_KNOTS('',2,(#819,#820,#821),.UNSPECIFIED.,.F.
  ,.F.,(3,3),(0.,1.),.PIECEWISE_BEZIER_KNOTS.);
#819 = CARTESIAN_POINT('',(1.,22.688404296875,-2.568198679606));
#820 = CARTESIAN_POINT('',(1.,22.688404296875,-2.394397247314));
#821 = CARTESIAN_POINT('',(1.,22.596003580729,-2.29429796346));
#822 = VECTOR('',#823,1.);
#823 = DIRECTION('',(-1.,-0.,-0.));
#824 = DEFINITIONAL_REPRESENTATION('',(#825),#829);
#825 = LINE('',#826,#827);
#826 = CARTESIAN_POINT('',(0.,0.));
#827 = VECTOR('',#828,1.);
#828 = DIRECTION('',(1.,0.));
#829 = ( GEOMETRIC_REPRESENTATION_CONTEXT(2)
PARAMETRIC_REPRESENTATION_CONTEXT() REPRESENTATION_CONTEXT('2D SPACE',''
  ) );
#830 = ORIENTED_EDGE('',*,*,#831,.F.);
#831 = EDGE_CURVE('',#832,#802,#834,.T.);
#832 = VERTEX_POINT('',#833);
#833 = CARTESIAN_POINT('',(1.,22.597102864583,-2.832198679606));
#834 = SURFACE_CURVE('',#835,(#839,#846),.PCURVE_S1.);
#835 = B_SPLINE_CURVE_WITH_KNOTS('',2,(#836,#837,#838),.UNSPECIFIED.,.F.
  ,.F.,(3,3),(0.,1.),.PIECEWISE_BEZIER_KNOTS.);
#836 = CARTESIAN_POINT('',(1.,22.597102864583,-2.832198679606));
#837 = CARTESIAN_POINT('',(1.,22.688404296875,-2.735397247314));
#838 = CARTESIAN_POINT('',(1.,22.688404296875,-2.568198679606));
#839 = PCURVE('',#182,#840);
#840 = DEFINITIONAL_REPRESENTATION('',(#841),#845);
#841 = B_SPLINE_CURVE_WITH_KNOTS('',2,(#842,#843,#844),.UNSPECIFIED.,.F.
  ,.F.,(3,3),(0.,1.),.PIECEWISE_BEZIER_KNOTS.);
#842 = CARTESIAN_POINT('',(3.832198679606,-22.59710286458));
#843 = CARTESIAN_POINT('',(3.735397247314,-22.68840429687));
#844 = CARTESIAN_POINT('',(3.568198679606,-22.68840429687));
#845 = ( GEOMETRIC_REPRESENTATION_CONTEXT(2)
PARAMETRIC_REPRESENTATION_CONTEXT() REPRESENTATION_CONTEXT('2D SPACE',''
  ) );
#846 = PCURVE('',#847,#854);
#847 = SURFACE_OF_LINEAR_EXTRUSION('',#848,#852);
#848 = B_SPLINE_CURVE_WITH_KNOTS('',2,(#849,#850,#851),.UNSPECIFIED.,.F.
  ,.F.,(3,3),(0.,1.),.PIECEWISE_BEZIER_KNOTS.);
#849 = CARTESIAN_POINT('',(1.,22.597102864583,-2.832198679606));
#850 = CARTESIAN_POINT('',(1.,22.688404296875,-2.735397247314));
#851 = CARTESIAN_POINT('',(1.,22.688404296875,-2.568198679606));
#852 = VECTOR('',#853,1.);
#853 = DIRECTION('',(-1.,-0.,-0.));
#854 = DEFINITIONAL_REPRESENTATION('',(#855),#859);
#855 = LINE('',#856,#857);
#856 = CARTESIAN_POINT('',(0.,0.));
#857 = VECTOR('',#858,1.);
#858 = DIRECTION('',(1.,0.));
#859 = ( GEOMETRIC_REPRESENTATION_CONTEXT(2)
PARAMETRIC_REPRESENTATION_CONTEXT() REPRESENTATION_CONTEXT('2D SPACE',''
  ) );
#860 = ORIENTED_EDGE('',*,*,#861,.F.);
#861 = EDGE_CURVE('',#862,#832,#864,.T.);
#862 = VERTEX_POINT('',#863);
#863 = CARTESIAN_POINT('',(1.,22.347404296875,-2.929000111898));
#864 = SURFACE_CURVE('',#865,(#869,#876),.PCURVE_S1.);
#865 = B_SPLINE_CURVE_WITH_KNOTS('',2,(#866,#867,#868),.UNSPECIFIED.,.F.
  ,.F.,(3,3),(0.,1.),.PIECEWISE_BEZIER_KNOTS.);
#866 = CARTESIAN_POINT('',(1.,22.347404296875,-2.929000111898));
#867 = CARTESIAN_POINT('',(1.,22.505801432292,-2.929000111898));
#868 = CARTESIAN_POINT('',(1.,22.597102864583,-2.832198679606));
#869 = PCURVE('',#182,#870);
#870 = DEFINITIONAL_REPRESENTATION('',(#871),#875);
#871 = B_SPLINE_CURVE_WITH_KNOTS('',2,(#872,#873,#874),.UNSPECIFIED.,.F.
  ,.F.,(3,3),(0.,1.),.PIECEWISE_BEZIER_KNOTS.);
#872 = CARTESIAN_POINT('',(3.929000111898,-22.34740429687));
#873 = CARTESIAN_POINT('',(3.929000111898,-22.50580143229));
#874 = CARTESIAN_POINT('',(3.832198679606,-22.59710286458));
#875 = ( GEOMETRIC_REPRESENTATION_CONTEXT(2)
PARAMETRIC_REPRESENTATION_CONTEXT() REPRESENTATION_CONTEXT('2D SPACE',''
  ) );
#876 = PCURVE('',#877,#884);
#877 = SURFACE_OF_LINEAR_EXTRUSION('',#878,#882);
#878 = B_SPLINE_CURVE_WITH_KNOTS('',2,(#879,#880,#881),.UNSPECIFIED.,.F.
  ,.F.,(3,3),(0.,1.),.PIECEWISE_BEZIER_KNOTS.);
#879 = CARTESIAN_POINT('',(1.,22.347404296875,-2.929000111898));
#880 = CARTESIAN_POINT('',(1.,22.505801432292,-2.929000111898));
#881 = CARTESIAN_POINT('',(1.,22.597102864583,-2.832198679606));
#882 = VECTOR('',#883,1.);
#883 = DIRECTION('',(-1.,-0.,-0.));
#884 = DEFINITIONAL_REPRESENTATION('',(#885),#889);
#885 = LINE('',#886,#887);
#886 = CARTESIAN_POINT('',(0.,0.));
#887 = VECTOR('',#888,1.);
#888 = DIRECTION('',(1.,0.));
#889 = ( GEOMETRIC_REPRESENTATION_CONTEXT(2)
PARAMETRIC_REPRESENTATION_CONTEXT() REPRESENTATION_CONTEXT('2D SPACE',''
  ) );
#890 = ORIENTED_EDGE('',*,*,#891,.F.);
#891 = EDGE_CURVE('',#892,#862,#894,.T.);
#892 = VERTEX_POINT('',#893);
#893 = CARTESIAN_POINT('',(1.,22.028404296875,-2.667198679606));
#894 = SURFACE_CURVE('',#895,(#899,#906),.PCURVE_S1.);
#895 = B_SPLINE_CURVE_WITH_KNOTS('',2,(#896,#897,#898),.UNSPECIFIED.,.F.
  ,.F.,(3,3),(0.,1.),.PIECEWISE_BEZIER_KNOTS.);
#896 = CARTESIAN_POINT('',(1.,22.028404296875,-2.667198679606));
#897 = CARTESIAN_POINT('',(1.,22.096602864583,-2.929000111898));
#898 = CARTESIAN_POINT('',(1.,22.347404296875,-2.929000111898));
#899 = PCURVE('',#182,#900);
#900 = DEFINITIONAL_REPRESENTATION('',(#901),#905);
#901 = B_SPLINE_CURVE_WITH_KNOTS('',2,(#902,#903,#904),.UNSPECIFIED.,.F.
  ,.F.,(3,3),(0.,1.),.PIECEWISE_BEZIER_KNOTS.);
#902 = CARTESIAN_POINT('',(3.667198679606,-22.02840429687));
#903 = CARTESIAN_POINT('',(3.929000111898,-22.09660286458));
#904 = CARTESIAN_POINT('',(3.929000111898,-22.34740429687));
#905 = ( GEOMETRIC_REPRESENTATION_CONTEXT(2)
PARAMETRIC_REPRESENTATION_CONTEXT() REPRESENTATION_CONTEXT('2D SPACE',''
  ) );
#906 = PCURVE('',#907,#914);
#907 = SURFACE_OF_LINEAR_EXTRUSION('',#908,#912);
#908 = B_SPLINE_CURVE_WITH_KNOTS('',2,(#909,#910,#911),.UNSPECIFIED.,.F.
  ,.F.,(3,3),(0.,1.),.PIECEWISE_BEZIER_KNOTS.);
#909 = CARTESIAN_POINT('',(1.,22.028404296875,-2.667198679606));
#910 = CARTESIAN_POINT('',(1.,22.096602864583,-2.929000111898));
#911 = CARTESIAN_POINT('',(1.,22.347404296875,-2.929000111898));
#912 = VECTOR('',#913,1.);
#913 = DIRECTION('',(-1.,-0.,-0.));
#914 = DEFINITIONAL_REPRESENTATION('',(#915),#919);
#915 = LINE('',#916,#917);
#916 = CARTESIAN_POINT('',(0.,0.));
#917 = VECTOR('',#918,1.);
#918 = DIRECTION('',(1.,0.));
#919 = ( GEOMETRIC_REPRESENTATION_CONTEXT(2)
PARAMETRIC_REPRESENTATION_CONTEXT() REPRESENTATION_CONTEXT('2D SPACE',''
  ) );
#920 = ORIENTED_EDGE('',*,*,#921,.F.);
#921 = EDGE_CURVE('',#922,#892,#924,.T.);
#922 = VERTEX_POINT('',#923);
#923 = CARTESIAN_POINT('',(1.,21.834801432292,-2.667198679606));
#924 = SURFACE_CURVE('',#925,(#929,#936),.PCURVE_S1.);
#925 = LINE('',#926,#927);
#926 = CARTESIAN_POINT('',(1.,21.834801432292,-2.667198679606));
#927 = VECTOR('',#928,1.);
#928 = DIRECTION('',(0.,1.,0.));
#929 = PCURVE('',#182,#930);
#930 = DEFINITIONAL_REPRESENTATION('',(#931),#935);
#931 = LINE('',#932,#933);
#932 = CARTESIAN_POINT('',(3.667198679606,-21.83480143229));
#933 = VECTOR('',#934,1.);
#934 = DIRECTION('',(0.,-1.));
#935 = ( GEOMETRIC_REPRESENTATION_CONTEXT(2)
PARAMETRIC_REPRESENTATION_CONTEXT() REPRESENTATION_CONTEXT('2D SPACE',''
  ) );
#936 = PCURVE('',#937,#942);
#937 = PLANE('',#938);
#938 = AXIS2_PLACEMENT_3D('',#939,#940,#941);
#939 = CARTESIAN_POINT('',(1.,21.834801432292,-2.667198679606));
#940 = DIRECTION('',(0.,0.,1.));
#941 = DIRECTION('',(0.,1.,0.));
#942 = DEFINITIONAL_REPRESENTATION('',(#943),#947);
#943 = LINE('',#944,#945);
#944 = CARTESIAN_POINT('',(0.,0.));
#945 = VECTOR('',#946,1.);
#946 = DIRECTION('',(1.,0.));
#947 = ( GEOMETRIC_REPRESENTATION_CONTEXT(2)
PARAMETRIC_REPRESENTATION_CONTEXT() REPRESENTATION_CONTEXT('2D SPACE',''
  ) );
#948 = ORIENTED_EDGE('',*,*,#949,.F.);
#949 = EDGE_CURVE('',#950,#922,#952,.T.);
#950 = VERTEX_POINT('',#951);
#951 = CARTESIAN_POINT('',(1.,21.845801432292,-2.724400828044));
#952 = SURFACE_CURVE('',#953,(#957,#964),.PCURVE_S1.);
#953 = B_SPLINE_CURVE_WITH_KNOTS('',2,(#954,#955,#956),.UNSPECIFIED.,.F.
  ,.F.,(3,3),(0.,1.),.PIECEWISE_BEZIER_KNOTS.);
#954 = CARTESIAN_POINT('',(1.,21.845801432292,-2.724400828044));
#955 = CARTESIAN_POINT('',(1.,21.841404296875,-2.704602976481));
#956 = CARTESIAN_POINT('',(1.,21.834801432292,-2.667198679606));
#957 = PCURVE('',#182,#958);
#958 = DEFINITIONAL_REPRESENTATION('',(#959),#963);
#959 = B_SPLINE_CURVE_WITH_KNOTS('',2,(#960,#961,#962),.UNSPECIFIED.,.F.
  ,.F.,(3,3),(0.,1.),.PIECEWISE_BEZIER_KNOTS.);
#960 = CARTESIAN_POINT('',(3.724400828044,-21.84580143229));
#961 = CARTESIAN_POINT('',(3.704602976481,-21.84140429687));
#962 = CARTESIAN_POINT('',(3.667198679606,-21.83480143229));
#963 = ( GEOMETRIC_REPRESENTATION_CONTEXT(2)
PARAMETRIC_REPRESENTATION_CONTEXT() REPRESENTATION_CONTEXT('2D SPACE',''
  ) );
#964 = PCURVE('',#965,#972);
#965 = SURFACE_OF_LINEAR_EXTRUSION('',#966,#970);
#966 = B_SPLINE_CURVE_WITH_KNOTS('',2,(#967,#968,#969),.UNSPECIFIED.,.F.
  ,.F.,(3,3),(0.,1.),.PIECEWISE_BEZIER_KNOTS.);
#967 = CARTESIAN_POINT('',(1.,21.845801432292,-2.724400828044));
#968 = CARTESIAN_POINT('',(1.,21.841404296875,-2.704602976481));
#969 = CARTESIAN_POINT('',(1.,21.834801432292,-2.667198679606));
#970 = VECTOR('',#971,1.);
#971 = DIRECTION('',(-1.,-0.,-0.));
#972 = DEFINITIONAL_REPRESENTATION('',(#973),#977);
#973 = LINE('',#974,#975);
#974 = CARTESIAN_POINT('',(0.,0.));
#975 = VECTOR('',#976,1.);
#976 = DIRECTION('',(1.,0.));
#977 = ( GEOMETRIC_REPRESENTATION_CONTEXT(2)
PARAMETRIC_REPRESENTATION_CONTEXT() REPRESENTATION_CONTEXT('2D SPACE',''
  ) );
#978 = ORIENTED_EDGE('',*,*,#979,.F.);
#979 = EDGE_CURVE('',#980,#950,#982,.T.);
#980 = VERTEX_POINT('',#981);
#981 = CARTESIAN_POINT('',(1.,21.868900716146,-2.795900828044));
#982 = SURFACE_CURVE('',#983,(#987,#994),.PCURVE_S1.);
#983 = B_SPLINE_CURVE_WITH_KNOTS('',2,(#984,#985,#986),.UNSPECIFIED.,.F.
  ,.F.,(3,3),(0.,1.),.PIECEWISE_BEZIER_KNOTS.);
#984 = CARTESIAN_POINT('',(1.,21.868900716146,-2.795900828044));
#985 = CARTESIAN_POINT('',(1.,21.850198567708,-2.744198679606));
#986 = CARTESIAN_POINT('',(1.,21.845801432292,-2.724400828044));
#987 = PCURVE('',#182,#988);
#988 = DEFINITIONAL_REPRESENTATION('',(#989),#993);
#989 = B_SPLINE_CURVE_WITH_KNOTS('',2,(#990,#991,#992),.UNSPECIFIED.,.F.
  ,.F.,(3,3),(0.,1.),.PIECEWISE_BEZIER_KNOTS.);
#990 = CARTESIAN_POINT('',(3.795900828044,-21.86890071614));
#991 = CARTESIAN_POINT('',(3.744198679606,-21.8501985677));
#992 = CARTESIAN_POINT('',(3.724400828044,-21.84580143229));
#993 = ( GEOMETRIC_REPRESENTATION_CONTEXT(2)
PARAMETRIC_REPRESENTATION_CONTEXT() REPRESENTATION_CONTEXT('2D SPACE',''
  ) );
#994 = PCURVE('',#995,#1002);
#995 = SURFACE_OF_LINEAR_EXTRUSION('',#996,#1000);
#996 = B_SPLINE_CURVE_WITH_KNOTS('',2,(#997,#998,#999),.UNSPECIFIED.,.F.
  ,.F.,(3,3),(0.,1.),.PIECEWISE_BEZIER_KNOTS.);
#997 = CARTESIAN_POINT('',(1.,21.868900716146,-2.795900828044));
#998 = CARTESIAN_POINT('',(1.,21.850198567708,-2.744198679606));
#999 = CARTESIAN_POINT('',(1.,21.845801432292,-2.724400828044));
#1000 = VECTOR('',#1001,1.);
#1001 = DIRECTION('',(-1.,-0.,-0.));
#1002 = DEFINITIONAL_REPRESENTATION('',(#1003),#1007);
#1003 = LINE('',#1004,#1005);
#1004 = CARTESIAN_POINT('',(0.,0.));
#1005 = VECTOR('',#1006,1.);
#1006 = DIRECTION('',(1.,0.));
#1007 = ( GEOMETRIC_REPRESENTATION_CONTEXT(2)
PARAMETRIC_REPRESENTATION_CONTEXT() REPRESENTATION_CONTEXT('2D SPACE',''
  ) );
#1008 = ORIENTED_EDGE('',*,*,#1009,.F.);
#1009 = EDGE_CURVE('',#1010,#980,#1012,.T.);
#1010 = VERTEX_POINT('',#1011);
#1011 = CARTESIAN_POINT('',(1.,21.908503580729,-2.881702260335));
#1012 = SURFACE_CURVE('',#1013,(#1017,#1024),.PCURVE_S1.);
#1013 = B_SPLINE_CURVE_WITH_KNOTS('',2,(#1014,#1015,#1016),
  .UNSPECIFIED.,.F.,.F.,(3,3),(0.,1.),.PIECEWISE_BEZIER_KNOTS.);
#1014 = CARTESIAN_POINT('',(1.,21.908503580729,-2.881702260335));
#1015 = CARTESIAN_POINT('',(1.,21.887602864583,-2.847602976481));
#1016 = CARTESIAN_POINT('',(1.,21.868900716146,-2.795900828044));
#1017 = PCURVE('',#182,#1018);
#1018 = DEFINITIONAL_REPRESENTATION('',(#1019),#1023);
#1019 = B_SPLINE_CURVE_WITH_KNOTS('',2,(#1020,#1021,#1022),
  .UNSPECIFIED.,.F.,.F.,(3,3),(0.,1.),.PIECEWISE_BEZIER_KNOTS.);
#1020 = CARTESIAN_POINT('',(3.881702260335,-21.90850358072));
#1021 = CARTESIAN_POINT('',(3.847602976481,-21.88760286458));
#1022 = CARTESIAN_POINT('',(3.795900828044,-21.86890071614));
#1023 = ( GEOMETRIC_REPRESENTATION_CONTEXT(2)
PARAMETRIC_REPRESENTATION_CONTEXT() REPRESENTATION_CONTEXT('2D SPACE',''
  ) );
#1024 = PCURVE('',#1025,#1032);
#1025 = SURFACE_OF_LINEAR_EXTRUSION('',#1026,#1030);
#1026 = B_SPLINE_CURVE_WITH_KNOTS('',2,(#1027,#1028,#1029),
  .UNSPECIFIED.,.F.,.F.,(3,3),(0.,1.),.PIECEWISE_BEZIER_KNOTS.);
#1027 = CARTESIAN_POINT('',(1.,21.908503580729,-2.881702260335));
#1028 = CARTESIAN_POINT('',(1.,21.887602864583,-2.847602976481));
#1029 = CARTESIAN_POINT('',(1.,21.868900716146,-2.795900828044));
#1030 = VECTOR('',#1031,1.);
#1031 = DIRECTION('',(-1.,-0.,-0.));
#1032 = DEFINITIONAL_REPRESENTATION('',(#1033),#1037);
#1033 = LINE('',#1034,#1035);
#1034 = CARTESIAN_POINT('',(0.,0.));
#1035 = VECTOR('',#1036,1.);
#1036 = DIRECTION('',(1.,0.));
#1037 = ( GEOMETRIC_REPRESENTATION_CONTEXT(2)
PARAMETRIC_REPRESENTATION_CONTEXT() REPRESENTATION_CONTEXT('2D SPACE',''
  ) );
#1038 = ORIENTED_EDGE('',*,*,#1039,.F.);
#1039 = EDGE_CURVE('',#1040,#1010,#1042,.T.);
#1040 = VERTEX_POINT('',#1041);
#1041 = CARTESIAN_POINT('',(1.,21.970102864583,-2.960900828044));
#1042 = SURFACE_CURVE('',#1043,(#1047,#1054),.PCURVE_S1.);
#1043 = B_SPLINE_CURVE_WITH_KNOTS('',2,(#1044,#1045,#1046),
  .UNSPECIFIED.,.F.,.F.,(3,3),(0.,1.),.PIECEWISE_BEZIER_KNOTS.);
#1044 = CARTESIAN_POINT('',(1.,21.970102864583,-2.960900828044));
#1045 = CARTESIAN_POINT('',(1.,21.929404296875,-2.915801544189));
#1046 = CARTESIAN_POINT('',(1.,21.908503580729,-2.881702260335));
#1047 = PCURVE('',#182,#1048);
#1048 = DEFINITIONAL_REPRESENTATION('',(#1049),#1053);
#1049 = B_SPLINE_CURVE_WITH_KNOTS('',2,(#1050,#1051,#1052),
  .UNSPECIFIED.,.F.,.F.,(3,3),(0.,1.),.PIECEWISE_BEZIER_KNOTS.);
#1050 = CARTESIAN_POINT('',(3.960900828044,-21.97010286458));
#1051 = CARTESIAN_POINT('',(3.915801544189,-21.92940429687));
#1052 = CARTESIAN_POINT('',(3.881702260335,-21.90850358072));
#1053 = ( GEOMETRIC_REPRESENTATION_CONTEXT(2)
PARAMETRIC_REPRESENTATION_CONTEXT() REPRESENTATION_CONTEXT('2D SPACE',''
  ) );
#1054 = PCURVE('',#1055,#1062);
#1055 = SURFACE_OF_LINEAR_EXTRUSION('',#1056,#1060);
#1056 = B_SPLINE_CURVE_WITH_KNOTS('',2,(#1057,#1058,#1059),
  .UNSPECIFIED.,.F.,.F.,(3,3),(0.,1.),.PIECEWISE_BEZIER_KNOTS.);
#1057 = CARTESIAN_POINT('',(1.,21.970102864583,-2.960900828044));
#1058 = CARTESIAN_POINT('',(1.,21.929404296875,-2.915801544189));
#1059 = CARTESIAN_POINT('',(1.,21.908503580729,-2.881702260335));
#1060 = VECTOR('',#1061,1.);
#1061 = DIRECTION('',(-1.,-0.,-0.));
#1062 = DEFINITIONAL_REPRESENTATION('',(#1063),#1067);
#1063 = LINE('',#1064,#1065);
#1064 = CARTESIAN_POINT('',(0.,0.));
#1065 = VECTOR('',#1066,1.);
#1066 = DIRECTION('',(1.,0.));
#1067 = ( GEOMETRIC_REPRESENTATION_CONTEXT(2)
PARAMETRIC_REPRESENTATION_CONTEXT() REPRESENTATION_CONTEXT('2D SPACE',''
  ) );
#1068 = ORIENTED_EDGE('',*,*,#1069,.F.);
#1069 = EDGE_CURVE('',#1070,#1040,#1072,.T.);
#1070 = VERTEX_POINT('',#1071);
#1071 = CARTESIAN_POINT('',(1.,22.060301432292,-3.033500111898));
#1072 = SURFACE_CURVE('',#1073,(#1077,#1084),.PCURVE_S1.);
#1073 = B_SPLINE_CURVE_WITH_KNOTS('',2,(#1074,#1075,#1076),
  .UNSPECIFIED.,.F.,.F.,(3,3),(0.,1.),.PIECEWISE_BEZIER_KNOTS.);
#1074 = CARTESIAN_POINT('',(1.,22.060301432292,-3.033500111898));
#1075 = CARTESIAN_POINT('',(1.,22.010801432292,-3.006000111898));
#1076 = CARTESIAN_POINT('',(1.,21.970102864583,-2.960900828044));
#1077 = PCURVE('',#182,#1078);
#1078 = DEFINITIONAL_REPRESENTATION('',(#1079),#1083);
#1079 = B_SPLINE_CURVE_WITH_KNOTS('',2,(#1080,#1081,#1082),
  .UNSPECIFIED.,.F.,.F.,(3,3),(0.,1.),.PIECEWISE_BEZIER_KNOTS.);
#1080 = CARTESIAN_POINT('',(4.033500111898,-22.06030143229));
#1081 = CARTESIAN_POINT('',(4.006000111898,-22.01080143229));
#1082 = CARTESIAN_POINT('',(3.960900828044,-21.97010286458));
#1083 = ( GEOMETRIC_REPRESENTATION_CONTEXT(2)
PARAMETRIC_REPRESENTATION_CONTEXT() REPRESENTATION_CONTEXT('2D SPACE',''
  ) );
#1084 = PCURVE('',#1085,#1092);
#1085 = SURFACE_OF_LINEAR_EXTRUSION('',#1086,#1090);
#1086 = B_SPLINE_CURVE_WITH_KNOTS('',2,(#1087,#1088,#1089),
  .UNSPECIFIED.,.F.,.F.,(3,3),(0.,1.),.PIECEWISE_BEZIER_KNOTS.);
#1087 = CARTESIAN_POINT('',(1.,22.060301432292,-3.033500111898));
#1088 = CARTESIAN_POINT('',(1.,22.010801432292,-3.006000111898));
#1089 = CARTESIAN_POINT('',(1.,21.970102864583,-2.960900828044));
#1090 = VECTOR('',#1091,1.);
#1091 = DIRECTION('',(-1.,-0.,-0.));
#1092 = DEFINITIONAL_REPRESENTATION('',(#1093),#1097);
#1093 = LINE('',#1094,#1095);
#1094 = CARTESIAN_POINT('',(0.,0.));
#1095 = VECTOR('',#1096,1.);
#1096 = DIRECTION('',(1.,0.));
#1097 = ( GEOMETRIC_REPRESENTATION_CONTEXT(2)
PARAMETRIC_REPRESENTATION_CONTEXT() REPRESENTATION_CONTEXT('2D SPACE',''
  ) );
#1098 = ORIENTED_EDGE('',*,*,#1099,.F.);
#1099 = EDGE_CURVE('',#1100,#1070,#1102,.T.);
#1100 = VERTEX_POINT('',#1101);
#1101 = CARTESIAN_POINT('',(1.,22.185702148437,-3.080801544189));
#1102 = SURFACE_CURVE('',#1103,(#1107,#1114),.PCURVE_S1.);
#1103 = B_SPLINE_CURVE_WITH_KNOTS('',2,(#1104,#1105,#1106),
  .UNSPECIFIED.,.F.,.F.,(3,3),(0.,1.),.PIECEWISE_BEZIER_KNOTS.);
#1104 = CARTESIAN_POINT('',(1.,22.185702148437,-3.080801544189));
#1105 = CARTESIAN_POINT('',(1.,22.109801432292,-3.061000111898));
#1106 = CARTESIAN_POINT('',(1.,22.060301432292,-3.033500111898));
#1107 = PCURVE('',#182,#1108);
#1108 = DEFINITIONAL_REPRESENTATION('',(#1109),#1113);
#1109 = B_SPLINE_CURVE_WITH_KNOTS('',2,(#1110,#1111,#1112),
  .UNSPECIFIED.,.F.,.F.,(3,3),(0.,1.),.PIECEWISE_BEZIER_KNOTS.);
#1110 = CARTESIAN_POINT('',(4.080801544189,-22.18570214843));
#1111 = CARTESIAN_POINT('',(4.061000111898,-22.10980143229));
#1112 = CARTESIAN_POINT('',(4.033500111898,-22.06030143229));
#1113 = ( GEOMETRIC_REPRESENTATION_CONTEXT(2)
PARAMETRIC_REPRESENTATION_CONTEXT() REPRESENTATION_CONTEXT('2D SPACE',''
  ) );
#1114 = PCURVE('',#1115,#1122);
#1115 = SURFACE_OF_LINEAR_EXTRUSION('',#1116,#1120);
#1116 = B_SPLINE_CURVE_WITH_KNOTS('',2,(#1117,#1118,#1119),
  .UNSPECIFIED.,.F.,.F.,(3,3),(0.,1.),.PIECEWISE_BEZIER_KNOTS.);
#1117 = CARTESIAN_POINT('',(1.,22.185702148437,-3.080801544189));
#1118 = CARTESIAN_POINT('',(1.,22.109801432292,-3.061000111898));
#1119 = CARTESIAN_POINT('',(1.,22.060301432292,-3.033500111898));
#1120 = VECTOR('',#1121,1.);
#1121 = DIRECTION('',(-1.,-0.,-0.));
#1122 = DEFINITIONAL_REPRESENTATION('',(#1123),#1127);
#1123 = LINE('',#1124,#1125);
#1124 = CARTESIAN_POINT('',(0.,0.));
#1125 = VECTOR('',#1126,1.);
#1126 = DIRECTION('',(1.,0.));
#1127 = ( GEOMETRIC_REPRESENTATION_CONTEXT(2)
PARAMETRIC_REPRESENTATION_CONTEXT() REPRESENTATION_CONTEXT('2D SPACE',''
  ) );
#1128 = ORIENTED_EDGE('',*,*,#1129,.F.);
#1129 = EDGE_CURVE('',#1130,#1100,#1132,.T.);
#1130 = VERTEX_POINT('',#1131);
#1131 = CARTESIAN_POINT('',(1.,22.351801432292,-3.100602976481));
#1132 = SURFACE_CURVE('',#1133,(#1137,#1144),.PCURVE_S1.);
#1133 = B_SPLINE_CURVE_WITH_KNOTS('',2,(#1134,#1135,#1136),
  .UNSPECIFIED.,.F.,.F.,(3,3),(0.,1.),.PIECEWISE_BEZIER_KNOTS.);
#1134 = CARTESIAN_POINT('',(1.,22.351801432292,-3.100602976481));
#1135 = CARTESIAN_POINT('',(1.,22.261602864583,-3.100602976481));
#1136 = CARTESIAN_POINT('',(1.,22.185702148437,-3.080801544189));
#1137 = PCURVE('',#182,#1138);
#1138 = DEFINITIONAL_REPRESENTATION('',(#1139),#1143);
#1139 = B_SPLINE_CURVE_WITH_KNOTS('',2,(#1140,#1141,#1142),
  .UNSPECIFIED.,.F.,.F.,(3,3),(0.,1.),.PIECEWISE_BEZIER_KNOTS.);
#1140 = CARTESIAN_POINT('',(4.100602976481,-22.35180143229));
#1141 = CARTESIAN_POINT('',(4.100602976481,-22.26160286458));
#1142 = CARTESIAN_POINT('',(4.080801544189,-22.18570214843));
#1143 = ( GEOMETRIC_REPRESENTATION_CONTEXT(2)
PARAMETRIC_REPRESENTATION_CONTEXT() REPRESENTATION_CONTEXT('2D SPACE',''
  ) );
#1144 = PCURVE('',#1145,#1152);
#1145 = SURFACE_OF_LINEAR_EXTRUSION('',#1146,#1150);
#1146 = B_SPLINE_CURVE_WITH_KNOTS('',2,(#1147,#1148,#1149),
  .UNSPECIFIED.,.F.,.F.,(3,3),(0.,1.),.PIECEWISE_BEZIER_KNOTS.);
#1147 = CARTESIAN_POINT('',(1.,22.351801432292,-3.100602976481));
#1148 = CARTESIAN_POINT('',(1.,22.261602864583,-3.100602976481));
#1149 = CARTESIAN_POINT('',(1.,22.185702148437,-3.080801544189));
#1150 = VECTOR('',#1151,1.);
#1151 = DIRECTION('',(-1.,-0.,-0.));
#1152 = DEFINITIONAL_REPRESENTATION('',(#1153),#1157);
#1153 = LINE('',#1154,#1155);
#1154 = CARTESIAN_POINT('',(0.,0.));
#1155 = VECTOR('',#1156,1.);
#1156 = DIRECTION('',(1.,0.));
#1157 = ( GEOMETRIC_REPRESENTATION_CONTEXT(2)
PARAMETRIC_REPRESENTATION_CONTEXT() REPRESENTATION_CONTEXT('2D SPACE',''
  ) );
#1158 = ORIENTED_EDGE('',*,*,#1159,.F.);
#1159 = EDGE_CURVE('',#1160,#1130,#1162,.T.);
#1160 = VERTEX_POINT('',#1161);
#1161 = CARTESIAN_POINT('',(1.,22.736801432292,-2.944400828044));
#1162 = SURFACE_CURVE('',#1163,(#1167,#1174),.PCURVE_S1.);
#1163 = B_SPLINE_CURVE_WITH_KNOTS('',2,(#1164,#1165,#1166),
  .UNSPECIFIED.,.F.,.F.,(3,3),(0.,1.),.PIECEWISE_BEZIER_KNOTS.);
#1164 = CARTESIAN_POINT('',(1.,22.736801432292,-2.944400828044));
#1165 = CARTESIAN_POINT('',(1.,22.587198567708,-3.100602976481));
#1166 = CARTESIAN_POINT('',(1.,22.351801432292,-3.100602976481));
#1167 = PCURVE('',#182,#1168);
#1168 = DEFINITIONAL_REPRESENTATION('',(#1169),#1173);
#1169 = B_SPLINE_CURVE_WITH_KNOTS('',2,(#1170,#1171,#1172),
  .UNSPECIFIED.,.F.,.F.,(3,3),(0.,1.),.PIECEWISE_BEZIER_KNOTS.);
#1170 = CARTESIAN_POINT('',(3.944400828044,-22.73680143229));
#1171 = CARTESIAN_POINT('',(4.100602976481,-22.5871985677));
#1172 = CARTESIAN_POINT('',(4.100602976481,-22.35180143229));
#1173 = ( GEOMETRIC_REPRESENTATION_CONTEXT(2)
PARAMETRIC_REPRESENTATION_CONTEXT() REPRESENTATION_CONTEXT('2D SPACE',''
  ) );
#1174 = PCURVE('',#1175,#1182);
#1175 = SURFACE_OF_LINEAR_EXTRUSION('',#1176,#1180);
#1176 = B_SPLINE_CURVE_WITH_KNOTS('',2,(#1177,#1178,#1179),
  .UNSPECIFIED.,.F.,.F.,(3,3),(0.,1.),.PIECEWISE_BEZIER_KNOTS.);
#1177 = CARTESIAN_POINT('',(1.,22.736801432292,-2.944400828044));
#1178 = CARTESIAN_POINT('',(1.,22.587198567708,-3.100602976481));
#1179 = CARTESIAN_POINT('',(1.,22.351801432292,-3.100602976481));
#1180 = VECTOR('',#1181,1.);
#1181 = DIRECTION('',(-1.,-0.,-0.));
#1182 = DEFINITIONAL_REPRESENTATION('',(#1183),#1187);
#1183 = LINE('',#1184,#1185);
#1184 = CARTESIAN_POINT('',(0.,0.));
#1185 = VECTOR('',#1186,1.);
#1186 = DIRECTION('',(1.,0.));
#1187 = ( GEOMETRIC_REPRESENTATION_CONTEXT(2)
PARAMETRIC_REPRESENTATION_CONTEXT() REPRESENTATION_CONTEXT('2D SPACE',''
  ) );
#1188 = ORIENTED_EDGE('',*,*,#1189,.F.);
#1189 = EDGE_CURVE('',#1190,#1160,#1192,.T.);
#1190 = VERTEX_POINT('',#1191);
#1191 = CARTESIAN_POINT('',(1.,22.886404296875,-2.541801544189));
#1192 = SURFACE_CURVE('',#1193,(#1197,#1204),.PCURVE_S1.);
#1193 = B_SPLINE_CURVE_WITH_KNOTS('',2,(#1194,#1195,#1196),
  .UNSPECIFIED.,.F.,.F.,(3,3),(0.,1.),.PIECEWISE_BEZIER_KNOTS.);
#1194 = CARTESIAN_POINT('',(1.,22.886404296875,-2.541801544189));
#1195 = CARTESIAN_POINT('',(1.,22.886404296875,-2.788198679606));
#1196 = CARTESIAN_POINT('',(1.,22.736801432292,-2.944400828044));
#1197 = PCURVE('',#182,#1198);
#1198 = DEFINITIONAL_REPRESENTATION('',(#1199),#1203);
#1199 = B_SPLINE_CURVE_WITH_KNOTS('',2,(#1200,#1201,#1202),
  .UNSPECIFIED.,.F.,.F.,(3,3),(0.,1.),.PIECEWISE_BEZIER_KNOTS.);
#1200 = CARTESIAN_POINT('',(3.541801544189,-22.88640429687));
#1201 = CARTESIAN_POINT('',(3.788198679606,-22.88640429687));
#1202 = CARTESIAN_POINT('',(3.944400828044,-22.73680143229));
#1203 = ( GEOMETRIC_REPRESENTATION_CONTEXT(2)
PARAMETRIC_REPRESENTATION_CONTEXT() REPRESENTATION_CONTEXT('2D SPACE',''
  ) );
#1204 = PCURVE('',#1205,#1212);
#1205 = SURFACE_OF_LINEAR_EXTRUSION('',#1206,#1210);
#1206 = B_SPLINE_CURVE_WITH_KNOTS('',2,(#1207,#1208,#1209),
  .UNSPECIFIED.,.F.,.F.,(3,3),(0.,1.),.PIECEWISE_BEZIER_KNOTS.);
#1207 = CARTESIAN_POINT('',(1.,22.886404296875,-2.541801544189));
#1208 = CARTESIAN_POINT('',(1.,22.886404296875,-2.788198679606));
#1209 = CARTESIAN_POINT('',(1.,22.736801432292,-2.944400828044));
#1210 = VECTOR('',#1211,1.);
#1211 = DIRECTION('',(-1.,-0.,-0.));
#1212 = DEFINITIONAL_REPRESENTATION('',(#1213),#1217);
#1213 = LINE('',#1214,#1215);
#1214 = CARTESIAN_POINT('',(0.,0.));
#1215 = VECTOR('',#1216,1.);
#1216 = DIRECTION('',(1.,0.));
#1217 = ( GEOMETRIC_REPRESENTATION_CONTEXT(2)
PARAMETRIC_REPRESENTATION_CONTEXT() REPRESENTATION_CONTEXT('2D SPACE',''
  ) );
#1218 = ORIENTED_EDGE('',*,*,#1219,.F.);
#1219 = EDGE_CURVE('',#1220,#1190,#1222,.T.);
#1220 = VERTEX_POINT('',#1221);
#1221 = CARTESIAN_POINT('',(1.,22.746702148437,-2.166702260335));
#1222 = SURFACE_CURVE('',#1223,(#1227,#1234),.PCURVE_S1.);
#1223 = B_SPLINE_CURVE_WITH_KNOTS('',2,(#1224,#1225,#1226),
  .UNSPECIFIED.,.F.,.F.,(3,3),(0.,1.),.PIECEWISE_BEZIER_KNOTS.);
#1224 = CARTESIAN_POINT('',(1.,22.746702148437,-2.166702260335));
#1225 = CARTESIAN_POINT('',(1.,22.886404296875,-2.310801544189));
#1226 = CARTESIAN_POINT('',(1.,22.886404296875,-2.541801544189));
#1227 = PCURVE('',#182,#1228);
#1228 = DEFINITIONAL_REPRESENTATION('',(#1229),#1233);
#1229 = B_SPLINE_CURVE_WITH_KNOTS('',2,(#1230,#1231,#1232),
  .UNSPECIFIED.,.F.,.F.,(3,3),(0.,1.),.PIECEWISE_BEZIER_KNOTS.);
#1230 = CARTESIAN_POINT('',(3.166702260335,-22.74670214843));
#1231 = CARTESIAN_POINT('',(3.310801544189,-22.88640429687));
#1232 = CARTESIAN_POINT('',(3.541801544189,-22.88640429687));
#1233 = ( GEOMETRIC_REPRESENTATION_CONTEXT(2)
PARAMETRIC_REPRESENTATION_CONTEXT() REPRESENTATION_CONTEXT('2D SPACE',''
  ) );
#1234 = PCURVE('',#1235,#1242);
#1235 = SURFACE_OF_LINEAR_EXTRUSION('',#1236,#1240);
#1236 = B_SPLINE_CURVE_WITH_KNOTS('',2,(#1237,#1238,#1239),
  .UNSPECIFIED.,.F.,.F.,(3,3),(0.,1.),.PIECEWISE_BEZIER_KNOTS.);
#1237 = CARTESIAN_POINT('',(1.,22.746702148437,-2.166702260335));
#1238 = CARTESIAN_POINT('',(1.,22.886404296875,-2.310801544189));
#1239 = CARTESIAN_POINT('',(1.,22.886404296875,-2.541801544189));
#1240 = VECTOR('',#1241,1.);
#1241 = DIRECTION('',(-1.,-0.,-0.));
#1242 = DEFINITIONAL_REPRESENTATION('',(#1243),#1247);
#1243 = LINE('',#1244,#1245);
#1244 = CARTESIAN_POINT('',(0.,0.));
#1245 = VECTOR('',#1246,1.);
#1246 = DIRECTION('',(1.,0.));
#1247 = ( GEOMETRIC_REPRESENTATION_CONTEXT(2)
PARAMETRIC_REPRESENTATION_CONTEXT() REPRESENTATION_CONTEXT('2D SPACE',''
  ) );
#1248 = ORIENTED_EDGE('',*,*,#1249,.F.);
#1249 = EDGE_CURVE('',#1250,#1220,#1252,.T.);
#1250 = VERTEX_POINT('',#1251);
#1251 = CARTESIAN_POINT('',(1.,22.382602864583,-2.022602976481));
#1252 = SURFACE_CURVE('',#1253,(#1257,#1264),.PCURVE_S1.);
#1253 = B_SPLINE_CURVE_WITH_KNOTS('',2,(#1254,#1255,#1256),
  .UNSPECIFIED.,.F.,.F.,(3,3),(0.,1.),.PIECEWISE_BEZIER_KNOTS.);
#1254 = CARTESIAN_POINT('',(1.,22.382602864583,-2.022602976481));
#1255 = CARTESIAN_POINT('',(1.,22.607,-2.022602976481));
#1256 = CARTESIAN_POINT('',(1.,22.746702148437,-2.166702260335));
#1257 = PCURVE('',#182,#1258);
#1258 = DEFINITIONAL_REPRESENTATION('',(#1259),#1263);
#1259 = B_SPLINE_CURVE_WITH_KNOTS('',2,(#1260,#1261,#1262),
  .UNSPECIFIED.,.F.,.F.,(3,3),(0.,1.),.PIECEWISE_BEZIER_KNOTS.);
#1260 = CARTESIAN_POINT('',(3.022602976481,-22.38260286458));
#1261 = CARTESIAN_POINT('',(3.022602976481,-22.607));
#1262 = CARTESIAN_POINT('',(3.166702260335,-22.74670214843));
#1263 = ( GEOMETRIC_REPRESENTATION_CONTEXT(2)
PARAMETRIC_REPRESENTATION_CONTEXT() REPRESENTATION_CONTEXT('2D SPACE',''
  ) );
#1264 = PCURVE('',#1265,#1272);
#1265 = SURFACE_OF_LINEAR_EXTRUSION('',#1266,#1270);
#1266 = B_SPLINE_CURVE_WITH_KNOTS('',2,(#1267,#1268,#1269),
  .UNSPECIFIED.,.F.,.F.,(3,3),(0.,1.),.PIECEWISE_BEZIER_KNOTS.);
#1267 = CARTESIAN_POINT('',(1.,22.382602864583,-2.022602976481));
#1268 = CARTESIAN_POINT('',(1.,22.607,-2.022602976481));
#1269 = CARTESIAN_POINT('',(1.,22.746702148437,-2.166702260335));
#1270 = VECTOR('',#1271,1.);
#1271 = DIRECTION('',(-1.,-0.,-0.));
#1272 = DEFINITIONAL_REPRESENTATION('',(#1273),#1277);
#1273 = LINE('',#1274,#1275);
#1274 = CARTESIAN_POINT('',(0.,0.));
#1275 = VECTOR('',#1276,1.);
#1276 = DIRECTION('',(1.,0.));
#1277 = ( GEOMETRIC_REPRESENTATION_CONTEXT(2)
PARAMETRIC_REPRESENTATION_CONTEXT() REPRESENTATION_CONTEXT('2D SPACE',''
  ) );
#1278 = ORIENTED_EDGE('',*,*,#1279,.F.);
#1279 = EDGE_CURVE('',#1280,#1250,#1282,.T.);
#1280 = VERTEX_POINT('',#1281);
#1281 = CARTESIAN_POINT('',(1.,22.094404296875,-2.117198679606));
#1282 = SURFACE_CURVE('',#1283,(#1287,#1294),.PCURVE_S1.);
#1283 = B_SPLINE_CURVE_WITH_KNOTS('',2,(#1284,#1285,#1286),
  .UNSPECIFIED.,.F.,.F.,(3,3),(0.,1.),.PIECEWISE_BEZIER_KNOTS.);
#1284 = CARTESIAN_POINT('',(1.,22.094404296875,-2.117198679606));
#1285 = CARTESIAN_POINT('',(1.,22.224198567708,-2.022602976481));
#1286 = CARTESIAN_POINT('',(1.,22.382602864583,-2.022602976481));
#1287 = PCURVE('',#182,#1288);
#1288 = DEFINITIONAL_REPRESENTATION('',(#1289),#1293);
#1289 = B_SPLINE_CURVE_WITH_KNOTS('',2,(#1290,#1291,#1292),
  .UNSPECIFIED.,.F.,.F.,(3,3),(0.,1.),.PIECEWISE_BEZIER_KNOTS.);
#1290 = CARTESIAN_POINT('',(3.117198679606,-22.09440429687));
#1291 = CARTESIAN_POINT('',(3.022602976481,-22.2241985677));
#1292 = CARTESIAN_POINT('',(3.022602976481,-22.38260286458));
#1293 = ( GEOMETRIC_REPRESENTATION_CONTEXT(2)
PARAMETRIC_REPRESENTATION_CONTEXT() REPRESENTATION_CONTEXT('2D SPACE',''
  ) );
#1294 = PCURVE('',#1295,#1302);
#1295 = SURFACE_OF_LINEAR_EXTRUSION('',#1296,#1300);
#1296 = B_SPLINE_CURVE_WITH_KNOTS('',2,(#1297,#1298,#1299),
  .UNSPECIFIED.,.F.,.F.,(3,3),(0.,1.),.PIECEWISE_BEZIER_KNOTS.);
#1297 = CARTESIAN_POINT('',(1.,22.094404296875,-2.117198679606));
#1298 = CARTESIAN_POINT('',(1.,22.224198567708,-2.022602976481));
#1299 = CARTESIAN_POINT('',(1.,22.382602864583,-2.022602976481));
#1300 = VECTOR('',#1301,1.);
#1301 = DIRECTION('',(-1.,-0.,-0.));
#1302 = DEFINITIONAL_REPRESENTATION('',(#1303),#1307);
#1303 = LINE('',#1304,#1305);
#1304 = CARTESIAN_POINT('',(0.,0.));
#1305 = VECTOR('',#1306,1.);
#1306 = DIRECTION('',(1.,0.));
#1307 = ( GEOMETRIC_REPRESENTATION_CONTEXT(2)
PARAMETRIC_REPRESENTATION_CONTEXT() REPRESENTATION_CONTEXT('2D SPACE',''
  ) );
#1308 = ORIENTED_EDGE('',*,*,#1309,.F.);
#1309 = EDGE_CURVE('',#1310,#1280,#1312,.T.);
#1310 = VERTEX_POINT('',#1311);
#1311 = CARTESIAN_POINT('',(1.,22.156,-1.681602976481));
#1312 = SURFACE_CURVE('',#1313,(#1317,#1324),.PCURVE_S1.);
#1313 = LINE('',#1314,#1315);
#1314 = CARTESIAN_POINT('',(1.,22.156,-1.681602976481));
#1315 = VECTOR('',#1316,1.);
#1316 = DIRECTION('',(0.,-0.140012783158,-0.990149696032));
#1317 = PCURVE('',#182,#1318);
#1318 = DEFINITIONAL_REPRESENTATION('',(#1319),#1323);
#1319 = LINE('',#1320,#1321);
#1320 = CARTESIAN_POINT('',(2.681602976481,-22.156));
#1321 = VECTOR('',#1322,1.);
#1322 = DIRECTION('',(0.990149696032,0.140012783158));
#1323 = ( GEOMETRIC_REPRESENTATION_CONTEXT(2)
PARAMETRIC_REPRESENTATION_CONTEXT() REPRESENTATION_CONTEXT('2D SPACE',''
  ) );
#1324 = PCURVE('',#1325,#1330);
#1325 = PLANE('',#1326);
#1326 = AXIS2_PLACEMENT_3D('',#1327,#1328,#1329);
#1327 = CARTESIAN_POINT('',(1.,22.156,-1.681602976481));
#1328 = DIRECTION('',(0.,0.990149696032,-0.140012783158));
#1329 = DIRECTION('',(0.,-0.140012783158,-0.990149696032));
#1330 = DEFINITIONAL_REPRESENTATION('',(#1331),#1335);
#1331 = LINE('',#1332,#1333);
#1332 = CARTESIAN_POINT('',(0.,0.));
#1333 = VECTOR('',#1334,1.);
#1334 = DIRECTION('',(1.,0.));
#1335 = ( GEOMETRIC_REPRESENTATION_CONTEXT(2)
PARAMETRIC_REPRESENTATION_CONTEXT() REPRESENTATION_CONTEXT('2D SPACE',''
  ) );
#1336 = ORIENTED_EDGE('',*,*,#1337,.F.);
#1337 = EDGE_CURVE('',#1338,#1310,#1340,.T.);
#1338 = VERTEX_POINT('',#1339);
#1339 = CARTESIAN_POINT('',(1.,22.805,-1.681602976481));
#1340 = SURFACE_CURVE('',#1341,(#1345,#1352),.PCURVE_S1.);
#1341 = LINE('',#1342,#1343);
#1342 = CARTESIAN_POINT('',(1.,22.805,-1.681602976481));
#1343 = VECTOR('',#1344,1.);
#1344 = DIRECTION('',(0.,-1.,0.));
#1345 = PCURVE('',#182,#1346);
#1346 = DEFINITIONAL_REPRESENTATION('',(#1347),#1351);
#1347 = LINE('',#1348,#1349);
#1348 = CARTESIAN_POINT('',(2.681602976481,-22.805));
#1349 = VECTOR('',#1350,1.);
#1350 = DIRECTION('',(0.,1.));
#1351 = ( GEOMETRIC_REPRESENTATION_CONTEXT(2)
PARAMETRIC_REPRESENTATION_CONTEXT() REPRESENTATION_CONTEXT('2D SPACE',''
  ) );
#1352 = PCURVE('',#1353,#1358);
#1353 = PLANE('',#1354);
#1354 = AXIS2_PLACEMENT_3D('',#1355,#1356,#1357);
#1355 = CARTESIAN_POINT('',(1.,22.805,-1.681602976481));
#1356 = DIRECTION('',(0.,0.,-1.));
#1357 = DIRECTION('',(0.,-1.,0.));
#1358 = DEFINITIONAL_REPRESENTATION('',(#1359),#1363);
#1359 = LINE('',#1360,#1361);
#1360 = CARTESIAN_POINT('',(0.,-0.));
#1361 = VECTOR('',#1362,1.);
#1362 = DIRECTION('',(1.,0.));
#1363 = ( GEOMETRIC_REPRESENTATION_CONTEXT(2)
PARAMETRIC_REPRESENTATION_CONTEXT() REPRESENTATION_CONTEXT('2D SPACE',''
  ) );
#1364 = ORIENTED_EDGE('',*,*,#1365,.F.);
#1365 = EDGE_CURVE('',#628,#1338,#1366,.T.);
#1366 = SURFACE_CURVE('',#1367,(#1371,#1378),.PCURVE_S1.);
#1367 = LINE('',#1368,#1369);
#1368 = CARTESIAN_POINT('',(1.,22.805,-1.490198679606));
#1369 = VECTOR('',#1370,1.);
#1370 = DIRECTION('',(0.,0.,-1.));
#1371 = PCURVE('',#182,#1372);
#1372 = DEFINITIONAL_REPRESENTATION('',(#1373),#1377);
#1373 = LINE('',#1374,#1375);
#1374 = CARTESIAN_POINT('',(2.490198679606,-22.805));
#1375 = VECTOR('',#1376,1.);
#1376 = DIRECTION('',(1.,0.));
#1377 = ( GEOMETRIC_REPRESENTATION_CONTEXT(2)
PARAMETRIC_REPRESENTATION_CONTEXT() REPRESENTATION_CONTEXT('2D SPACE',''
  ) );
#1378 = PCURVE('',#1379,#1384);
#1379 = PLANE('',#1380);
#1380 = AXIS2_PLACEMENT_3D('',#1381,#1382,#1383);
#1381 = CARTESIAN_POINT('',(1.,22.805,-1.490198679606));
#1382 = DIRECTION('',(0.,1.,0.));
#1383 = DIRECTION('',(0.,0.,-1.));
#1384 = DEFINITIONAL_REPRESENTATION('',(#1385),#1389);
#1385 = LINE('',#1386,#1387);
#1386 = CARTESIAN_POINT('',(0.,0.));
#1387 = VECTOR('',#1388,1.);
#1388 = DIRECTION('',(1.,0.));
#1389 = ( GEOMETRIC_REPRESENTATION_CONTEXT(2)
PARAMETRIC_REPRESENTATION_CONTEXT() REPRESENTATION_CONTEXT('2D SPACE',''
  ) );
#1390 = FACE_BOUND('',#1391,.F.);
#1391 = EDGE_LOOP('',(#1392,#1424,#1454,#1484,#1514,#1544,#1574,#1604,
    #1634,#1664));
#1392 = ORIENTED_EDGE('',*,*,#1393,.F.);
#1393 = EDGE_CURVE('',#1394,#1396,#1398,.T.);
#1394 = VERTEX_POINT('',#1395);
#1395 = CARTESIAN_POINT('',(1.,20.629205729167,-2.295397247314));
#1396 = VERTEX_POINT('',#1397);
#1397 = CARTESIAN_POINT('',(1.,20.662205729167,-1.950000111898));
#1398 = SURFACE_CURVE('',#1399,(#1403,#1410),.PCURVE_S1.);
#1399 = B_SPLINE_CURVE_WITH_KNOTS('',2,(#1400,#1401,#1402),
  .UNSPECIFIED.,.F.,.F.,(3,3),(0.,1.),.PIECEWISE_BEZIER_KNOTS.);
#1400 = CARTESIAN_POINT('',(1.,20.629205729167,-2.295397247314));
#1401 = CARTESIAN_POINT('',(1.,20.629205729167,-2.099602976481));
#1402 = CARTESIAN_POINT('',(1.,20.662205729167,-1.950000111898));
#1403 = PCURVE('',#182,#1404);
#1404 = DEFINITIONAL_REPRESENTATION('',(#1405),#1409);
#1405 = B_SPLINE_CURVE_WITH_KNOTS('',2,(#1406,#1407,#1408),
  .UNSPECIFIED.,.F.,.F.,(3,3),(0.,1.),.PIECEWISE_BEZIER_KNOTS.);
#1406 = CARTESIAN_POINT('',(3.295397247314,-20.62920572916));
#1407 = CARTESIAN_POINT('',(3.099602976481,-20.62920572916));
#1408 = CARTESIAN_POINT('',(2.950000111898,-20.66220572916));
#1409 = ( GEOMETRIC_REPRESENTATION_CONTEXT(2)
PARAMETRIC_REPRESENTATION_CONTEXT() REPRESENTATION_CONTEXT('2D SPACE',''
  ) );
#1410 = PCURVE('',#1411,#1418);
#1411 = SURFACE_OF_LINEAR_EXTRUSION('',#1412,#1416);
#1412 = B_SPLINE_CURVE_WITH_KNOTS('',2,(#1413,#1414,#1415),
  .UNSPECIFIED.,.F.,.F.,(3,3),(0.,1.),.PIECEWISE_BEZIER_KNOTS.);
#1413 = CARTESIAN_POINT('',(1.,20.629205729167,-2.295397247314));
#1414 = CARTESIAN_POINT('',(1.,20.629205729167,-2.099602976481));
#1415 = CARTESIAN_POINT('',(1.,20.662205729167,-1.950000111898));
#1416 = VECTOR('',#1417,1.);
#1417 = DIRECTION('',(-1.,-0.,-0.));
#1418 = DEFINITIONAL_REPRESENTATION('',(#1419),#1423);
#1419 = LINE('',#1420,#1421);
#1420 = CARTESIAN_POINT('',(0.,0.));
#1421 = VECTOR('',#1422,1.);
#1422 = DIRECTION('',(1.,0.));
#1423 = ( GEOMETRIC_REPRESENTATION_CONTEXT(2)
PARAMETRIC_REPRESENTATION_CONTEXT() REPRESENTATION_CONTEXT('2D SPACE',''
  ) );
#1424 = ORIENTED_EDGE('',*,*,#1425,.F.);
#1425 = EDGE_CURVE('',#1426,#1394,#1428,.T.);
#1426 = VERTEX_POINT('',#1427);
#1427 = CARTESIAN_POINT('',(1.,20.759003580729,-2.894900828044));
#1428 = SURFACE_CURVE('',#1429,(#1433,#1440),.PCURVE_S1.);
#1429 = B_SPLINE_CURVE_WITH_KNOTS('',2,(#1430,#1431,#1432),
  .UNSPECIFIED.,.F.,.F.,(3,3),(0.,1.),.PIECEWISE_BEZIER_KNOTS.);
#1430 = CARTESIAN_POINT('',(1.,20.759003580729,-2.894900828044));
#1431 = CARTESIAN_POINT('',(1.,20.629205729167,-2.689198679606));
#1432 = CARTESIAN_POINT('',(1.,20.629205729167,-2.295397247314));
#1433 = PCURVE('',#182,#1434);
#1434 = DEFINITIONAL_REPRESENTATION('',(#1435),#1439);
#1435 = B_SPLINE_CURVE_WITH_KNOTS('',2,(#1436,#1437,#1438),
  .UNSPECIFIED.,.F.,.F.,(3,3),(0.,1.),.PIECEWISE_BEZIER_KNOTS.);
#1436 = CARTESIAN_POINT('',(3.894900828044,-20.75900358072));
#1437 = CARTESIAN_POINT('',(3.689198679606,-20.62920572916));
#1438 = CARTESIAN_POINT('',(3.295397247314,-20.62920572916));
#1439 = ( GEOMETRIC_REPRESENTATION_CONTEXT(2)
PARAMETRIC_REPRESENTATION_CONTEXT() REPRESENTATION_CONTEXT('2D SPACE',''
  ) );
#1440 = PCURVE('',#1441,#1448);
#1441 = SURFACE_OF_LINEAR_EXTRUSION('',#1442,#1446);
#1442 = B_SPLINE_CURVE_WITH_KNOTS('',2,(#1443,#1444,#1445),
  .UNSPECIFIED.,.F.,.F.,(3,3),(0.,1.),.PIECEWISE_BEZIER_KNOTS.);
#1443 = CARTESIAN_POINT('',(1.,20.759003580729,-2.894900828044));
#1444 = CARTESIAN_POINT('',(1.,20.629205729167,-2.689198679606));
#1445 = CARTESIAN_POINT('',(1.,20.629205729167,-2.295397247314));
#1446 = VECTOR('',#1447,1.);
#1447 = DIRECTION('',(-1.,-0.,-0.));
#1448 = DEFINITIONAL_REPRESENTATION('',(#1449),#1453);
#1449 = LINE('',#1450,#1451);
#1450 = CARTESIAN_POINT('',(0.,0.));
#1451 = VECTOR('',#1452,1.);
#1452 = DIRECTION('',(1.,0.));
#1453 = ( GEOMETRIC_REPRESENTATION_CONTEXT(2)
PARAMETRIC_REPRESENTATION_CONTEXT() REPRESENTATION_CONTEXT('2D SPACE',''
  ) );
#1454 = ORIENTED_EDGE('',*,*,#1455,.F.);
#1455 = EDGE_CURVE('',#1456,#1426,#1458,.T.);
#1456 = VERTEX_POINT('',#1457);
#1457 = CARTESIAN_POINT('',(1.,21.139602864583,-3.100602976481));
#1458 = SURFACE_CURVE('',#1459,(#1463,#1470),.PCURVE_S1.);
#1459 = B_SPLINE_CURVE_WITH_KNOTS('',2,(#1460,#1461,#1462),
  .UNSPECIFIED.,.F.,.F.,(3,3),(0.,1.),.PIECEWISE_BEZIER_KNOTS.);
#1460 = CARTESIAN_POINT('',(1.,21.139602864583,-3.100602976481));
#1461 = CARTESIAN_POINT('',(1.,20.888801432292,-3.100602976481));
#1462 = CARTESIAN_POINT('',(1.,20.759003580729,-2.894900828044));
#1463 = PCURVE('',#182,#1464);
#1464 = DEFINITIONAL_REPRESENTATION('',(#1465),#1469);
#1465 = B_SPLINE_CURVE_WITH_KNOTS('',2,(#1466,#1467,#1468),
  .UNSPECIFIED.,.F.,.F.,(3,3),(0.,1.),.PIECEWISE_BEZIER_KNOTS.);
#1466 = CARTESIAN_POINT('',(4.100602976481,-21.13960286458));
#1467 = CARTESIAN_POINT('',(4.100602976481,-20.88880143229));
#1468 = CARTESIAN_POINT('',(3.894900828044,-20.75900358072));
#1469 = ( GEOMETRIC_REPRESENTATION_CONTEXT(2)
PARAMETRIC_REPRESENTATION_CONTEXT() REPRESENTATION_CONTEXT('2D SPACE',''
  ) );
#1470 = PCURVE('',#1471,#1478);
#1471 = SURFACE_OF_LINEAR_EXTRUSION('',#1472,#1476);
#1472 = B_SPLINE_CURVE_WITH_KNOTS('',2,(#1473,#1474,#1475),
  .UNSPECIFIED.,.F.,.F.,(3,3),(0.,1.),.PIECEWISE_BEZIER_KNOTS.);
#1473 = CARTESIAN_POINT('',(1.,21.139602864583,-3.100602976481));
#1474 = CARTESIAN_POINT('',(1.,20.888801432292,-3.100602976481));
#1475 = CARTESIAN_POINT('',(1.,20.759003580729,-2.894900828044));
#1476 = VECTOR('',#1477,1.);
#1477 = DIRECTION('',(-1.,-0.,-0.));
#1478 = DEFINITIONAL_REPRESENTATION('',(#1479),#1483);
#1479 = LINE('',#1480,#1481);
#1480 = CARTESIAN_POINT('',(0.,0.));
#1481 = VECTOR('',#1482,1.);
#1482 = DIRECTION('',(1.,0.));
#1483 = ( GEOMETRIC_REPRESENTATION_CONTEXT(2)
PARAMETRIC_REPRESENTATION_CONTEXT() REPRESENTATION_CONTEXT('2D SPACE',''
  ) );
#1484 = ORIENTED_EDGE('',*,*,#1485,.F.);
#1485 = EDGE_CURVE('',#1486,#1456,#1488,.T.);
#1486 = VERTEX_POINT('',#1487);
#1487 = CARTESIAN_POINT('',(1.,21.519102864583,-2.897102976481));
#1488 = SURFACE_CURVE('',#1489,(#1493,#1500),.PCURVE_S1.);
#1489 = B_SPLINE_CURVE_WITH_KNOTS('',2,(#1490,#1491,#1492),
  .UNSPECIFIED.,.F.,.F.,(3,3),(0.,1.),.PIECEWISE_BEZIER_KNOTS.);
#1490 = CARTESIAN_POINT('',(1.,21.519102864583,-2.897102976481));
#1491 = CARTESIAN_POINT('',(1.,21.388205729167,-3.100602976481));
#1492 = CARTESIAN_POINT('',(1.,21.139602864583,-3.100602976481));
#1493 = PCURVE('',#182,#1494);
#1494 = DEFINITIONAL_REPRESENTATION('',(#1495),#1499);
#1495 = B_SPLINE_CURVE_WITH_KNOTS('',2,(#1496,#1497,#1498),
  .UNSPECIFIED.,.F.,.F.,(3,3),(0.,1.),.PIECEWISE_BEZIER_KNOTS.);
#1496 = CARTESIAN_POINT('',(3.897102976481,-21.51910286458));
#1497 = CARTESIAN_POINT('',(4.100602976481,-21.38820572916));
#1498 = CARTESIAN_POINT('',(4.100602976481,-21.13960286458));
#1499 = ( GEOMETRIC_REPRESENTATION_CONTEXT(2)
PARAMETRIC_REPRESENTATION_CONTEXT() REPRESENTATION_CONTEXT('2D SPACE',''
  ) );
#1500 = PCURVE('',#1501,#1508);
#1501 = SURFACE_OF_LINEAR_EXTRUSION('',#1502,#1506);
#1502 = B_SPLINE_CURVE_WITH_KNOTS('',2,(#1503,#1504,#1505),
  .UNSPECIFIED.,.F.,.F.,(3,3),(0.,1.),.PIECEWISE_BEZIER_KNOTS.);
#1503 = CARTESIAN_POINT('',(1.,21.519102864583,-2.897102976481));
#1504 = CARTESIAN_POINT('',(1.,21.388205729167,-3.100602976481));
#1505 = CARTESIAN_POINT('',(1.,21.139602864583,-3.100602976481));
#1506 = VECTOR('',#1507,1.);
#1507 = DIRECTION('',(-1.,-0.,-0.));
#1508 = DEFINITIONAL_REPRESENTATION('',(#1509),#1513);
#1509 = LINE('',#1510,#1511);
#1510 = CARTESIAN_POINT('',(0.,0.));
#1511 = VECTOR('',#1512,1.);
#1512 = DIRECTION('',(1.,0.));
#1513 = ( GEOMETRIC_REPRESENTATION_CONTEXT(2)
PARAMETRIC_REPRESENTATION_CONTEXT() REPRESENTATION_CONTEXT('2D SPACE',''
  ) );
#1514 = ORIENTED_EDGE('',*,*,#1515,.F.);
#1515 = EDGE_CURVE('',#1516,#1486,#1518,.T.);
#1516 = VERTEX_POINT('',#1517);
#1517 = CARTESIAN_POINT('',(1.,21.65,-2.308602976481));
#1518 = SURFACE_CURVE('',#1519,(#1523,#1530),.PCURVE_S1.);
#1519 = B_SPLINE_CURVE_WITH_KNOTS('',2,(#1520,#1521,#1522),
  .UNSPECIFIED.,.F.,.F.,(3,3),(0.,1.),.PIECEWISE_BEZIER_KNOTS.);
#1520 = CARTESIAN_POINT('',(1.,21.65,-2.308602976481));
#1521 = CARTESIAN_POINT('',(1.,21.65,-2.693602976481));
#1522 = CARTESIAN_POINT('',(1.,21.519102864583,-2.897102976481));
#1523 = PCURVE('',#182,#1524);
#1524 = DEFINITIONAL_REPRESENTATION('',(#1525),#1529);
#1525 = B_SPLINE_CURVE_WITH_KNOTS('',2,(#1526,#1527,#1528),
  .UNSPECIFIED.,.F.,.F.,(3,3),(0.,1.),.PIECEWISE_BEZIER_KNOTS.);
#1526 = CARTESIAN_POINT('',(3.308602976481,-21.65));
#1527 = CARTESIAN_POINT('',(3.693602976481,-21.65));
#1528 = CARTESIAN_POINT('',(3.897102976481,-21.51910286458));
#1529 = ( GEOMETRIC_REPRESENTATION_CONTEXT(2)
PARAMETRIC_REPRESENTATION_CONTEXT() REPRESENTATION_CONTEXT('2D SPACE',''
  ) );
#1530 = PCURVE('',#1531,#1538);
#1531 = SURFACE_OF_LINEAR_EXTRUSION('',#1532,#1536);
#1532 = B_SPLINE_CURVE_WITH_KNOTS('',2,(#1533,#1534,#1535),
  .UNSPECIFIED.,.F.,.F.,(3,3),(0.,1.),.PIECEWISE_BEZIER_KNOTS.);
#1533 = CARTESIAN_POINT('',(1.,21.65,-2.308602976481));
#1534 = CARTESIAN_POINT('',(1.,21.65,-2.693602976481));
#1535 = CARTESIAN_POINT('',(1.,21.519102864583,-2.897102976481));
#1536 = VECTOR('',#1537,1.);
#1537 = DIRECTION('',(-1.,-0.,-0.));
#1538 = DEFINITIONAL_REPRESENTATION('',(#1539),#1543);
#1539 = LINE('',#1540,#1541);
#1540 = CARTESIAN_POINT('',(0.,0.));
#1541 = VECTOR('',#1542,1.);
#1542 = DIRECTION('',(1.,0.));
#1543 = ( GEOMETRIC_REPRESENTATION_CONTEXT(2)
PARAMETRIC_REPRESENTATION_CONTEXT() REPRESENTATION_CONTEXT('2D SPACE',''
  ) );
#1544 = ORIENTED_EDGE('',*,*,#1545,.F.);
#1545 = EDGE_CURVE('',#1546,#1516,#1548,.T.);
#1546 = VERTEX_POINT('',#1547);
#1547 = CARTESIAN_POINT('',(1.,21.139602864583,-1.490198679606));
#1548 = SURFACE_CURVE('',#1549,(#1553,#1560),.PCURVE_S1.);
#1549 = B_SPLINE_CURVE_WITH_KNOTS('',2,(#1550,#1551,#1552),
  .UNSPECIFIED.,.F.,.F.,(3,3),(0.,1.),.PIECEWISE_BEZIER_KNOTS.);
#1550 = CARTESIAN_POINT('',(1.,21.139602864583,-1.490198679606));
#1551 = CARTESIAN_POINT('',(1.,21.65,-1.490198679606));
#1552 = CARTESIAN_POINT('',(1.,21.65,-2.308602976481));
#1553 = PCURVE('',#182,#1554);
#1554 = DEFINITIONAL_REPRESENTATION('',(#1555),#1559);
#1555 = B_SPLINE_CURVE_WITH_KNOTS('',2,(#1556,#1557,#1558),
  .UNSPECIFIED.,.F.,.F.,(3,3),(0.,1.),.PIECEWISE_BEZIER_KNOTS.);
#1556 = CARTESIAN_POINT('',(2.490198679606,-21.13960286458));
#1557 = CARTESIAN_POINT('',(2.490198679606,-21.65));
#1558 = CARTESIAN_POINT('',(3.308602976481,-21.65));
#1559 = ( GEOMETRIC_REPRESENTATION_CONTEXT(2)
PARAMETRIC_REPRESENTATION_CONTEXT() REPRESENTATION_CONTEXT('2D SPACE',''
  ) );
#1560 = PCURVE('',#1561,#1568);
#1561 = SURFACE_OF_LINEAR_EXTRUSION('',#1562,#1566);
#1562 = B_SPLINE_CURVE_WITH_KNOTS('',2,(#1563,#1564,#1565),
  .UNSPECIFIED.,.F.,.F.,(3,3),(0.,1.),.PIECEWISE_BEZIER_KNOTS.);
#1563 = CARTESIAN_POINT('',(1.,21.139602864583,-1.490198679606));
#1564 = CARTESIAN_POINT('',(1.,21.65,-1.490198679606));
#1565 = CARTESIAN_POINT('',(1.,21.65,-2.308602976481));
#1566 = VECTOR('',#1567,1.);
#1567 = DIRECTION('',(-1.,-0.,-0.));
#1568 = DEFINITIONAL_REPRESENTATION('',(#1569),#1573);
#1569 = LINE('',#1570,#1571);
#1570 = CARTESIAN_POINT('',(0.,0.));
#1571 = VECTOR('',#1572,1.);
#1572 = DIRECTION('',(1.,0.));
#1573 = ( GEOMETRIC_REPRESENTATION_CONTEXT(2)
PARAMETRIC_REPRESENTATION_CONTEXT() REPRESENTATION_CONTEXT('2D SPACE',''
  ) );
#1574 = ORIENTED_EDGE('',*,*,#1575,.F.);
#1575 = EDGE_CURVE('',#1576,#1546,#1578,.T.);
#1576 = VERTEX_POINT('',#1577);
#1577 = CARTESIAN_POINT('',(1.,21.002102864583,-1.50779796346));
#1578 = SURFACE_CURVE('',#1579,(#1583,#1590),.PCURVE_S1.);
#1579 = B_SPLINE_CURVE_WITH_KNOTS('',2,(#1580,#1581,#1582),
  .UNSPECIFIED.,.F.,.F.,(3,3),(0.,1.),.PIECEWISE_BEZIER_KNOTS.);
#1580 = CARTESIAN_POINT('',(1.,21.002102864583,-1.50779796346));
#1581 = CARTESIAN_POINT('',(1.,21.067,-1.490198679606));
#1582 = CARTESIAN_POINT('',(1.,21.139602864583,-1.490198679606));
#1583 = PCURVE('',#182,#1584);
#1584 = DEFINITIONAL_REPRESENTATION('',(#1585),#1589);
#1585 = B_SPLINE_CURVE_WITH_KNOTS('',2,(#1586,#1587,#1588),
  .UNSPECIFIED.,.F.,.F.,(3,3),(0.,1.),.PIECEWISE_BEZIER_KNOTS.);
#1586 = CARTESIAN_POINT('',(2.50779796346,-21.00210286458));
#1587 = CARTESIAN_POINT('',(2.490198679606,-21.067));
#1588 = CARTESIAN_POINT('',(2.490198679606,-21.13960286458));
#1589 = ( GEOMETRIC_REPRESENTATION_CONTEXT(2)
PARAMETRIC_REPRESENTATION_CONTEXT() REPRESENTATION_CONTEXT('2D SPACE',''
  ) );
#1590 = PCURVE('',#1591,#1598);
#1591 = SURFACE_OF_LINEAR_EXTRUSION('',#1592,#1596);
#1592 = B_SPLINE_CURVE_WITH_KNOTS('',2,(#1593,#1594,#1595),
  .UNSPECIFIED.,.F.,.F.,(3,3),(0.,1.),.PIECEWISE_BEZIER_KNOTS.);
#1593 = CARTESIAN_POINT('',(1.,21.002102864583,-1.50779796346));
#1594 = CARTESIAN_POINT('',(1.,21.067,-1.490198679606));
#1595 = CARTESIAN_POINT('',(1.,21.139602864583,-1.490198679606));
#1596 = VECTOR('',#1597,1.);
#1597 = DIRECTION('',(-1.,-0.,-0.));
#1598 = DEFINITIONAL_REPRESENTATION('',(#1599),#1603);
#1599 = LINE('',#1600,#1601);
#1600 = CARTESIAN_POINT('',(0.,0.));
#1601 = VECTOR('',#1602,1.);
#1602 = DIRECTION('',(1.,0.));
#1603 = ( GEOMETRIC_REPRESENTATION_CONTEXT(2)
PARAMETRIC_REPRESENTATION_CONTEXT() REPRESENTATION_CONTEXT('2D SPACE',''
  ) );
#1604 = ORIENTED_EDGE('',*,*,#1605,.F.);
#1605 = EDGE_CURVE('',#1606,#1576,#1608,.T.);
#1606 = VERTEX_POINT('',#1607);
#1607 = CARTESIAN_POINT('',(1.,20.866805013021,-1.578198679606));
#1608 = SURFACE_CURVE('',#1609,(#1613,#1620),.PCURVE_S1.);
#1609 = B_SPLINE_CURVE_WITH_KNOTS('',2,(#1610,#1611,#1612),
  .UNSPECIFIED.,.F.,.F.,(3,3),(0.,1.),.PIECEWISE_BEZIER_KNOTS.);
#1610 = CARTESIAN_POINT('',(1.,20.866805013021,-1.578198679606));
#1611 = CARTESIAN_POINT('',(1.,20.937205729167,-1.525397247314));
#1612 = CARTESIAN_POINT('',(1.,21.002102864583,-1.50779796346));
#1613 = PCURVE('',#182,#1614);
#1614 = DEFINITIONAL_REPRESENTATION('',(#1615),#1619);
#1615 = B_SPLINE_CURVE_WITH_KNOTS('',2,(#1616,#1617,#1618),
  .UNSPECIFIED.,.F.,.F.,(3,3),(0.,1.),.PIECEWISE_BEZIER_KNOTS.);
#1616 = CARTESIAN_POINT('',(2.578198679606,-20.86680501302));
#1617 = CARTESIAN_POINT('',(2.525397247314,-20.93720572916));
#1618 = CARTESIAN_POINT('',(2.50779796346,-21.00210286458));
#1619 = ( GEOMETRIC_REPRESENTATION_CONTEXT(2)
PARAMETRIC_REPRESENTATION_CONTEXT() REPRESENTATION_CONTEXT('2D SPACE',''
  ) );
#1620 = PCURVE('',#1621,#1628);
#1621 = SURFACE_OF_LINEAR_EXTRUSION('',#1622,#1626);
#1622 = B_SPLINE_CURVE_WITH_KNOTS('',2,(#1623,#1624,#1625),
  .UNSPECIFIED.,.F.,.F.,(3,3),(0.,1.),.PIECEWISE_BEZIER_KNOTS.);
#1623 = CARTESIAN_POINT('',(1.,20.866805013021,-1.578198679606));
#1624 = CARTESIAN_POINT('',(1.,20.937205729167,-1.525397247314));
#1625 = CARTESIAN_POINT('',(1.,21.002102864583,-1.50779796346));
#1626 = VECTOR('',#1627,1.);
#1627 = DIRECTION('',(-1.,-0.,-0.));
#1628 = DEFINITIONAL_REPRESENTATION('',(#1629),#1633);
#1629 = LINE('',#1630,#1631);
#1630 = CARTESIAN_POINT('',(0.,0.));
#1631 = VECTOR('',#1632,1.);
#1632 = DIRECTION('',(1.,0.));
#1633 = ( GEOMETRIC_REPRESENTATION_CONTEXT(2)
PARAMETRIC_REPRESENTATION_CONTEXT() REPRESENTATION_CONTEXT('2D SPACE',''
  ) );
#1634 = ORIENTED_EDGE('',*,*,#1635,.F.);
#1635 = EDGE_CURVE('',#1636,#1606,#1638,.T.);
#1636 = VERTEX_POINT('',#1637);
#1637 = CARTESIAN_POINT('',(1.,20.745805013021,-1.715698679606));
#1638 = SURFACE_CURVE('',#1639,(#1643,#1650),.PCURVE_S1.);
#1639 = B_SPLINE_CURVE_WITH_KNOTS('',2,(#1640,#1641,#1642),
  .UNSPECIFIED.,.F.,.F.,(3,3),(0.,1.),.PIECEWISE_BEZIER_KNOTS.);
#1640 = CARTESIAN_POINT('',(1.,20.745805013021,-1.715698679606));
#1641 = CARTESIAN_POINT('',(1.,20.796404296875,-1.631000111898));
#1642 = CARTESIAN_POINT('',(1.,20.866805013021,-1.578198679606));
#1643 = PCURVE('',#182,#1644);
#1644 = DEFINITIONAL_REPRESENTATION('',(#1645),#1649);
#1645 = B_SPLINE_CURVE_WITH_KNOTS('',2,(#1646,#1647,#1648),
  .UNSPECIFIED.,.F.,.F.,(3,3),(0.,1.),.PIECEWISE_BEZIER_KNOTS.);
#1646 = CARTESIAN_POINT('',(2.715698679606,-20.74580501302));
#1647 = CARTESIAN_POINT('',(2.631000111898,-20.79640429687));
#1648 = CARTESIAN_POINT('',(2.578198679606,-20.86680501302));
#1649 = ( GEOMETRIC_REPRESENTATION_CONTEXT(2)
PARAMETRIC_REPRESENTATION_CONTEXT() REPRESENTATION_CONTEXT('2D SPACE',''
  ) );
#1650 = PCURVE('',#1651,#1658);
#1651 = SURFACE_OF_LINEAR_EXTRUSION('',#1652,#1656);
#1652 = B_SPLINE_CURVE_WITH_KNOTS('',2,(#1653,#1654,#1655),
  .UNSPECIFIED.,.F.,.F.,(3,3),(0.,1.),.PIECEWISE_BEZIER_KNOTS.);
#1653 = CARTESIAN_POINT('',(1.,20.745805013021,-1.715698679606));
#1654 = CARTESIAN_POINT('',(1.,20.796404296875,-1.631000111898));
#1655 = CARTESIAN_POINT('',(1.,20.866805013021,-1.578198679606));
#1656 = VECTOR('',#1657,1.);
#1657 = DIRECTION('',(-1.,-0.,-0.));
#1658 = DEFINITIONAL_REPRESENTATION('',(#1659),#1663);
#1659 = LINE('',#1660,#1661);
#1660 = CARTESIAN_POINT('',(0.,0.));
#1661 = VECTOR('',#1662,1.);
#1662 = DIRECTION('',(1.,0.));
#1663 = ( GEOMETRIC_REPRESENTATION_CONTEXT(2)
PARAMETRIC_REPRESENTATION_CONTEXT() REPRESENTATION_CONTEXT('2D SPACE',''
  ) );
#1664 = ORIENTED_EDGE('',*,*,#1665,.F.);
#1665 = EDGE_CURVE('',#1396,#1636,#1666,.T.);
#1666 = SURFACE_CURVE('',#1667,(#1671,#1678),.PCURVE_S1.);
#1667 = B_SPLINE_CURVE_WITH_KNOTS('',2,(#1668,#1669,#1670),
  .UNSPECIFIED.,.F.,.F.,(3,3),(0.,1.),.PIECEWISE_BEZIER_KNOTS.);
#1668 = CARTESIAN_POINT('',(1.,20.662205729167,-1.950000111898));
#1669 = CARTESIAN_POINT('',(1.,20.695205729167,-1.800397247314));
#1670 = CARTESIAN_POINT('',(1.,20.745805013021,-1.715698679606));
#1671 = PCURVE('',#182,#1672);
#1672 = DEFINITIONAL_REPRESENTATION('',(#1673),#1677);
#1673 = B_SPLINE_CURVE_WITH_KNOTS('',2,(#1674,#1675,#1676),
  .UNSPECIFIED.,.F.,.F.,(3,3),(0.,1.),.PIECEWISE_BEZIER_KNOTS.);
#1674 = CARTESIAN_POINT('',(2.950000111898,-20.66220572916));
#1675 = CARTESIAN_POINT('',(2.800397247314,-20.69520572916));
#1676 = CARTESIAN_POINT('',(2.715698679606,-20.74580501302));
#1677 = ( GEOMETRIC_REPRESENTATION_CONTEXT(2)
PARAMETRIC_REPRESENTATION_CONTEXT() REPRESENTATION_CONTEXT('2D SPACE',''
  ) );
#1678 = PCURVE('',#1679,#1686);
#1679 = SURFACE_OF_LINEAR_EXTRUSION('',#1680,#1684);
#1680 = B_SPLINE_CURVE_WITH_KNOTS('',2,(#1681,#1682,#1683),
  .UNSPECIFIED.,.F.,.F.,(3,3),(0.,1.),.PIECEWISE_BEZIER_KNOTS.);
#1681 = CARTESIAN_POINT('',(1.,20.662205729167,-1.950000111898));
#1682 = CARTESIAN_POINT('',(1.,20.695205729167,-1.800397247314));
#1683 = CARTESIAN_POINT('',(1.,20.745805013021,-1.715698679606));
#1684 = VECTOR('',#1685,1.);
#1685 = DIRECTION('',(-1.,-0.,-0.));
#1686 = DEFINITIONAL_REPRESENTATION('',(#1687),#1691);
#1687 = LINE('',#1688,#1689);
#1688 = CARTESIAN_POINT('',(0.,0.));
#1689 = VECTOR('',#1690,1.);
#1690 = DIRECTION('',(1.,0.));
#1691 = ( GEOMETRIC_REPRESENTATION_CONTEXT(2)
PARAMETRIC_REPRESENTATION_CONTEXT() REPRESENTATION_CONTEXT('2D SPACE',''
  ) );
#1692 = FACE_BOUND('',#1693,.F.);
#1693 = EDGE_LOOP('',(#1694,#1724,#1752,#1780));
#1694 = ORIENTED_EDGE('',*,*,#1695,.F.);
#1695 = EDGE_CURVE('',#1696,#1698,#1700,.T.);
#1696 = VERTEX_POINT('',#1697);
#1697 = CARTESIAN_POINT('',(1.,19.903198567708,-2.363602976481));
#1698 = VERTEX_POINT('',#1699);
#1699 = CARTESIAN_POINT('',(1.,20.433397135417,-2.363602976481));
#1700 = SURFACE_CURVE('',#1701,(#1705,#1712),.PCURVE_S1.);
#1701 = LINE('',#1702,#1703);
#1702 = CARTESIAN_POINT('',(1.,19.903198567708,-2.363602976481));
#1703 = VECTOR('',#1704,1.);
#1704 = DIRECTION('',(0.,1.,0.));
#1705 = PCURVE('',#182,#1706);
#1706 = DEFINITIONAL_REPRESENTATION('',(#1707),#1711);
#1707 = LINE('',#1708,#1709);
#1708 = CARTESIAN_POINT('',(3.363602976481,-19.9031985677));
#1709 = VECTOR('',#1710,1.);
#1710 = DIRECTION('',(0.,-1.));
#1711 = ( GEOMETRIC_REPRESENTATION_CONTEXT(2)
PARAMETRIC_REPRESENTATION_CONTEXT() REPRESENTATION_CONTEXT('2D SPACE',''
  ) );
#1712 = PCURVE('',#1713,#1718);
#1713 = PLANE('',#1714);
#1714 = AXIS2_PLACEMENT_3D('',#1715,#1716,#1717);
#1715 = CARTESIAN_POINT('',(1.,19.903198567708,-2.363602976481));
#1716 = DIRECTION('',(0.,0.,1.));
#1717 = DIRECTION('',(0.,1.,0.));
#1718 = DEFINITIONAL_REPRESENTATION('',(#1719),#1723);
#1719 = LINE('',#1720,#1721);
#1720 = CARTESIAN_POINT('',(0.,0.));
#1721 = VECTOR('',#1722,1.);
#1722 = DIRECTION('',(1.,0.));
#1723 = ( GEOMETRIC_REPRESENTATION_CONTEXT(2)
PARAMETRIC_REPRESENTATION_CONTEXT() REPRESENTATION_CONTEXT('2D SPACE',''
  ) );
#1724 = ORIENTED_EDGE('',*,*,#1725,.F.);
#1725 = EDGE_CURVE('',#1726,#1696,#1728,.T.);
#1726 = VERTEX_POINT('',#1727);
#1727 = CARTESIAN_POINT('',(1.,19.903198567708,-2.522000111898));
#1728 = SURFACE_CURVE('',#1729,(#1733,#1740),.PCURVE_S1.);
#1729 = LINE('',#1730,#1731);
#1730 = CARTESIAN_POINT('',(1.,19.903198567708,-2.522000111898));
#1731 = VECTOR('',#1732,1.);
#1732 = DIRECTION('',(0.,0.,1.));
#1733 = PCURVE('',#182,#1734);
#1734 = DEFINITIONAL_REPRESENTATION('',(#1735),#1739);
#1735 = LINE('',#1736,#1737);
#1736 = CARTESIAN_POINT('',(3.522000111898,-19.9031985677));
#1737 = VECTOR('',#1738,1.);
#1738 = DIRECTION('',(-1.,-0.));
#1739 = ( GEOMETRIC_REPRESENTATION_CONTEXT(2)
PARAMETRIC_REPRESENTATION_CONTEXT() REPRESENTATION_CONTEXT('2D SPACE',''
  ) );
#1740 = PCURVE('',#1741,#1746);
#1741 = PLANE('',#1742);
#1742 = AXIS2_PLACEMENT_3D('',#1743,#1744,#1745);
#1743 = CARTESIAN_POINT('',(1.,19.903198567708,-2.522000111898));
#1744 = DIRECTION('',(0.,-1.,0.));
#1745 = DIRECTION('',(0.,0.,1.));
#1746 = DEFINITIONAL_REPRESENTATION('',(#1747),#1751);
#1747 = LINE('',#1748,#1749);
#1748 = CARTESIAN_POINT('',(0.,0.));
#1749 = VECTOR('',#1750,1.);
#1750 = DIRECTION('',(1.,0.));
#1751 = ( GEOMETRIC_REPRESENTATION_CONTEXT(2)
PARAMETRIC_REPRESENTATION_CONTEXT() REPRESENTATION_CONTEXT('2D SPACE',''
  ) );
#1752 = ORIENTED_EDGE('',*,*,#1753,.F.);
#1753 = EDGE_CURVE('',#1754,#1726,#1756,.T.);
#1754 = VERTEX_POINT('',#1755);
#1755 = CARTESIAN_POINT('',(1.,20.433397135417,-2.522000111898));
#1756 = SURFACE_CURVE('',#1757,(#1761,#1768),.PCURVE_S1.);
#1757 = LINE('',#1758,#1759);
#1758 = CARTESIAN_POINT('',(1.,20.433397135417,-2.522000111898));
#1759 = VECTOR('',#1760,1.);
#1760 = DIRECTION('',(0.,-1.,0.));
#1761 = PCURVE('',#182,#1762);
#1762 = DEFINITIONAL_REPRESENTATION('',(#1763),#1767);
#1763 = LINE('',#1764,#1765);
#1764 = CARTESIAN_POINT('',(3.522000111898,-20.43339713541));
#1765 = VECTOR('',#1766,1.);
#1766 = DIRECTION('',(0.,1.));
#1767 = ( GEOMETRIC_REPRESENTATION_CONTEXT(2)
PARAMETRIC_REPRESENTATION_CONTEXT() REPRESENTATION_CONTEXT('2D SPACE',''
  ) );
#1768 = PCURVE('',#1769,#1774);
#1769 = PLANE('',#1770);
#1770 = AXIS2_PLACEMENT_3D('',#1771,#1772,#1773);
#1771 = CARTESIAN_POINT('',(1.,20.433397135417,-2.522000111898));
#1772 = DIRECTION('',(0.,0.,-1.));
#1773 = DIRECTION('',(0.,-1.,0.));
#1774 = DEFINITIONAL_REPRESENTATION('',(#1775),#1779);
#1775 = LINE('',#1776,#1777);
#1776 = CARTESIAN_POINT('',(0.,-0.));
#1777 = VECTOR('',#1778,1.);
#1778 = DIRECTION('',(1.,0.));
#1779 = ( GEOMETRIC_REPRESENTATION_CONTEXT(2)
PARAMETRIC_REPRESENTATION_CONTEXT() REPRESENTATION_CONTEXT('2D SPACE',''
  ) );
#1780 = ORIENTED_EDGE('',*,*,#1781,.F.);
#1781 = EDGE_CURVE('',#1698,#1754,#1782,.T.);
#1782 = SURFACE_CURVE('',#1783,(#1787,#1794),.PCURVE_S1.);
#1783 = LINE('',#1784,#1785);
#1784 = CARTESIAN_POINT('',(1.,20.433397135417,-2.363602976481));
#1785 = VECTOR('',#1786,1.);
#1786 = DIRECTION('',(0.,0.,-1.));
#1787 = PCURVE('',#182,#1788);
#1788 = DEFINITIONAL_REPRESENTATION('',(#1789),#1793);
#1789 = LINE('',#1790,#1791);
#1790 = CARTESIAN_POINT('',(3.363602976481,-20.43339713541));
#1791 = VECTOR('',#1792,1.);
#1792 = DIRECTION('',(1.,0.));
#1793 = ( GEOMETRIC_REPRESENTATION_CONTEXT(2)
PARAMETRIC_REPRESENTATION_CONTEXT() REPRESENTATION_CONTEXT('2D SPACE',''
  ) );
#1794 = PCURVE('',#1795,#1800);
#1795 = PLANE('',#1796);
#1796 = AXIS2_PLACEMENT_3D('',#1797,#1798,#1799);
#1797 = CARTESIAN_POINT('',(1.,20.433397135417,-2.363602976481));
#1798 = DIRECTION('',(0.,1.,0.));
#1799 = DIRECTION('',(0.,0.,-1.));
#1800 = DEFINITIONAL_REPRESENTATION('',(#1801),#1805);
#1801 = LINE('',#1802,#1803);
#1802 = CARTESIAN_POINT('',(0.,0.));
#1803 = VECTOR('',#1804,1.);
#1804 = DIRECTION('',(1.,0.));
#1805 = ( GEOMETRIC_REPRESENTATION_CONTEXT(2)
PARAMETRIC_REPRESENTATION_CONTEXT() REPRESENTATION_CONTEXT('2D SPACE',''
  ) );
#1806 = FACE_BOUND('',#1807,.F.);
#1807 = EDGE_LOOP('',(#1808,#1838,#1866,#1894,#1922,#1952,#1982,#2010));
#1808 = ORIENTED_EDGE('',*,*,#1809,.F.);
#1809 = EDGE_CURVE('',#1810,#1812,#1814,.T.);
#1810 = VERTEX_POINT('',#1811);
#1811 = CARTESIAN_POINT('',(1.,19.148602864583,-3.050000111898));
#1812 = VERTEX_POINT('',#1813);
#1813 = CARTESIAN_POINT('',(1.,19.148602864583,-1.939000111898));
#1814 = SURFACE_CURVE('',#1815,(#1819,#1826),.PCURVE_S1.);
#1815 = LINE('',#1816,#1817);
#1816 = CARTESIAN_POINT('',(1.,19.148602864583,-3.050000111898));
#1817 = VECTOR('',#1818,1.);
#1818 = DIRECTION('',(0.,0.,1.));
#1819 = PCURVE('',#182,#1820);
#1820 = DEFINITIONAL_REPRESENTATION('',(#1821),#1825);
#1821 = LINE('',#1822,#1823);
#1822 = CARTESIAN_POINT('',(4.050000111898,-19.14860286458));
#1823 = VECTOR('',#1824,1.);
#1824 = DIRECTION('',(-1.,-0.));
#1825 = ( GEOMETRIC_REPRESENTATION_CONTEXT(2)
PARAMETRIC_REPRESENTATION_CONTEXT() REPRESENTATION_CONTEXT('2D SPACE',''
  ) );
#1826 = PCURVE('',#1827,#1832);
#1827 = PLANE('',#1828);
#1828 = AXIS2_PLACEMENT_3D('',#1829,#1830,#1831);
#1829 = CARTESIAN_POINT('',(1.,19.148602864583,-3.050000111898));
#1830 = DIRECTION('',(0.,-1.,0.));
#1831 = DIRECTION('',(0.,0.,1.));
#1832 = DEFINITIONAL_REPRESENTATION('',(#1833),#1837);
#1833 = LINE('',#1834,#1835);
#1834 = CARTESIAN_POINT('',(0.,0.));
#1835 = VECTOR('',#1836,1.);
#1836 = DIRECTION('',(1.,0.));
#1837 = ( GEOMETRIC_REPRESENTATION_CONTEXT(2)
PARAMETRIC_REPRESENTATION_CONTEXT() REPRESENTATION_CONTEXT('2D SPACE',''
  ) );
#1838 = ORIENTED_EDGE('',*,*,#1839,.F.);
#1839 = EDGE_CURVE('',#1840,#1810,#1842,.T.);
#1840 = VERTEX_POINT('',#1841);
#1841 = CARTESIAN_POINT('',(1.,19.342198567708,-3.050000111898));
#1842 = SURFACE_CURVE('',#1843,(#1847,#1854),.PCURVE_S1.);
#1843 = LINE('',#1844,#1845);
#1844 = CARTESIAN_POINT('',(1.,19.342198567708,-3.050000111898));
#1845 = VECTOR('',#1846,1.);
#1846 = DIRECTION('',(0.,-1.,0.));
#1847 = PCURVE('',#182,#1848);
#1848 = DEFINITIONAL_REPRESENTATION('',(#1849),#1853);
#1849 = LINE('',#1850,#1851);
#1850 = CARTESIAN_POINT('',(4.050000111898,-19.3421985677));
#1851 = VECTOR('',#1852,1.);
#1852 = DIRECTION('',(0.,1.));
#1853 = ( GEOMETRIC_REPRESENTATION_CONTEXT(2)
PARAMETRIC_REPRESENTATION_CONTEXT() REPRESENTATION_CONTEXT('2D SPACE',''
  ) );
#1854 = PCURVE('',#1855,#1860);
#1855 = PLANE('',#1856);
#1856 = AXIS2_PLACEMENT_3D('',#1857,#1858,#1859);
#1857 = CARTESIAN_POINT('',(1.,19.342198567708,-3.050000111898));
#1858 = DIRECTION('',(0.,0.,-1.));
#1859 = DIRECTION('',(0.,-1.,0.));
#1860 = DEFINITIONAL_REPRESENTATION('',(#1861),#1865);
#1861 = LINE('',#1862,#1863);
#1862 = CARTESIAN_POINT('',(0.,-0.));
#1863 = VECTOR('',#1864,1.);
#1864 = DIRECTION('',(1.,0.));
#1865 = ( GEOMETRIC_REPRESENTATION_CONTEXT(2)
PARAMETRIC_REPRESENTATION_CONTEXT() REPRESENTATION_CONTEXT('2D SPACE',''
  ) );
#1866 = ORIENTED_EDGE('',*,*,#1867,.F.);
#1867 = EDGE_CURVE('',#1868,#1840,#1870,.T.);
#1868 = VERTEX_POINT('',#1869);
#1869 = CARTESIAN_POINT('',(1.,19.342198567708,-1.490198679606));
#1870 = SURFACE_CURVE('',#1871,(#1875,#1882),.PCURVE_S1.);
#1871 = LINE('',#1872,#1873);
#1872 = CARTESIAN_POINT('',(1.,19.342198567708,-1.490198679606));
#1873 = VECTOR('',#1874,1.);
#1874 = DIRECTION('',(0.,0.,-1.));
#1875 = PCURVE('',#182,#1876);
#1876 = DEFINITIONAL_REPRESENTATION('',(#1877),#1881);
#1877 = LINE('',#1878,#1879);
#1878 = CARTESIAN_POINT('',(2.490198679606,-19.3421985677));
#1879 = VECTOR('',#1880,1.);
#1880 = DIRECTION('',(1.,0.));
#1881 = ( GEOMETRIC_REPRESENTATION_CONTEXT(2)
PARAMETRIC_REPRESENTATION_CONTEXT() REPRESENTATION_CONTEXT('2D SPACE',''
  ) );
#1882 = PCURVE('',#1883,#1888);
#1883 = PLANE('',#1884);
#1884 = AXIS2_PLACEMENT_3D('',#1885,#1886,#1887);
#1885 = CARTESIAN_POINT('',(1.,19.342198567708,-1.490198679606));
#1886 = DIRECTION('',(0.,1.,0.));
#1887 = DIRECTION('',(0.,0.,-1.));
#1888 = DEFINITIONAL_REPRESENTATION('',(#1889),#1893);
#1889 = LINE('',#1890,#1891);
#1890 = CARTESIAN_POINT('',(0.,0.));
#1891 = VECTOR('',#1892,1.);
#1892 = DIRECTION('',(1.,0.));
#1893 = ( GEOMETRIC_REPRESENTATION_CONTEXT(2)
PARAMETRIC_REPRESENTATION_CONTEXT() REPRESENTATION_CONTEXT('2D SPACE',''
  ) );
#1894 = ORIENTED_EDGE('',*,*,#1895,.F.);
#1895 = EDGE_CURVE('',#1896,#1868,#1898,.T.);
#1896 = VERTEX_POINT('',#1897);
#1897 = CARTESIAN_POINT('',(1.,19.214602864583,-1.490198679606));
#1898 = SURFACE_CURVE('',#1899,(#1903,#1910),.PCURVE_S1.);
#1899 = LINE('',#1900,#1901);
#1900 = CARTESIAN_POINT('',(1.,19.214602864583,-1.490198679606));
#1901 = VECTOR('',#1902,1.);
#1902 = DIRECTION('',(0.,1.,0.));
#1903 = PCURVE('',#182,#1904);
#1904 = DEFINITIONAL_REPRESENTATION('',(#1905),#1909);
#1905 = LINE('',#1906,#1907);
#1906 = CARTESIAN_POINT('',(2.490198679606,-19.21460286458));
#1907 = VECTOR('',#1908,1.);
#1908 = DIRECTION('',(0.,-1.));
#1909 = ( GEOMETRIC_REPRESENTATION_CONTEXT(2)
PARAMETRIC_REPRESENTATION_CONTEXT() REPRESENTATION_CONTEXT('2D SPACE',''
  ) );
#1910 = PCURVE('',#1911,#1916);
#1911 = PLANE('',#1912);
#1912 = AXIS2_PLACEMENT_3D('',#1913,#1914,#1915);
#1913 = CARTESIAN_POINT('',(1.,19.214602864583,-1.490198679606));
#1914 = DIRECTION('',(0.,0.,1.));
#1915 = DIRECTION('',(0.,1.,0.));
#1916 = DEFINITIONAL_REPRESENTATION('',(#1917),#1921);
#1917 = LINE('',#1918,#1919);
#1918 = CARTESIAN_POINT('',(0.,0.));
#1919 = VECTOR('',#1920,1.);
#1920 = DIRECTION('',(1.,0.));
#1921 = ( GEOMETRIC_REPRESENTATION_CONTEXT(2)
PARAMETRIC_REPRESENTATION_CONTEXT() REPRESENTATION_CONTEXT('2D SPACE',''
  ) );
#1922 = ORIENTED_EDGE('',*,*,#1923,.F.);
#1923 = EDGE_CURVE('',#1924,#1896,#1926,.T.);
#1924 = VERTEX_POINT('',#1925);
#1925 = CARTESIAN_POINT('',(1.,19.095801432292,-1.721202260335));
#1926 = SURFACE_CURVE('',#1927,(#1931,#1938),.PCURVE_S1.);
#1927 = B_SPLINE_CURVE_WITH_KNOTS('',2,(#1928,#1929,#1930),
  .UNSPECIFIED.,.F.,.F.,(3,3),(0.,1.),.PIECEWISE_BEZIER_KNOTS.);
#1928 = CARTESIAN_POINT('',(1.,19.095801432292,-1.721202260335));
#1929 = CARTESIAN_POINT('',(1.,19.164,-1.670602976481));
#1930 = CARTESIAN_POINT('',(1.,19.214602864583,-1.490198679606));
#1931 = PCURVE('',#182,#1932);
#1932 = DEFINITIONAL_REPRESENTATION('',(#1933),#1937);
#1933 = B_SPLINE_CURVE_WITH_KNOTS('',2,(#1934,#1935,#1936),
  .UNSPECIFIED.,.F.,.F.,(3,3),(0.,1.),.PIECEWISE_BEZIER_KNOTS.);
#1934 = CARTESIAN_POINT('',(2.721202260335,-19.09580143229));
#1935 = CARTESIAN_POINT('',(2.670602976481,-19.164));
#1936 = CARTESIAN_POINT('',(2.490198679606,-19.21460286458));
#1937 = ( GEOMETRIC_REPRESENTATION_CONTEXT(2)
PARAMETRIC_REPRESENTATION_CONTEXT() REPRESENTATION_CONTEXT('2D SPACE',''
  ) );
#1938 = PCURVE('',#1939,#1946);
#1939 = SURFACE_OF_LINEAR_EXTRUSION('',#1940,#1944);
#1940 = B_SPLINE_CURVE_WITH_KNOTS('',2,(#1941,#1942,#1943),
  .UNSPECIFIED.,.F.,.F.,(3,3),(0.,1.),.PIECEWISE_BEZIER_KNOTS.);
#1941 = CARTESIAN_POINT('',(1.,19.095801432292,-1.721202260335));
#1942 = CARTESIAN_POINT('',(1.,19.164,-1.670602976481));
#1943 = CARTESIAN_POINT('',(1.,19.214602864583,-1.490198679606));
#1944 = VECTOR('',#1945,1.);
#1945 = DIRECTION('',(-1.,-0.,-0.));
#1946 = DEFINITIONAL_REPRESENTATION('',(#1947),#1951);
#1947 = LINE('',#1948,#1949);
#1948 = CARTESIAN_POINT('',(0.,0.));
#1949 = VECTOR('',#1950,1.);
#1950 = DIRECTION('',(1.,0.));
#1951 = ( GEOMETRIC_REPRESENTATION_CONTEXT(2)
PARAMETRIC_REPRESENTATION_CONTEXT() REPRESENTATION_CONTEXT('2D SPACE',''
  ) );
#1952 = ORIENTED_EDGE('',*,*,#1953,.F.);
#1953 = EDGE_CURVE('',#1954,#1924,#1956,.T.);
#1954 = VERTEX_POINT('',#1955);
#1955 = CARTESIAN_POINT('',(1.,18.803198567708,-1.800397247314));
#1956 = SURFACE_CURVE('',#1957,(#1961,#1968),.PCURVE_S1.);
#1957 = B_SPLINE_CURVE_WITH_KNOTS('',2,(#1958,#1959,#1960),
  .UNSPECIFIED.,.F.,.F.,(3,3),(0.,1.),.PIECEWISE_BEZIER_KNOTS.);
#1958 = CARTESIAN_POINT('',(1.,18.803198567708,-1.800397247314));
#1959 = CARTESIAN_POINT('',(1.,19.027602864583,-1.771801544189));
#1960 = CARTESIAN_POINT('',(1.,19.095801432292,-1.721202260335));
#1961 = PCURVE('',#182,#1962);
#1962 = DEFINITIONAL_REPRESENTATION('',(#1963),#1967);
#1963 = B_SPLINE_CURVE_WITH_KNOTS('',2,(#1964,#1965,#1966),
  .UNSPECIFIED.,.F.,.F.,(3,3),(0.,1.),.PIECEWISE_BEZIER_KNOTS.);
#1964 = CARTESIAN_POINT('',(2.800397247314,-18.8031985677));
#1965 = CARTESIAN_POINT('',(2.771801544189,-19.02760286458));
#1966 = CARTESIAN_POINT('',(2.721202260335,-19.09580143229));
#1967 = ( GEOMETRIC_REPRESENTATION_CONTEXT(2)
PARAMETRIC_REPRESENTATION_CONTEXT() REPRESENTATION_CONTEXT('2D SPACE',''
  ) );
#1968 = PCURVE('',#1969,#1976);
#1969 = SURFACE_OF_LINEAR_EXTRUSION('',#1970,#1974);
#1970 = B_SPLINE_CURVE_WITH_KNOTS('',2,(#1971,#1972,#1973),
  .UNSPECIFIED.,.F.,.F.,(3,3),(0.,1.),.PIECEWISE_BEZIER_KNOTS.);
#1971 = CARTESIAN_POINT('',(1.,18.803198567708,-1.800397247314));
#1972 = CARTESIAN_POINT('',(1.,19.027602864583,-1.771801544189));
#1973 = CARTESIAN_POINT('',(1.,19.095801432292,-1.721202260335));
#1974 = VECTOR('',#1975,1.);
#1975 = DIRECTION('',(-1.,-0.,-0.));
#1976 = DEFINITIONAL_REPRESENTATION('',(#1977),#1981);
#1977 = LINE('',#1978,#1979);
#1978 = CARTESIAN_POINT('',(0.,0.));
#1979 = VECTOR('',#1980,1.);
#1980 = DIRECTION('',(1.,0.));
#1981 = ( GEOMETRIC_REPRESENTATION_CONTEXT(2)
PARAMETRIC_REPRESENTATION_CONTEXT() REPRESENTATION_CONTEXT('2D SPACE',''
  ) );
#1982 = ORIENTED_EDGE('',*,*,#1983,.F.);
#1983 = EDGE_CURVE('',#1984,#1954,#1986,.T.);
#1984 = VERTEX_POINT('',#1985);
#1985 = CARTESIAN_POINT('',(1.,18.803198567708,-1.939000111898));
#1986 = SURFACE_CURVE('',#1987,(#1991,#1998),.PCURVE_S1.);
#1987 = LINE('',#1988,#1989);
#1988 = CARTESIAN_POINT('',(1.,18.803198567708,-1.939000111898));
#1989 = VECTOR('',#1990,1.);
#1990 = DIRECTION('',(0.,0.,1.));
#1991 = PCURVE('',#182,#1992);
#1992 = DEFINITIONAL_REPRESENTATION('',(#1993),#1997);
#1993 = LINE('',#1994,#1995);
#1994 = CARTESIAN_POINT('',(2.939000111898,-18.8031985677));
#1995 = VECTOR('',#1996,1.);
#1996 = DIRECTION('',(-1.,-0.));
#1997 = ( GEOMETRIC_REPRESENTATION_CONTEXT(2)
PARAMETRIC_REPRESENTATION_CONTEXT() REPRESENTATION_CONTEXT('2D SPACE',''
  ) );
#1998 = PCURVE('',#1999,#2004);
#1999 = PLANE('',#2000);
#2000 = AXIS2_PLACEMENT_3D('',#2001,#2002,#2003);
#2001 = CARTESIAN_POINT('',(1.,18.803198567708,-1.939000111898));
#2002 = DIRECTION('',(0.,-1.,0.));
#2003 = DIRECTION('',(0.,0.,1.));
#2004 = DEFINITIONAL_REPRESENTATION('',(#2005),#2009);
#2005 = LINE('',#2006,#2007);
#2006 = CARTESIAN_POINT('',(0.,0.));
#2007 = VECTOR('',#2008,1.);
#2008 = DIRECTION('',(1.,0.));
#2009 = ( GEOMETRIC_REPRESENTATION_CONTEXT(2)
PARAMETRIC_REPRESENTATION_CONTEXT() REPRESENTATION_CONTEXT('2D SPACE',''
  ) );
#2010 = ORIENTED_EDGE('',*,*,#2011,.F.);
#2011 = EDGE_CURVE('',#1812,#1984,#2012,.T.);
#2012 = SURFACE_CURVE('',#2013,(#2017,#2024),.PCURVE_S1.);
#2013 = LINE('',#2014,#2015);
#2014 = CARTESIAN_POINT('',(1.,19.148602864583,-1.939000111898));
#2015 = VECTOR('',#2016,1.);
#2016 = DIRECTION('',(0.,-1.,0.));
#2017 = PCURVE('',#182,#2018);
#2018 = DEFINITIONAL_REPRESENTATION('',(#2019),#2023);
#2019 = LINE('',#2020,#2021);
#2020 = CARTESIAN_POINT('',(2.939000111898,-19.14860286458));
#2021 = VECTOR('',#2022,1.);
#2022 = DIRECTION('',(0.,1.));
#2023 = ( GEOMETRIC_REPRESENTATION_CONTEXT(2)
PARAMETRIC_REPRESENTATION_CONTEXT() REPRESENTATION_CONTEXT('2D SPACE',''
  ) );
#2024 = PCURVE('',#2025,#2030);
#2025 = PLANE('',#2026);
#2026 = AXIS2_PLACEMENT_3D('',#2027,#2028,#2029);
#2027 = CARTESIAN_POINT('',(1.,19.148602864583,-1.939000111898));
#2028 = DIRECTION('',(0.,0.,-1.));
#2029 = DIRECTION('',(0.,-1.,0.));
#2030 = DEFINITIONAL_REPRESENTATION('',(#2031),#2035);
#2031 = LINE('',#2032,#2033);
#2032 = CARTESIAN_POINT('',(0.,-0.));
#2033 = VECTOR('',#2034,1.);
#2034 = DIRECTION('',(1.,0.));
#2035 = ( GEOMETRIC_REPRESENTATION_CONTEXT(2)
PARAMETRIC_REPRESENTATION_CONTEXT() REPRESENTATION_CONTEXT('2D SPACE',''
  ) );
#2036 = FACE_BOUND('',#2037,.F.);
#2037 = EDGE_LOOP('',(#2038,#2070,#2100,#2130,#2160,#2190,#2220,#2250,
    #2278,#2308,#2338,#2368,#2398,#2428,#2458,#2488,#2518,#2546,#2576,
    #2606,#2636,#2666));
#2038 = ORIENTED_EDGE('',*,*,#2039,.F.);
#2039 = EDGE_CURVE('',#2040,#2042,#2044,.T.);
#2040 = VERTEX_POINT('',#2041);
#2041 = CARTESIAN_POINT('',(1.,17.107,-2.266801544189));
#2042 = VERTEX_POINT('',#2043);
#2043 = CARTESIAN_POINT('',(1.,17.125698567708,-2.049000111898));
#2044 = SURFACE_CURVE('',#2045,(#2049,#2056),.PCURVE_S1.);
#2045 = B_SPLINE_CURVE_WITH_KNOTS('',2,(#2046,#2047,#2048),
  .UNSPECIFIED.,.F.,.F.,(3,3),(0.,1.),.PIECEWISE_BEZIER_KNOTS.);
#2046 = CARTESIAN_POINT('',(1.,17.107,-2.266801544189));
#2047 = CARTESIAN_POINT('',(1.,17.107,-2.156801544189));
#2048 = CARTESIAN_POINT('',(1.,17.125698567708,-2.049000111898));
#2049 = PCURVE('',#182,#2050);
#2050 = DEFINITIONAL_REPRESENTATION('',(#2051),#2055);
#2051 = B_SPLINE_CURVE_WITH_KNOTS('',2,(#2052,#2053,#2054),
  .UNSPECIFIED.,.F.,.F.,(3,3),(0.,1.),.PIECEWISE_BEZIER_KNOTS.);
#2052 = CARTESIAN_POINT('',(3.266801544189,-17.107));
#2053 = CARTESIAN_POINT('',(3.156801544189,-17.107));
#2054 = CARTESIAN_POINT('',(3.049000111898,-17.1256985677));
#2055 = ( GEOMETRIC_REPRESENTATION_CONTEXT(2)
PARAMETRIC_REPRESENTATION_CONTEXT() REPRESENTATION_CONTEXT('2D SPACE',''
  ) );
#2056 = PCURVE('',#2057,#2064);
#2057 = SURFACE_OF_LINEAR_EXTRUSION('',#2058,#2062);
#2058 = B_SPLINE_CURVE_WITH_KNOTS('',2,(#2059,#2060,#2061),
  .UNSPECIFIED.,.F.,.F.,(3,3),(0.,1.),.PIECEWISE_BEZIER_KNOTS.);
#2059 = CARTESIAN_POINT('',(1.,17.107,-2.266801544189));
#2060 = CARTESIAN_POINT('',(1.,17.107,-2.156801544189));
#2061 = CARTESIAN_POINT('',(1.,17.125698567708,-2.049000111898));
#2062 = VECTOR('',#2063,1.);
#2063 = DIRECTION('',(-1.,-0.,-0.));
#2064 = DEFINITIONAL_REPRESENTATION('',(#2065),#2069);
#2065 = LINE('',#2066,#2067);
#2066 = CARTESIAN_POINT('',(0.,0.));
#2067 = VECTOR('',#2068,1.);
#2068 = DIRECTION('',(1.,0.));
#2069 = ( GEOMETRIC_REPRESENTATION_CONTEXT(2)
PARAMETRIC_REPRESENTATION_CONTEXT() REPRESENTATION_CONTEXT('2D SPACE',''
  ) );
#2070 = ORIENTED_EDGE('',*,*,#2071,.F.);
#2071 = EDGE_CURVE('',#2072,#2040,#2074,.T.);
#2072 = VERTEX_POINT('',#2073);
#2073 = CARTESIAN_POINT('',(1.,17.125698567708,-2.480202260335));
#2074 = SURFACE_CURVE('',#2075,(#2079,#2086),.PCURVE_S1.);
#2075 = B_SPLINE_CURVE_WITH_KNOTS('',2,(#2076,#2077,#2078),
  .UNSPECIFIED.,.F.,.F.,(3,3),(0.,1.),.PIECEWISE_BEZIER_KNOTS.);
#2076 = CARTESIAN_POINT('',(1.,17.125698567708,-2.480202260335));
#2077 = CARTESIAN_POINT('',(1.,17.107,-2.374602976481));
#2078 = CARTESIAN_POINT('',(1.,17.107,-2.266801544189));
#2079 = PCURVE('',#182,#2080);
#2080 = DEFINITIONAL_REPRESENTATION('',(#2081),#2085);
#2081 = B_SPLINE_CURVE_WITH_KNOTS('',2,(#2082,#2083,#2084),
  .UNSPECIFIED.,.F.,.F.,(3,3),(0.,1.),.PIECEWISE_BEZIER_KNOTS.);
#2082 = CARTESIAN_POINT('',(3.480202260335,-17.1256985677));
#2083 = CARTESIAN_POINT('',(3.374602976481,-17.107));
#2084 = CARTESIAN_POINT('',(3.266801544189,-17.107));
#2085 = ( GEOMETRIC_REPRESENTATION_CONTEXT(2)
PARAMETRIC_REPRESENTATION_CONTEXT() REPRESENTATION_CONTEXT('2D SPACE',''
  ) );
#2086 = PCURVE('',#2087,#2094);
#2087 = SURFACE_OF_LINEAR_EXTRUSION('',#2088,#2092);
#2088 = B_SPLINE_CURVE_WITH_KNOTS('',2,(#2089,#2090,#2091),
  .UNSPECIFIED.,.F.,.F.,(3,3),(0.,1.),.PIECEWISE_BEZIER_KNOTS.);
#2089 = CARTESIAN_POINT('',(1.,17.125698567708,-2.480202260335));
#2090 = CARTESIAN_POINT('',(1.,17.107,-2.374602976481));
#2091 = CARTESIAN_POINT('',(1.,17.107,-2.266801544189));
#2092 = VECTOR('',#2093,1.);
#2093 = DIRECTION('',(-1.,-0.,-0.));
#2094 = DEFINITIONAL_REPRESENTATION('',(#2095),#2099);
#2095 = LINE('',#2096,#2097);
#2096 = CARTESIAN_POINT('',(0.,0.));
#2097 = VECTOR('',#2098,1.);
#2098 = DIRECTION('',(1.,0.));
#2099 = ( GEOMETRIC_REPRESENTATION_CONTEXT(2)
PARAMETRIC_REPRESENTATION_CONTEXT() REPRESENTATION_CONTEXT('2D SPACE',''
  ) );
#2100 = ORIENTED_EDGE('',*,*,#2101,.F.);
#2101 = EDGE_CURVE('',#2102,#2072,#2104,.T.);
#2102 = VERTEX_POINT('',#2103);
#2103 = CARTESIAN_POINT('',(1.,17.196099283854,-2.701301544189));
#2104 = SURFACE_CURVE('',#2105,(#2109,#2116),.PCURVE_S1.);
#2105 = B_SPLINE_CURVE_WITH_KNOTS('',2,(#2106,#2107,#2108),
  .UNSPECIFIED.,.F.,.F.,(3,3),(0.,1.),.PIECEWISE_BEZIER_KNOTS.);
#2106 = CARTESIAN_POINT('',(1.,17.196099283854,-2.701301544189));
#2107 = CARTESIAN_POINT('',(1.,17.144397135417,-2.585801544189));
#2108 = CARTESIAN_POINT('',(1.,17.125698567708,-2.480202260335));
#2109 = PCURVE('',#182,#2110);
#2110 = DEFINITIONAL_REPRESENTATION('',(#2111),#2115);
#2111 = B_SPLINE_CURVE_WITH_KNOTS('',2,(#2112,#2113,#2114),
  .UNSPECIFIED.,.F.,.F.,(3,3),(0.,1.),.PIECEWISE_BEZIER_KNOTS.);
#2112 = CARTESIAN_POINT('',(3.701301544189,-17.19609928385));
#2113 = CARTESIAN_POINT('',(3.585801544189,-17.14439713541));
#2114 = CARTESIAN_POINT('',(3.480202260335,-17.1256985677));
#2115 = ( GEOMETRIC_REPRESENTATION_CONTEXT(2)
PARAMETRIC_REPRESENTATION_CONTEXT() REPRESENTATION_CONTEXT('2D SPACE',''
  ) );
#2116 = PCURVE('',#2117,#2124);
#2117 = SURFACE_OF_LINEAR_EXTRUSION('',#2118,#2122);
#2118 = B_SPLINE_CURVE_WITH_KNOTS('',2,(#2119,#2120,#2121),
  .UNSPECIFIED.,.F.,.F.,(3,3),(0.,1.),.PIECEWISE_BEZIER_KNOTS.);
#2119 = CARTESIAN_POINT('',(1.,17.196099283854,-2.701301544189));
#2120 = CARTESIAN_POINT('',(1.,17.144397135417,-2.585801544189));
#2121 = CARTESIAN_POINT('',(1.,17.125698567708,-2.480202260335));
#2122 = VECTOR('',#2123,1.);
#2123 = DIRECTION('',(-1.,-0.,-0.));
#2124 = DEFINITIONAL_REPRESENTATION('',(#2125),#2129);
#2125 = LINE('',#2126,#2127);
#2126 = CARTESIAN_POINT('',(0.,0.));
#2127 = VECTOR('',#2128,1.);
#2128 = DIRECTION('',(1.,0.));
#2129 = ( GEOMETRIC_REPRESENTATION_CONTEXT(2)
PARAMETRIC_REPRESENTATION_CONTEXT() REPRESENTATION_CONTEXT('2D SPACE',''
  ) );
#2130 = ORIENTED_EDGE('',*,*,#2131,.F.);
#2131 = EDGE_CURVE('',#2132,#2102,#2134,.T.);
#2132 = VERTEX_POINT('',#2133);
#2133 = CARTESIAN_POINT('',(1.,17.325900716146,-2.902599395752));
#2134 = SURFACE_CURVE('',#2135,(#2139,#2146),.PCURVE_S1.);
#2135 = B_SPLINE_CURVE_WITH_KNOTS('',2,(#2136,#2137,#2138),
  .UNSPECIFIED.,.F.,.F.,(3,3),(0.,1.),.PIECEWISE_BEZIER_KNOTS.);
#2136 = CARTESIAN_POINT('',(1.,17.325900716146,-2.902599395752));
#2137 = CARTESIAN_POINT('',(1.,17.247801432292,-2.816801544189));
#2138 = CARTESIAN_POINT('',(1.,17.196099283854,-2.701301544189));
#2139 = PCURVE('',#182,#2140);
#2140 = DEFINITIONAL_REPRESENTATION('',(#2141),#2145);
#2141 = B_SPLINE_CURVE_WITH_KNOTS('',2,(#2142,#2143,#2144),
  .UNSPECIFIED.,.F.,.F.,(3,3),(0.,1.),.PIECEWISE_BEZIER_KNOTS.);
#2142 = CARTESIAN_POINT('',(3.902599395752,-17.32590071614));
#2143 = CARTESIAN_POINT('',(3.816801544189,-17.24780143229));
#2144 = CARTESIAN_POINT('',(3.701301544189,-17.19609928385));
#2145 = ( GEOMETRIC_REPRESENTATION_CONTEXT(2)
PARAMETRIC_REPRESENTATION_CONTEXT() REPRESENTATION_CONTEXT('2D SPACE',''
  ) );
#2146 = PCURVE('',#2147,#2154);
#2147 = SURFACE_OF_LINEAR_EXTRUSION('',#2148,#2152);
#2148 = B_SPLINE_CURVE_WITH_KNOTS('',2,(#2149,#2150,#2151),
  .UNSPECIFIED.,.F.,.F.,(3,3),(0.,1.),.PIECEWISE_BEZIER_KNOTS.);
#2149 = CARTESIAN_POINT('',(1.,17.325900716146,-2.902599395752));
#2150 = CARTESIAN_POINT('',(1.,17.247801432292,-2.816801544189));
#2151 = CARTESIAN_POINT('',(1.,17.196099283854,-2.701301544189));
#2152 = VECTOR('',#2153,1.);
#2153 = DIRECTION('',(-1.,-0.,-0.));
#2154 = DEFINITIONAL_REPRESENTATION('',(#2155),#2159);
#2155 = LINE('',#2156,#2157);
#2156 = CARTESIAN_POINT('',(0.,0.));
#2157 = VECTOR('',#2158,1.);
#2158 = DIRECTION('',(1.,0.));
#2159 = ( GEOMETRIC_REPRESENTATION_CONTEXT(2)
PARAMETRIC_REPRESENTATION_CONTEXT() REPRESENTATION_CONTEXT('2D SPACE',''
  ) );
#2160 = ORIENTED_EDGE('',*,*,#2161,.F.);
#2161 = EDGE_CURVE('',#2162,#2132,#2164,.T.);
#2162 = VERTEX_POINT('',#2163);
#2163 = CARTESIAN_POINT('',(1.,17.534900716146,-3.044500111898));
#2164 = SURFACE_CURVE('',#2165,(#2169,#2176),.PCURVE_S1.);
#2165 = B_SPLINE_CURVE_WITH_KNOTS('',2,(#2166,#2167,#2168),
  .UNSPECIFIED.,.F.,.F.,(3,3),(0.,1.),.PIECEWISE_BEZIER_KNOTS.);
#2166 = CARTESIAN_POINT('',(1.,17.534900716146,-3.044500111898));
#2167 = CARTESIAN_POINT('',(1.,17.404,-2.988397247314));
#2168 = CARTESIAN_POINT('',(1.,17.325900716146,-2.902599395752));
#2169 = PCURVE('',#182,#2170);
#2170 = DEFINITIONAL_REPRESENTATION('',(#2171),#2175);
#2171 = B_SPLINE_CURVE_WITH_KNOTS('',2,(#2172,#2173,#2174),
  .UNSPECIFIED.,.F.,.F.,(3,3),(0.,1.),.PIECEWISE_BEZIER_KNOTS.);
#2172 = CARTESIAN_POINT('',(4.044500111898,-17.53490071614));
#2173 = CARTESIAN_POINT('',(3.988397247314,-17.404));
#2174 = CARTESIAN_POINT('',(3.902599395752,-17.32590071614));
#2175 = ( GEOMETRIC_REPRESENTATION_CONTEXT(2)
PARAMETRIC_REPRESENTATION_CONTEXT() REPRESENTATION_CONTEXT('2D SPACE',''
  ) );
#2176 = PCURVE('',#2177,#2184);
#2177 = SURFACE_OF_LINEAR_EXTRUSION('',#2178,#2182);
#2178 = B_SPLINE_CURVE_WITH_KNOTS('',2,(#2179,#2180,#2181),
  .UNSPECIFIED.,.F.,.F.,(3,3),(0.,1.),.PIECEWISE_BEZIER_KNOTS.);
#2179 = CARTESIAN_POINT('',(1.,17.534900716146,-3.044500111898));
#2180 = CARTESIAN_POINT('',(1.,17.404,-2.988397247314));
#2181 = CARTESIAN_POINT('',(1.,17.325900716146,-2.902599395752));
#2182 = VECTOR('',#2183,1.);
#2183 = DIRECTION('',(-1.,-0.,-0.));
#2184 = DEFINITIONAL_REPRESENTATION('',(#2185),#2189);
#2185 = LINE('',#2186,#2187);
#2186 = CARTESIAN_POINT('',(0.,0.));
#2187 = VECTOR('',#2188,1.);
#2188 = DIRECTION('',(1.,0.));
#2189 = ( GEOMETRIC_REPRESENTATION_CONTEXT(2)
PARAMETRIC_REPRESENTATION_CONTEXT() REPRESENTATION_CONTEXT('2D SPACE',''
  ) );
#2190 = ORIENTED_EDGE('',*,*,#2191,.F.);
#2191 = EDGE_CURVE('',#2192,#2162,#2194,.T.);
#2192 = VERTEX_POINT('',#2193);
#2193 = CARTESIAN_POINT('',(1.,17.830801432292,-3.100602976481));
#2194 = SURFACE_CURVE('',#2195,(#2199,#2206),.PCURVE_S1.);
#2195 = B_SPLINE_CURVE_WITH_KNOTS('',2,(#2196,#2197,#2198),
  .UNSPECIFIED.,.F.,.F.,(3,3),(0.,1.),.PIECEWISE_BEZIER_KNOTS.);
#2196 = CARTESIAN_POINT('',(1.,17.830801432292,-3.100602976481));
#2197 = CARTESIAN_POINT('',(1.,17.665801432292,-3.100602976481));
#2198 = CARTESIAN_POINT('',(1.,17.534900716146,-3.044500111898));
#2199 = PCURVE('',#182,#2200);
#2200 = DEFINITIONAL_REPRESENTATION('',(#2201),#2205);
#2201 = B_SPLINE_CURVE_WITH_KNOTS('',2,(#2202,#2203,#2204),
  .UNSPECIFIED.,.F.,.F.,(3,3),(0.,1.),.PIECEWISE_BEZIER_KNOTS.);
#2202 = CARTESIAN_POINT('',(4.100602976481,-17.83080143229));
#2203 = CARTESIAN_POINT('',(4.100602976481,-17.66580143229));
#2204 = CARTESIAN_POINT('',(4.044500111898,-17.53490071614));
#2205 = ( GEOMETRIC_REPRESENTATION_CONTEXT(2)
PARAMETRIC_REPRESENTATION_CONTEXT() REPRESENTATION_CONTEXT('2D SPACE',''
  ) );
#2206 = PCURVE('',#2207,#2214);
#2207 = SURFACE_OF_LINEAR_EXTRUSION('',#2208,#2212);
#2208 = B_SPLINE_CURVE_WITH_KNOTS('',2,(#2209,#2210,#2211),
  .UNSPECIFIED.,.F.,.F.,(3,3),(0.,1.),.PIECEWISE_BEZIER_KNOTS.);
#2209 = CARTESIAN_POINT('',(1.,17.830801432292,-3.100602976481));
#2210 = CARTESIAN_POINT('',(1.,17.665801432292,-3.100602976481));
#2211 = CARTESIAN_POINT('',(1.,17.534900716146,-3.044500111898));
#2212 = VECTOR('',#2213,1.);
#2213 = DIRECTION('',(-1.,-0.,-0.));
#2214 = DEFINITIONAL_REPRESENTATION('',(#2215),#2219);
#2215 = LINE('',#2216,#2217);
#2216 = CARTESIAN_POINT('',(0.,0.));
#2217 = VECTOR('',#2218,1.);
#2218 = DIRECTION('',(1.,0.));
#2219 = ( GEOMETRIC_REPRESENTATION_CONTEXT(2)
PARAMETRIC_REPRESENTATION_CONTEXT() REPRESENTATION_CONTEXT('2D SPACE',''
  ) );
#2220 = ORIENTED_EDGE('',*,*,#2221,.F.);
#2221 = EDGE_CURVE('',#2222,#2192,#2224,.T.);
#2222 = VERTEX_POINT('',#2223);
#2223 = CARTESIAN_POINT('',(1.,18.490801432292,-2.464801544189));
#2224 = SURFACE_CURVE('',#2225,(#2229,#2236),.PCURVE_S1.);
#2225 = B_SPLINE_CURVE_WITH_KNOTS('',2,(#2226,#2227,#2228),
  .UNSPECIFIED.,.F.,.F.,(3,3),(0.,1.),.PIECEWISE_BEZIER_KNOTS.);
#2226 = CARTESIAN_POINT('',(1.,18.490801432292,-2.464801544189));
#2227 = CARTESIAN_POINT('',(1.,18.418198567708,-3.100602976481));
#2228 = CARTESIAN_POINT('',(1.,17.830801432292,-3.100602976481));
#2229 = PCURVE('',#182,#2230);
#2230 = DEFINITIONAL_REPRESENTATION('',(#2231),#2235);
#2231 = B_SPLINE_CURVE_WITH_KNOTS('',2,(#2232,#2233,#2234),
  .UNSPECIFIED.,.F.,.F.,(3,3),(0.,1.),.PIECEWISE_BEZIER_KNOTS.);
#2232 = CARTESIAN_POINT('',(3.464801544189,-18.49080143229));
#2233 = CARTESIAN_POINT('',(4.100602976481,-18.4181985677));
#2234 = CARTESIAN_POINT('',(4.100602976481,-17.83080143229));
#2235 = ( GEOMETRIC_REPRESENTATION_CONTEXT(2)
PARAMETRIC_REPRESENTATION_CONTEXT() REPRESENTATION_CONTEXT('2D SPACE',''
  ) );
#2236 = PCURVE('',#2237,#2244);
#2237 = SURFACE_OF_LINEAR_EXTRUSION('',#2238,#2242);
#2238 = B_SPLINE_CURVE_WITH_KNOTS('',2,(#2239,#2240,#2241),
  .UNSPECIFIED.,.F.,.F.,(3,3),(0.,1.),.PIECEWISE_BEZIER_KNOTS.);
#2239 = CARTESIAN_POINT('',(1.,18.490801432292,-2.464801544189));
#2240 = CARTESIAN_POINT('',(1.,18.418198567708,-3.100602976481));
#2241 = CARTESIAN_POINT('',(1.,17.830801432292,-3.100602976481));
#2242 = VECTOR('',#2243,1.);
#2243 = DIRECTION('',(-1.,-0.,-0.));
#2244 = DEFINITIONAL_REPRESENTATION('',(#2245),#2249);
#2245 = LINE('',#2246,#2247);
#2246 = CARTESIAN_POINT('',(0.,0.));
#2247 = VECTOR('',#2248,1.);
#2248 = DIRECTION('',(1.,0.));
#2249 = ( GEOMETRIC_REPRESENTATION_CONTEXT(2)
PARAMETRIC_REPRESENTATION_CONTEXT() REPRESENTATION_CONTEXT('2D SPACE',''
  ) );
#2250 = ORIENTED_EDGE('',*,*,#2251,.F.);
#2251 = EDGE_CURVE('',#2252,#2222,#2254,.T.);
#2252 = VERTEX_POINT('',#2253);
#2253 = CARTESIAN_POINT('',(1.,18.279602864583,-2.464801544189));
#2254 = SURFACE_CURVE('',#2255,(#2259,#2266),.PCURVE_S1.);
#2255 = LINE('',#2256,#2257);
#2256 = CARTESIAN_POINT('',(1.,18.279602864583,-2.464801544189));
#2257 = VECTOR('',#2258,1.);
#2258 = DIRECTION('',(0.,1.,0.));
#2259 = PCURVE('',#182,#2260);
#2260 = DEFINITIONAL_REPRESENTATION('',(#2261),#2265);
#2261 = LINE('',#2262,#2263);
#2262 = CARTESIAN_POINT('',(3.464801544189,-18.27960286458));
#2263 = VECTOR('',#2264,1.);
#2264 = DIRECTION('',(0.,-1.));
#2265 = ( GEOMETRIC_REPRESENTATION_CONTEXT(2)
PARAMETRIC_REPRESENTATION_CONTEXT() REPRESENTATION_CONTEXT('2D SPACE',''
  ) );
#2266 = PCURVE('',#2267,#2272);
#2267 = PLANE('',#2268);
#2268 = AXIS2_PLACEMENT_3D('',#2269,#2270,#2271);
#2269 = CARTESIAN_POINT('',(1.,18.279602864583,-2.464801544189));
#2270 = DIRECTION('',(0.,0.,1.));
#2271 = DIRECTION('',(0.,1.,0.));
#2272 = DEFINITIONAL_REPRESENTATION('',(#2273),#2277);
#2273 = LINE('',#2274,#2275);
#2274 = CARTESIAN_POINT('',(0.,0.));
#2275 = VECTOR('',#2276,1.);
#2276 = DIRECTION('',(1.,0.));
#2277 = ( GEOMETRIC_REPRESENTATION_CONTEXT(2)
PARAMETRIC_REPRESENTATION_CONTEXT() REPRESENTATION_CONTEXT('2D SPACE',''
  ) );
#2278 = ORIENTED_EDGE('',*,*,#2279,.F.);
#2279 = EDGE_CURVE('',#2280,#2252,#2282,.T.);
#2280 = VERTEX_POINT('',#2281);
#2281 = CARTESIAN_POINT('',(1.,18.136599283854,-2.809099395752));
#2282 = SURFACE_CURVE('',#2283,(#2287,#2294),.PCURVE_S1.);
#2283 = B_SPLINE_CURVE_WITH_KNOTS('',2,(#2284,#2285,#2286),
  .UNSPECIFIED.,.F.,.F.,(3,3),(0.,1.),.PIECEWISE_BEZIER_KNOTS.);
#2284 = CARTESIAN_POINT('',(1.,18.136599283854,-2.809099395752));
#2285 = CARTESIAN_POINT('',(1.,18.242198567708,-2.698000111898));
#2286 = CARTESIAN_POINT('',(1.,18.279602864583,-2.464801544189));
#2287 = PCURVE('',#182,#2288);
#2288 = DEFINITIONAL_REPRESENTATION('',(#2289),#2293);
#2289 = B_SPLINE_CURVE_WITH_KNOTS('',2,(#2290,#2291,#2292),
  .UNSPECIFIED.,.F.,.F.,(3,3),(0.,1.),.PIECEWISE_BEZIER_KNOTS.);
#2290 = CARTESIAN_POINT('',(3.809099395752,-18.13659928385));
#2291 = CARTESIAN_POINT('',(3.698000111898,-18.2421985677));
#2292 = CARTESIAN_POINT('',(3.464801544189,-18.27960286458));
#2293 = ( GEOMETRIC_REPRESENTATION_CONTEXT(2)
PARAMETRIC_REPRESENTATION_CONTEXT() REPRESENTATION_CONTEXT('2D SPACE',''
  ) );
#2294 = PCURVE('',#2295,#2302);
#2295 = SURFACE_OF_LINEAR_EXTRUSION('',#2296,#2300);
#2296 = B_SPLINE_CURVE_WITH_KNOTS('',2,(#2297,#2298,#2299),
  .UNSPECIFIED.,.F.,.F.,(3,3),(0.,1.),.PIECEWISE_BEZIER_KNOTS.);
#2297 = CARTESIAN_POINT('',(1.,18.136599283854,-2.809099395752));
#2298 = CARTESIAN_POINT('',(1.,18.242198567708,-2.698000111898));
#2299 = CARTESIAN_POINT('',(1.,18.279602864583,-2.464801544189));
#2300 = VECTOR('',#2301,1.);
#2301 = DIRECTION('',(-1.,-0.,-0.));
#2302 = DEFINITIONAL_REPRESENTATION('',(#2303),#2307);
#2303 = LINE('',#2304,#2305);
#2304 = CARTESIAN_POINT('',(0.,0.));
#2305 = VECTOR('',#2306,1.);
#2306 = DIRECTION('',(1.,0.));
#2307 = ( GEOMETRIC_REPRESENTATION_CONTEXT(2)
PARAMETRIC_REPRESENTATION_CONTEXT() REPRESENTATION_CONTEXT('2D SPACE',''
  ) );
#2308 = ORIENTED_EDGE('',*,*,#2309,.F.);
#2309 = EDGE_CURVE('',#2310,#2280,#2312,.T.);
#2310 = VERTEX_POINT('',#2311);
#2311 = CARTESIAN_POINT('',(1.,17.833,-2.920198679606));
#2312 = SURFACE_CURVE('',#2313,(#2317,#2324),.PCURVE_S1.);
#2313 = B_SPLINE_CURVE_WITH_KNOTS('',2,(#2314,#2315,#2316),
  .UNSPECIFIED.,.F.,.F.,(3,3),(0.,1.),.PIECEWISE_BEZIER_KNOTS.);
#2314 = CARTESIAN_POINT('',(1.,17.833,-2.920198679606));
#2315 = CARTESIAN_POINT('',(1.,18.031,-2.920198679606));
#2316 = CARTESIAN_POINT('',(1.,18.136599283854,-2.809099395752));
#2317 = PCURVE('',#182,#2318);
#2318 = DEFINITIONAL_REPRESENTATION('',(#2319),#2323);
#2319 = B_SPLINE_CURVE_WITH_KNOTS('',2,(#2320,#2321,#2322),
  .UNSPECIFIED.,.F.,.F.,(3,3),(0.,1.),.PIECEWISE_BEZIER_KNOTS.);
#2320 = CARTESIAN_POINT('',(3.920198679606,-17.833));
#2321 = CARTESIAN_POINT('',(3.920198679606,-18.031));
#2322 = CARTESIAN_POINT('',(3.809099395752,-18.13659928385));
#2323 = ( GEOMETRIC_REPRESENTATION_CONTEXT(2)
PARAMETRIC_REPRESENTATION_CONTEXT() REPRESENTATION_CONTEXT('2D SPACE',''
  ) );
#2324 = PCURVE('',#2325,#2332);
#2325 = SURFACE_OF_LINEAR_EXTRUSION('',#2326,#2330);
#2326 = B_SPLINE_CURVE_WITH_KNOTS('',2,(#2327,#2328,#2329),
  .UNSPECIFIED.,.F.,.F.,(3,3),(0.,1.),.PIECEWISE_BEZIER_KNOTS.);
#2327 = CARTESIAN_POINT('',(1.,17.833,-2.920198679606));
#2328 = CARTESIAN_POINT('',(1.,18.031,-2.920198679606));
#2329 = CARTESIAN_POINT('',(1.,18.136599283854,-2.809099395752));
#2330 = VECTOR('',#2331,1.);
#2331 = DIRECTION('',(-1.,-0.,-0.));
#2332 = DEFINITIONAL_REPRESENTATION('',(#2333),#2337);
#2333 = LINE('',#2334,#2335);
#2334 = CARTESIAN_POINT('',(0.,0.));
#2335 = VECTOR('',#2336,1.);
#2336 = DIRECTION('',(1.,0.));
#2337 = ( GEOMETRIC_REPRESENTATION_CONTEXT(2)
PARAMETRIC_REPRESENTATION_CONTEXT() REPRESENTATION_CONTEXT('2D SPACE',''
  ) );
#2338 = ORIENTED_EDGE('',*,*,#2339,.F.);
#2339 = EDGE_CURVE('',#2340,#2310,#2342,.T.);
#2340 = VERTEX_POINT('',#2341);
#2341 = CARTESIAN_POINT('',(1.,17.452400716146,-2.743099395752));
#2342 = SURFACE_CURVE('',#2343,(#2347,#2354),.PCURVE_S1.);
#2343 = B_SPLINE_CURVE_WITH_KNOTS('',2,(#2344,#2345,#2346),
  .UNSPECIFIED.,.F.,.F.,(3,3),(0.,1.),.PIECEWISE_BEZIER_KNOTS.);
#2344 = CARTESIAN_POINT('',(1.,17.452400716146,-2.743099395752));
#2345 = CARTESIAN_POINT('',(1.,17.593198567708,-2.920198679606));
#2346 = CARTESIAN_POINT('',(1.,17.833,-2.920198679606));
#2347 = PCURVE('',#182,#2348);
#2348 = DEFINITIONAL_REPRESENTATION('',(#2349),#2353);
#2349 = B_SPLINE_CURVE_WITH_KNOTS('',2,(#2350,#2351,#2352),
  .UNSPECIFIED.,.F.,.F.,(3,3),(0.,1.),.PIECEWISE_BEZIER_KNOTS.);
#2350 = CARTESIAN_POINT('',(3.743099395752,-17.45240071614));
#2351 = CARTESIAN_POINT('',(3.920198679606,-17.5931985677));
#2352 = CARTESIAN_POINT('',(3.920198679606,-17.833));
#2353 = ( GEOMETRIC_REPRESENTATION_CONTEXT(2)
PARAMETRIC_REPRESENTATION_CONTEXT() REPRESENTATION_CONTEXT('2D SPACE',''
  ) );
#2354 = PCURVE('',#2355,#2362);
#2355 = SURFACE_OF_LINEAR_EXTRUSION('',#2356,#2360);
#2356 = B_SPLINE_CURVE_WITH_KNOTS('',2,(#2357,#2358,#2359),
  .UNSPECIFIED.,.F.,.F.,(3,3),(0.,1.),.PIECEWISE_BEZIER_KNOTS.);
#2357 = CARTESIAN_POINT('',(1.,17.452400716146,-2.743099395752));
#2358 = CARTESIAN_POINT('',(1.,17.593198567708,-2.920198679606));
#2359 = CARTESIAN_POINT('',(1.,17.833,-2.920198679606));
#2360 = VECTOR('',#2361,1.);
#2361 = DIRECTION('',(-1.,-0.,-0.));
#2362 = DEFINITIONAL_REPRESENTATION('',(#2363),#2367);
#2363 = LINE('',#2364,#2365);
#2364 = CARTESIAN_POINT('',(0.,0.));
#2365 = VECTOR('',#2366,1.);
#2366 = DIRECTION('',(1.,0.));
#2367 = ( GEOMETRIC_REPRESENTATION_CONTEXT(2)
PARAMETRIC_REPRESENTATION_CONTEXT() REPRESENTATION_CONTEXT('2D SPACE',''
  ) );
#2368 = ORIENTED_EDGE('',*,*,#2369,.F.);
#2369 = EDGE_CURVE('',#2370,#2340,#2372,.T.);
#2370 = VERTEX_POINT('',#2371);
#2371 = CARTESIAN_POINT('',(1.,17.311602864583,-2.264602976481));
#2372 = SURFACE_CURVE('',#2373,(#2377,#2384),.PCURVE_S1.);
#2373 = B_SPLINE_CURVE_WITH_KNOTS('',2,(#2374,#2375,#2376),
  .UNSPECIFIED.,.F.,.F.,(3,3),(0.,1.),.PIECEWISE_BEZIER_KNOTS.);
#2374 = CARTESIAN_POINT('',(1.,17.311602864583,-2.264602976481));
#2375 = CARTESIAN_POINT('',(1.,17.311602864583,-2.566000111898));
#2376 = CARTESIAN_POINT('',(1.,17.452400716146,-2.743099395752));
#2377 = PCURVE('',#182,#2378);
#2378 = DEFINITIONAL_REPRESENTATION('',(#2379),#2383);
#2379 = B_SPLINE_CURVE_WITH_KNOTS('',2,(#2380,#2381,#2382),
  .UNSPECIFIED.,.F.,.F.,(3,3),(0.,1.),.PIECEWISE_BEZIER_KNOTS.);
#2380 = CARTESIAN_POINT('',(3.264602976481,-17.31160286458));
#2381 = CARTESIAN_POINT('',(3.566000111898,-17.31160286458));
#2382 = CARTESIAN_POINT('',(3.743099395752,-17.45240071614));
#2383 = ( GEOMETRIC_REPRESENTATION_CONTEXT(2)
PARAMETRIC_REPRESENTATION_CONTEXT() REPRESENTATION_CONTEXT('2D SPACE',''
  ) );
#2384 = PCURVE('',#2385,#2392);
#2385 = SURFACE_OF_LINEAR_EXTRUSION('',#2386,#2390);
#2386 = B_SPLINE_CURVE_WITH_KNOTS('',2,(#2387,#2388,#2389),
  .UNSPECIFIED.,.F.,.F.,(3,3),(0.,1.),.PIECEWISE_BEZIER_KNOTS.);
#2387 = CARTESIAN_POINT('',(1.,17.311602864583,-2.264602976481));
#2388 = CARTESIAN_POINT('',(1.,17.311602864583,-2.566000111898));
#2389 = CARTESIAN_POINT('',(1.,17.452400716146,-2.743099395752));
#2390 = VECTOR('',#2391,1.);
#2391 = DIRECTION('',(-1.,-0.,-0.));
#2392 = DEFINITIONAL_REPRESENTATION('',(#2393),#2397);
#2393 = LINE('',#2394,#2395);
#2394 = CARTESIAN_POINT('',(0.,0.));
#2395 = VECTOR('',#2396,1.);
#2396 = DIRECTION('',(1.,0.));
#2397 = ( GEOMETRIC_REPRESENTATION_CONTEXT(2)
PARAMETRIC_REPRESENTATION_CONTEXT() REPRESENTATION_CONTEXT('2D SPACE',''
  ) );
#2398 = ORIENTED_EDGE('',*,*,#2399,.F.);
#2399 = EDGE_CURVE('',#2400,#2370,#2402,.T.);
#2400 = VERTEX_POINT('',#2401);
#2401 = CARTESIAN_POINT('',(1.,17.446900716146,-1.778400828044));
#2402 = SURFACE_CURVE('',#2403,(#2407,#2414),.PCURVE_S1.);
#2403 = B_SPLINE_CURVE_WITH_KNOTS('',2,(#2404,#2405,#2406),
  .UNSPECIFIED.,.F.,.F.,(3,3),(0.,1.),.PIECEWISE_BEZIER_KNOTS.);
#2404 = CARTESIAN_POINT('',(1.,17.446900716146,-1.778400828044));
#2405 = CARTESIAN_POINT('',(1.,17.311602864583,-1.956602976481));
#2406 = CARTESIAN_POINT('',(1.,17.311602864583,-2.264602976481));
#2407 = PCURVE('',#182,#2408);
#2408 = DEFINITIONAL_REPRESENTATION('',(#2409),#2413);
#2409 = B_SPLINE_CURVE_WITH_KNOTS('',2,(#2410,#2411,#2412),
  .UNSPECIFIED.,.F.,.F.,(3,3),(0.,1.),.PIECEWISE_BEZIER_KNOTS.);
#2410 = CARTESIAN_POINT('',(2.778400828044,-17.44690071614));
#2411 = CARTESIAN_POINT('',(2.956602976481,-17.31160286458));
#2412 = CARTESIAN_POINT('',(3.264602976481,-17.31160286458));
#2413 = ( GEOMETRIC_REPRESENTATION_CONTEXT(2)
PARAMETRIC_REPRESENTATION_CONTEXT() REPRESENTATION_CONTEXT('2D SPACE',''
  ) );
#2414 = PCURVE('',#2415,#2422);
#2415 = SURFACE_OF_LINEAR_EXTRUSION('',#2416,#2420);
#2416 = B_SPLINE_CURVE_WITH_KNOTS('',2,(#2417,#2418,#2419),
  .UNSPECIFIED.,.F.,.F.,(3,3),(0.,1.),.PIECEWISE_BEZIER_KNOTS.);
#2417 = CARTESIAN_POINT('',(1.,17.446900716146,-1.778400828044));
#2418 = CARTESIAN_POINT('',(1.,17.311602864583,-1.956602976481));
#2419 = CARTESIAN_POINT('',(1.,17.311602864583,-2.264602976481));
#2420 = VECTOR('',#2421,1.);
#2421 = DIRECTION('',(-1.,-0.,-0.));
#2422 = DEFINITIONAL_REPRESENTATION('',(#2423),#2427);
#2423 = LINE('',#2424,#2425);
#2424 = CARTESIAN_POINT('',(0.,0.));
#2425 = VECTOR('',#2426,1.);
#2426 = DIRECTION('',(1.,0.));
#2427 = ( GEOMETRIC_REPRESENTATION_CONTEXT(2)
PARAMETRIC_REPRESENTATION_CONTEXT() REPRESENTATION_CONTEXT('2D SPACE',''
  ) );
#2428 = ORIENTED_EDGE('',*,*,#2429,.F.);
#2429 = EDGE_CURVE('',#2430,#2400,#2432,.T.);
#2430 = VERTEX_POINT('',#2431);
#2431 = CARTESIAN_POINT('',(1.,17.815397135417,-1.600198679606));
#2432 = SURFACE_CURVE('',#2433,(#2437,#2444),.PCURVE_S1.);
#2433 = B_SPLINE_CURVE_WITH_KNOTS('',2,(#2434,#2435,#2436),
  .UNSPECIFIED.,.F.,.F.,(3,3),(0.,1.),.PIECEWISE_BEZIER_KNOTS.);
#2434 = CARTESIAN_POINT('',(1.,17.815397135417,-1.600198679606));
#2435 = CARTESIAN_POINT('',(1.,17.582198567708,-1.600198679606));
#2436 = CARTESIAN_POINT('',(1.,17.446900716146,-1.778400828044));
#2437 = PCURVE('',#182,#2438);
#2438 = DEFINITIONAL_REPRESENTATION('',(#2439),#2443);
#2439 = B_SPLINE_CURVE_WITH_KNOTS('',2,(#2440,#2441,#2442),
  .UNSPECIFIED.,.F.,.F.,(3,3),(0.,1.),.PIECEWISE_BEZIER_KNOTS.);
#2440 = CARTESIAN_POINT('',(2.600198679606,-17.81539713541));
#2441 = CARTESIAN_POINT('',(2.600198679606,-17.5821985677));
#2442 = CARTESIAN_POINT('',(2.778400828044,-17.44690071614));
#2443 = ( GEOMETRIC_REPRESENTATION_CONTEXT(2)
PARAMETRIC_REPRESENTATION_CONTEXT() REPRESENTATION_CONTEXT('2D SPACE',''
  ) );
#2444 = PCURVE('',#2445,#2452);
#2445 = SURFACE_OF_LINEAR_EXTRUSION('',#2446,#2450);
#2446 = B_SPLINE_CURVE_WITH_KNOTS('',2,(#2447,#2448,#2449),
  .UNSPECIFIED.,.F.,.F.,(3,3),(0.,1.),.PIECEWISE_BEZIER_KNOTS.);
#2447 = CARTESIAN_POINT('',(1.,17.815397135417,-1.600198679606));
#2448 = CARTESIAN_POINT('',(1.,17.582198567708,-1.600198679606));
#2449 = CARTESIAN_POINT('',(1.,17.446900716146,-1.778400828044));
#2450 = VECTOR('',#2451,1.);
#2451 = DIRECTION('',(-1.,-0.,-0.));
#2452 = DEFINITIONAL_REPRESENTATION('',(#2453),#2457);
#2453 = LINE('',#2454,#2455);
#2454 = CARTESIAN_POINT('',(0.,0.));
#2455 = VECTOR('',#2456,1.);
#2456 = DIRECTION('',(1.,0.));
#2457 = ( GEOMETRIC_REPRESENTATION_CONTEXT(2)
PARAMETRIC_REPRESENTATION_CONTEXT() REPRESENTATION_CONTEXT('2D SPACE',''
  ) );
#2458 = ORIENTED_EDGE('',*,*,#2459,.F.);
#2459 = EDGE_CURVE('',#2460,#2430,#2462,.T.);
#2460 = VERTEX_POINT('',#2461);
#2461 = CARTESIAN_POINT('',(1.,18.110202148437,-1.686000111898));
#2462 = SURFACE_CURVE('',#2463,(#2467,#2474),.PCURVE_S1.);
#2463 = B_SPLINE_CURVE_WITH_KNOTS('',2,(#2464,#2465,#2466),
  .UNSPECIFIED.,.F.,.F.,(3,3),(0.,1.),.PIECEWISE_BEZIER_KNOTS.);
#2464 = CARTESIAN_POINT('',(1.,18.110202148437,-1.686000111898));
#2465 = CARTESIAN_POINT('',(1.,18.006801432292,-1.600198679606));
#2466 = CARTESIAN_POINT('',(1.,17.815397135417,-1.600198679606));
#2467 = PCURVE('',#182,#2468);
#2468 = DEFINITIONAL_REPRESENTATION('',(#2469),#2473);
#2469 = B_SPLINE_CURVE_WITH_KNOTS('',2,(#2470,#2471,#2472),
  .UNSPECIFIED.,.F.,.F.,(3,3),(0.,1.),.PIECEWISE_BEZIER_KNOTS.);
#2470 = CARTESIAN_POINT('',(2.686000111898,-18.11020214843));
#2471 = CARTESIAN_POINT('',(2.600198679606,-18.00680143229));
#2472 = CARTESIAN_POINT('',(2.600198679606,-17.81539713541));
#2473 = ( GEOMETRIC_REPRESENTATION_CONTEXT(2)
PARAMETRIC_REPRESENTATION_CONTEXT() REPRESENTATION_CONTEXT('2D SPACE',''
  ) );
#2474 = PCURVE('',#2475,#2482);
#2475 = SURFACE_OF_LINEAR_EXTRUSION('',#2476,#2480);
#2476 = B_SPLINE_CURVE_WITH_KNOTS('',2,(#2477,#2478,#2479),
  .UNSPECIFIED.,.F.,.F.,(3,3),(0.,1.),.PIECEWISE_BEZIER_KNOTS.);
#2477 = CARTESIAN_POINT('',(1.,18.110202148438,-1.686000111898));
#2478 = CARTESIAN_POINT('',(1.,18.006801432292,-1.600198679606));
#2479 = CARTESIAN_POINT('',(1.,17.815397135417,-1.600198679606));
#2480 = VECTOR('',#2481,1.);
#2481 = DIRECTION('',(-1.,-0.,-0.));
#2482 = DEFINITIONAL_REPRESENTATION('',(#2483),#2487);
#2483 = LINE('',#2484,#2485);
#2484 = CARTESIAN_POINT('',(0.,0.));
#2485 = VECTOR('',#2486,1.);
#2486 = DIRECTION('',(1.,0.));
#2487 = ( GEOMETRIC_REPRESENTATION_CONTEXT(2)
PARAMETRIC_REPRESENTATION_CONTEXT() REPRESENTATION_CONTEXT('2D SPACE',''
  ) );
#2488 = ORIENTED_EDGE('',*,*,#2489,.F.);
#2489 = EDGE_CURVE('',#2490,#2460,#2492,.T.);
#2490 = VERTEX_POINT('',#2491);
#2491 = CARTESIAN_POINT('',(1.,18.248801432292,-1.943397247314));
#2492 = SURFACE_CURVE('',#2493,(#2497,#2504),.PCURVE_S1.);
#2493 = B_SPLINE_CURVE_WITH_KNOTS('',2,(#2494,#2495,#2496),
  .UNSPECIFIED.,.F.,.F.,(3,3),(0.,1.),.PIECEWISE_BEZIER_KNOTS.);
#2494 = CARTESIAN_POINT('',(1.,18.248801432292,-1.943397247314));
#2495 = CARTESIAN_POINT('',(1.,18.213602864583,-1.771801544189));
#2496 = CARTESIAN_POINT('',(1.,18.110202148437,-1.686000111898));
#2497 = PCURVE('',#182,#2498);
#2498 = DEFINITIONAL_REPRESENTATION('',(#2499),#2503);
#2499 = B_SPLINE_CURVE_WITH_KNOTS('',2,(#2500,#2501,#2502),
  .UNSPECIFIED.,.F.,.F.,(3,3),(0.,1.),.PIECEWISE_BEZIER_KNOTS.);
#2500 = CARTESIAN_POINT('',(2.943397247314,-18.24880143229));
#2501 = CARTESIAN_POINT('',(2.771801544189,-18.21360286458));
#2502 = CARTESIAN_POINT('',(2.686000111898,-18.11020214843));
#2503 = ( GEOMETRIC_REPRESENTATION_CONTEXT(2)
PARAMETRIC_REPRESENTATION_CONTEXT() REPRESENTATION_CONTEXT('2D SPACE',''
  ) );
#2504 = PCURVE('',#2505,#2512);
#2505 = SURFACE_OF_LINEAR_EXTRUSION('',#2506,#2510);
#2506 = B_SPLINE_CURVE_WITH_KNOTS('',2,(#2507,#2508,#2509),
  .UNSPECIFIED.,.F.,.F.,(3,3),(0.,1.),.PIECEWISE_BEZIER_KNOTS.);
#2507 = CARTESIAN_POINT('',(1.,18.248801432292,-1.943397247314));
#2508 = CARTESIAN_POINT('',(1.,18.213602864583,-1.771801544189));
#2509 = CARTESIAN_POINT('',(1.,18.110202148438,-1.686000111898));
#2510 = VECTOR('',#2511,1.);
#2511 = DIRECTION('',(-1.,-0.,-0.));
#2512 = DEFINITIONAL_REPRESENTATION('',(#2513),#2517);
#2513 = LINE('',#2514,#2515);
#2514 = CARTESIAN_POINT('',(0.,0.));
#2515 = VECTOR('',#2516,1.);
#2516 = DIRECTION('',(1.,0.));
#2517 = ( GEOMETRIC_REPRESENTATION_CONTEXT(2)
PARAMETRIC_REPRESENTATION_CONTEXT() REPRESENTATION_CONTEXT('2D SPACE',''
  ) );
#2518 = ORIENTED_EDGE('',*,*,#2519,.F.);
#2519 = EDGE_CURVE('',#2520,#2490,#2522,.T.);
#2520 = VERTEX_POINT('',#2521);
#2521 = CARTESIAN_POINT('',(1.,18.457801432292,-1.943397247314));
#2522 = SURFACE_CURVE('',#2523,(#2527,#2534),.PCURVE_S1.);
#2523 = LINE('',#2524,#2525);
#2524 = CARTESIAN_POINT('',(1.,18.457801432292,-1.943397247314));
#2525 = VECTOR('',#2526,1.);
#2526 = DIRECTION('',(0.,-1.,0.));
#2527 = PCURVE('',#182,#2528);
#2528 = DEFINITIONAL_REPRESENTATION('',(#2529),#2533);
#2529 = LINE('',#2530,#2531);
#2530 = CARTESIAN_POINT('',(2.943397247314,-18.45780143229));
#2531 = VECTOR('',#2532,1.);
#2532 = DIRECTION('',(0.,1.));
#2533 = ( GEOMETRIC_REPRESENTATION_CONTEXT(2)
PARAMETRIC_REPRESENTATION_CONTEXT() REPRESENTATION_CONTEXT('2D SPACE',''
  ) );
#2534 = PCURVE('',#2535,#2540);
#2535 = PLANE('',#2536);
#2536 = AXIS2_PLACEMENT_3D('',#2537,#2538,#2539);
#2537 = CARTESIAN_POINT('',(1.,18.457801432292,-1.943397247314));
#2538 = DIRECTION('',(0.,0.,-1.));
#2539 = DIRECTION('',(0.,-1.,0.));
#2540 = DEFINITIONAL_REPRESENTATION('',(#2541),#2545);
#2541 = LINE('',#2542,#2543);
#2542 = CARTESIAN_POINT('',(0.,-0.));
#2543 = VECTOR('',#2544,1.);
#2544 = DIRECTION('',(1.,0.));
#2545 = ( GEOMETRIC_REPRESENTATION_CONTEXT(2)
PARAMETRIC_REPRESENTATION_CONTEXT() REPRESENTATION_CONTEXT('2D SPACE',''
  ) );
#2546 = ORIENTED_EDGE('',*,*,#2547,.F.);
#2547 = EDGE_CURVE('',#2548,#2520,#2550,.T.);
#2548 = VERTEX_POINT('',#2549);
#2549 = CARTESIAN_POINT('',(1.,17.839602864583,-1.419801544189));
#2550 = SURFACE_CURVE('',#2551,(#2555,#2562),.PCURVE_S1.);
#2551 = B_SPLINE_CURVE_WITH_KNOTS('',2,(#2552,#2553,#2554),
  .UNSPECIFIED.,.F.,.F.,(3,3),(0.,1.),.PIECEWISE_BEZIER_KNOTS.);
#2552 = CARTESIAN_POINT('',(1.,17.839602864583,-1.419801544189));
#2553 = CARTESIAN_POINT('',(1.,18.363198567708,-1.419801544189));
#2554 = CARTESIAN_POINT('',(1.,18.457801432292,-1.943397247314));
#2555 = PCURVE('',#182,#2556);
#2556 = DEFINITIONAL_REPRESENTATION('',(#2557),#2561);
#2557 = B_SPLINE_CURVE_WITH_KNOTS('',2,(#2558,#2559,#2560),
  .UNSPECIFIED.,.F.,.F.,(3,3),(0.,1.),.PIECEWISE_BEZIER_KNOTS.);
#2558 = CARTESIAN_POINT('',(2.419801544189,-17.83960286458));
#2559 = CARTESIAN_POINT('',(2.419801544189,-18.3631985677));
#2560 = CARTESIAN_POINT('',(2.943397247314,-18.45780143229));
#2561 = ( GEOMETRIC_REPRESENTATION_CONTEXT(2)
PARAMETRIC_REPRESENTATION_CONTEXT() REPRESENTATION_CONTEXT('2D SPACE',''
  ) );
#2562 = PCURVE('',#2563,#2570);
#2563 = SURFACE_OF_LINEAR_EXTRUSION('',#2564,#2568);
#2564 = B_SPLINE_CURVE_WITH_KNOTS('',2,(#2565,#2566,#2567),
  .UNSPECIFIED.,.F.,.F.,(3,3),(0.,1.),.PIECEWISE_BEZIER_KNOTS.);
#2565 = CARTESIAN_POINT('',(1.,17.839602864583,-1.419801544189));
#2566 = CARTESIAN_POINT('',(1.,18.363198567708,-1.419801544189));
#2567 = CARTESIAN_POINT('',(1.,18.457801432292,-1.943397247314));
#2568 = VECTOR('',#2569,1.);
#2569 = DIRECTION('',(-1.,-0.,-0.));
#2570 = DEFINITIONAL_REPRESENTATION('',(#2571),#2575);
#2571 = LINE('',#2572,#2573);
#2572 = CARTESIAN_POINT('',(0.,0.));
#2573 = VECTOR('',#2574,1.);
#2574 = DIRECTION('',(1.,0.));
#2575 = ( GEOMETRIC_REPRESENTATION_CONTEXT(2)
PARAMETRIC_REPRESENTATION_CONTEXT() REPRESENTATION_CONTEXT('2D SPACE',''
  ) );
#2576 = ORIENTED_EDGE('',*,*,#2577,.F.);
#2577 = EDGE_CURVE('',#2578,#2548,#2580,.T.);
#2578 = VERTEX_POINT('',#2579);
#2579 = CARTESIAN_POINT('',(1.,17.539297851562,-1.477000111898));
#2580 = SURFACE_CURVE('',#2581,(#2585,#2592),.PCURVE_S1.);
#2581 = B_SPLINE_CURVE_WITH_KNOTS('',2,(#2582,#2583,#2584),
  .UNSPECIFIED.,.F.,.F.,(3,3),(0.,1.),.PIECEWISE_BEZIER_KNOTS.);
#2582 = CARTESIAN_POINT('',(1.,17.539297851562,-1.477000111898));
#2583 = CARTESIAN_POINT('',(1.,17.672397135417,-1.419801544189));
#2584 = CARTESIAN_POINT('',(1.,17.839602864583,-1.419801544189));
#2585 = PCURVE('',#182,#2586);
#2586 = DEFINITIONAL_REPRESENTATION('',(#2587),#2591);
#2587 = B_SPLINE_CURVE_WITH_KNOTS('',2,(#2588,#2589,#2590),
  .UNSPECIFIED.,.F.,.F.,(3,3),(0.,1.),.PIECEWISE_BEZIER_KNOTS.);
#2588 = CARTESIAN_POINT('',(2.477000111898,-17.53929785156));
#2589 = CARTESIAN_POINT('',(2.419801544189,-17.67239713541));
#2590 = CARTESIAN_POINT('',(2.419801544189,-17.83960286458));
#2591 = ( GEOMETRIC_REPRESENTATION_CONTEXT(2)
PARAMETRIC_REPRESENTATION_CONTEXT() REPRESENTATION_CONTEXT('2D SPACE',''
  ) );
#2592 = PCURVE('',#2593,#2600);
#2593 = SURFACE_OF_LINEAR_EXTRUSION('',#2594,#2598);
#2594 = B_SPLINE_CURVE_WITH_KNOTS('',2,(#2595,#2596,#2597),
  .UNSPECIFIED.,.F.,.F.,(3,3),(0.,1.),.PIECEWISE_BEZIER_KNOTS.);
#2595 = CARTESIAN_POINT('',(1.,17.539297851563,-1.477000111898));
#2596 = CARTESIAN_POINT('',(1.,17.672397135417,-1.419801544189));
#2597 = CARTESIAN_POINT('',(1.,17.839602864583,-1.419801544189));
#2598 = VECTOR('',#2599,1.);
#2599 = DIRECTION('',(-1.,-0.,-0.));
#2600 = DEFINITIONAL_REPRESENTATION('',(#2601),#2605);
#2601 = LINE('',#2602,#2603);
#2602 = CARTESIAN_POINT('',(0.,0.));
#2603 = VECTOR('',#2604,1.);
#2604 = DIRECTION('',(1.,0.));
#2605 = ( GEOMETRIC_REPRESENTATION_CONTEXT(2)
PARAMETRIC_REPRESENTATION_CONTEXT() REPRESENTATION_CONTEXT('2D SPACE',''
  ) );
#2606 = ORIENTED_EDGE('',*,*,#2607,.F.);
#2607 = EDGE_CURVE('',#2608,#2578,#2610,.T.);
#2608 = VERTEX_POINT('',#2609);
#2609 = CARTESIAN_POINT('',(1.,17.328099283854,-1.621099395752));
#2610 = SURFACE_CURVE('',#2611,(#2615,#2622),.PCURVE_S1.);
#2611 = B_SPLINE_CURVE_WITH_KNOTS('',2,(#2612,#2613,#2614),
  .UNSPECIFIED.,.F.,.F.,(3,3),(0.,1.),.PIECEWISE_BEZIER_KNOTS.);
#2612 = CARTESIAN_POINT('',(1.,17.328099283854,-1.621099395752));
#2613 = CARTESIAN_POINT('',(1.,17.406198567708,-1.534198679606));
#2614 = CARTESIAN_POINT('',(1.,17.539297851562,-1.477000111898));
#2615 = PCURVE('',#182,#2616);
#2616 = DEFINITIONAL_REPRESENTATION('',(#2617),#2621);
#2617 = B_SPLINE_CURVE_WITH_KNOTS('',2,(#2618,#2619,#2620),
  .UNSPECIFIED.,.F.,.F.,(3,3),(0.,1.),.PIECEWISE_BEZIER_KNOTS.);
#2618 = CARTESIAN_POINT('',(2.621099395752,-17.32809928385));
#2619 = CARTESIAN_POINT('',(2.534198679606,-17.4061985677));
#2620 = CARTESIAN_POINT('',(2.477000111898,-17.53929785156));
#2621 = ( GEOMETRIC_REPRESENTATION_CONTEXT(2)
PARAMETRIC_REPRESENTATION_CONTEXT() REPRESENTATION_CONTEXT('2D SPACE',''
  ) );
#2622 = PCURVE('',#2623,#2630);
#2623 = SURFACE_OF_LINEAR_EXTRUSION('',#2624,#2628);
#2624 = B_SPLINE_CURVE_WITH_KNOTS('',2,(#2625,#2626,#2627),
  .UNSPECIFIED.,.F.,.F.,(3,3),(0.,1.),.PIECEWISE_BEZIER_KNOTS.);
#2625 = CARTESIAN_POINT('',(1.,17.328099283854,-1.621099395752));
#2626 = CARTESIAN_POINT('',(1.,17.406198567708,-1.534198679606));
#2627 = CARTESIAN_POINT('',(1.,17.539297851563,-1.477000111898));
#2628 = VECTOR('',#2629,1.);
#2629 = DIRECTION('',(-1.,-0.,-0.));
#2630 = DEFINITIONAL_REPRESENTATION('',(#2631),#2635);
#2631 = LINE('',#2632,#2633);
#2632 = CARTESIAN_POINT('',(0.,0.));
#2633 = VECTOR('',#2634,1.);
#2634 = DIRECTION('',(1.,0.));
#2635 = ( GEOMETRIC_REPRESENTATION_CONTEXT(2)
PARAMETRIC_REPRESENTATION_CONTEXT() REPRESENTATION_CONTEXT('2D SPACE',''
  ) );
#2636 = ORIENTED_EDGE('',*,*,#2637,.F.);
#2637 = EDGE_CURVE('',#2638,#2608,#2640,.T.);
#2638 = VERTEX_POINT('',#2639);
#2639 = CARTESIAN_POINT('',(1.,17.197198567708,-1.824599395752));
#2640 = SURFACE_CURVE('',#2641,(#2645,#2652),.PCURVE_S1.);
#2641 = B_SPLINE_CURVE_WITH_KNOTS('',2,(#2642,#2643,#2644),
  .UNSPECIFIED.,.F.,.F.,(3,3),(0.,1.),.PIECEWISE_BEZIER_KNOTS.);
#2642 = CARTESIAN_POINT('',(1.,17.197198567708,-1.824599395752));
#2643 = CARTESIAN_POINT('',(1.,17.25,-1.708000111898));
#2644 = CARTESIAN_POINT('',(1.,17.328099283854,-1.621099395752));
#2645 = PCURVE('',#182,#2646);
#2646 = DEFINITIONAL_REPRESENTATION('',(#2647),#2651);
#2647 = B_SPLINE_CURVE_WITH_KNOTS('',2,(#2648,#2649,#2650),
  .UNSPECIFIED.,.F.,.F.,(3,3),(0.,1.),.PIECEWISE_BEZIER_KNOTS.);
#2648 = CARTESIAN_POINT('',(2.824599395752,-17.1971985677));
#2649 = CARTESIAN_POINT('',(2.708000111898,-17.25));
#2650 = CARTESIAN_POINT('',(2.621099395752,-17.32809928385));
#2651 = ( GEOMETRIC_REPRESENTATION_CONTEXT(2)
PARAMETRIC_REPRESENTATION_CONTEXT() REPRESENTATION_CONTEXT('2D SPACE',''
  ) );
#2652 = PCURVE('',#2653,#2660);
#2653 = SURFACE_OF_LINEAR_EXTRUSION('',#2654,#2658);
#2654 = B_SPLINE_CURVE_WITH_KNOTS('',2,(#2655,#2656,#2657),
  .UNSPECIFIED.,.F.,.F.,(3,3),(0.,1.),.PIECEWISE_BEZIER_KNOTS.);
#2655 = CARTESIAN_POINT('',(1.,17.197198567708,-1.824599395752));
#2656 = CARTESIAN_POINT('',(1.,17.25,-1.708000111898));
#2657 = CARTESIAN_POINT('',(1.,17.328099283854,-1.621099395752));
#2658 = VECTOR('',#2659,1.);
#2659 = DIRECTION('',(-1.,-0.,-0.));
#2660 = DEFINITIONAL_REPRESENTATION('',(#2661),#2665);
#2661 = LINE('',#2662,#2663);
#2662 = CARTESIAN_POINT('',(0.,0.));
#2663 = VECTOR('',#2664,1.);
#2664 = DIRECTION('',(1.,0.));
#2665 = ( GEOMETRIC_REPRESENTATION_CONTEXT(2)
PARAMETRIC_REPRESENTATION_CONTEXT() REPRESENTATION_CONTEXT('2D SPACE',''
  ) );
#2666 = ORIENTED_EDGE('',*,*,#2667,.F.);
#2667 = EDGE_CURVE('',#2042,#2638,#2668,.T.);
#2668 = SURFACE_CURVE('',#2669,(#2673,#2680),.PCURVE_S1.);
#2669 = B_SPLINE_CURVE_WITH_KNOTS('',2,(#2670,#2671,#2672),
  .UNSPECIFIED.,.F.,.F.,(3,3),(0.,1.),.PIECEWISE_BEZIER_KNOTS.);
#2670 = CARTESIAN_POINT('',(1.,17.125698567708,-2.049000111898));
#2671 = CARTESIAN_POINT('',(1.,17.144397135417,-1.941198679606));
#2672 = CARTESIAN_POINT('',(1.,17.197198567708,-1.824599395752));
#2673 = PCURVE('',#182,#2674);
#2674 = DEFINITIONAL_REPRESENTATION('',(#2675),#2679);
#2675 = B_SPLINE_CURVE_WITH_KNOTS('',2,(#2676,#2677,#2678),
  .UNSPECIFIED.,.F.,.F.,(3,3),(0.,1.),.PIECEWISE_BEZIER_KNOTS.);
#2676 = CARTESIAN_POINT('',(3.049000111898,-17.1256985677));
#2677 = CARTESIAN_POINT('',(2.941198679606,-17.14439713541));
#2678 = CARTESIAN_POINT('',(2.824599395752,-17.1971985677));
#2679 = ( GEOMETRIC_REPRESENTATION_CONTEXT(2)
PARAMETRIC_REPRESENTATION_CONTEXT() REPRESENTATION_CONTEXT('2D SPACE',''
  ) );
#2680 = PCURVE('',#2681,#2688);
#2681 = SURFACE_OF_LINEAR_EXTRUSION('',#2682,#2686);
#2682 = B_SPLINE_CURVE_WITH_KNOTS('',2,(#2683,#2684,#2685),
  .UNSPECIFIED.,.F.,.F.,(3,3),(0.,1.),.PIECEWISE_BEZIER_KNOTS.);
#2683 = CARTESIAN_POINT('',(1.,17.125698567708,-2.049000111898));
#2684 = CARTESIAN_POINT('',(1.,17.144397135417,-1.941198679606));
#2685 = CARTESIAN_POINT('',(1.,17.197198567708,-1.824599395752));
#2686 = VECTOR('',#2687,1.);
#2687 = DIRECTION('',(-1.,-0.,-0.));
#2688 = DEFINITIONAL_REPRESENTATION('',(#2689),#2693);
#2689 = LINE('',#2690,#2691);
#2690 = CARTESIAN_POINT('',(0.,0.));
#2691 = VECTOR('',#2692,1.);
#2692 = DIRECTION('',(1.,0.));
#2693 = ( GEOMETRIC_REPRESENTATION_CONTEXT(2)
PARAMETRIC_REPRESENTATION_CONTEXT() REPRESENTATION_CONTEXT('2D SPACE',''
  ) );
#2694 = ADVANCED_FACE('',(#2695),#322,.F.);
#2695 = FACE_BOUND('',#2696,.F.);
#2696 = EDGE_LOOP('',(#2697,#2718,#2719,#2720));
#2697 = ORIENTED_EDGE('',*,*,#2698,.T.);
#2698 = EDGE_CURVE('',#279,#552,#2699,.T.);
#2699 = SURFACE_CURVE('',#2700,(#2704,#2711),.PCURVE_S1.);
#2700 = LINE('',#2701,#2702);
#2701 = CARTESIAN_POINT('',(-1.8,0.,-5.));
#2702 = VECTOR('',#2703,1.);
#2703 = DIRECTION('',(0.,1.,0.));
#2704 = PCURVE('',#322,#2705);
#2705 = DEFINITIONAL_REPRESENTATION('',(#2706),#2710);
#2706 = LINE('',#2707,#2708);
#2707 = CARTESIAN_POINT('',(0.,0.));
#2708 = VECTOR('',#2709,1.);
#2709 = DIRECTION('',(0.,-1.));
#2710 = ( GEOMETRIC_REPRESENTATION_CONTEXT(2)
PARAMETRIC_REPRESENTATION_CONTEXT() REPRESENTATION_CONTEXT('2D SPACE',''
  ) );
#2711 = PCURVE('',#294,#2712);
#2712 = DEFINITIONAL_REPRESENTATION('',(#2713),#2717);
#2713 = LINE('',#2714,#2715);
#2714 = CARTESIAN_POINT('',(5.3,0.));
#2715 = VECTOR('',#2716,1.);
#2716 = DIRECTION('',(0.,-1.));
#2717 = ( GEOMETRIC_REPRESENTATION_CONTEXT(2)
PARAMETRIC_REPRESENTATION_CONTEXT() REPRESENTATION_CONTEXT('2D SPACE',''
  ) );
#2718 = ORIENTED_EDGE('',*,*,#574,.T.);
#2719 = ORIENTED_EDGE('',*,*,#408,.F.);
#2720 = ORIENTED_EDGE('',*,*,#306,.F.);
#2721 = ADVANCED_FACE('',(#2722),#210,.F.);
#2722 = FACE_BOUND('',#2723,.F.);
#2723 = EDGE_LOOP('',(#2724,#2725,#2726,#2747));
#2724 = ORIENTED_EDGE('',*,*,#602,.T.);
#2725 = ORIENTED_EDGE('',*,*,#482,.T.);
#2726 = ORIENTED_EDGE('',*,*,#2727,.F.);
#2727 = EDGE_CURVE('',#195,#483,#2728,.T.);
#2728 = SURFACE_CURVE('',#2729,(#2733,#2740),.PCURVE_S1.);
#2729 = LINE('',#2730,#2731);
#2730 = CARTESIAN_POINT('',(0.3,0.,-5.));
#2731 = VECTOR('',#2732,1.);
#2732 = DIRECTION('',(0.,1.,0.));
#2733 = PCURVE('',#210,#2734);
#2734 = DEFINITIONAL_REPRESENTATION('',(#2735),#2739);
#2735 = LINE('',#2736,#2737);
#2736 = CARTESIAN_POINT('',(0.7,0.));
#2737 = VECTOR('',#2738,1.);
#2738 = DIRECTION('',(0.,-1.));
#2739 = ( GEOMETRIC_REPRESENTATION_CONTEXT(2)
PARAMETRIC_REPRESENTATION_CONTEXT() REPRESENTATION_CONTEXT('2D SPACE',''
  ) );
#2740 = PCURVE('',#238,#2741);
#2741 = DEFINITIONAL_REPRESENTATION('',(#2742),#2746);
#2742 = LINE('',#2743,#2744);
#2743 = CARTESIAN_POINT('',(0.,0.));
#2744 = VECTOR('',#2745,1.);
#2745 = DIRECTION('',(0.,-1.));
#2746 = ( GEOMETRIC_REPRESENTATION_CONTEXT(2)
PARAMETRIC_REPRESENTATION_CONTEXT() REPRESENTATION_CONTEXT('2D SPACE',''
  ) );
#2747 = ORIENTED_EDGE('',*,*,#194,.F.);
#2748 = ADVANCED_FACE('',(#2749),#294,.F.);
#2749 = FACE_BOUND('',#2750,.F.);
#2750 = EDGE_LOOP('',(#2751,#2772,#2773,#2774));
#2751 = ORIENTED_EDGE('',*,*,#2752,.T.);
#2752 = EDGE_CURVE('',#251,#529,#2753,.T.);
#2753 = SURFACE_CURVE('',#2754,(#2758,#2765),.PCURVE_S1.);
#2754 = LINE('',#2755,#2756);
#2755 = CARTESIAN_POINT('',(-1.8,0.,0.3));
#2756 = VECTOR('',#2757,1.);
#2757 = DIRECTION('',(0.,1.,0.));
#2758 = PCURVE('',#294,#2759);
#2759 = DEFINITIONAL_REPRESENTATION('',(#2760),#2764);
#2760 = LINE('',#2761,#2762);
#2761 = CARTESIAN_POINT('',(0.,-0.));
#2762 = VECTOR('',#2763,1.);
#2763 = DIRECTION('',(0.,-1.));
#2764 = ( GEOMETRIC_REPRESENTATION_CONTEXT(2)
PARAMETRIC_REPRESENTATION_CONTEXT() REPRESENTATION_CONTEXT('2D SPACE',''
  ) );
#2765 = PCURVE('',#266,#2766);
#2766 = DEFINITIONAL_REPRESENTATION('',(#2767),#2771);
#2767 = LINE('',#2768,#2769);
#2768 = CARTESIAN_POINT('',(2.1,0.));
#2769 = VECTOR('',#2770,1.);
#2770 = DIRECTION('',(0.,-1.));
#2771 = ( GEOMETRIC_REPRESENTATION_CONTEXT(2)
PARAMETRIC_REPRESENTATION_CONTEXT() REPRESENTATION_CONTEXT('2D SPACE',''
  ) );
#2772 = ORIENTED_EDGE('',*,*,#551,.T.);
#2773 = ORIENTED_EDGE('',*,*,#2698,.F.);
#2774 = ORIENTED_EDGE('',*,*,#278,.F.);
#2775 = ADVANCED_FACE('',(#2776),#238,.F.);
#2776 = FACE_BOUND('',#2777,.F.);
#2777 = EDGE_LOOP('',(#2778,#2779,#2780,#2801));
#2778 = ORIENTED_EDGE('',*,*,#2727,.T.);
#2779 = ORIENTED_EDGE('',*,*,#505,.T.);
#2780 = ORIENTED_EDGE('',*,*,#2781,.F.);
#2781 = EDGE_CURVE('',#223,#506,#2782,.T.);
#2782 = SURFACE_CURVE('',#2783,(#2787,#2794),.PCURVE_S1.);
#2783 = LINE('',#2784,#2785);
#2784 = CARTESIAN_POINT('',(0.3,0.,0.3));
#2785 = VECTOR('',#2786,1.);
#2786 = DIRECTION('',(0.,1.,0.));
#2787 = PCURVE('',#238,#2788);
#2788 = DEFINITIONAL_REPRESENTATION('',(#2789),#2793);
#2789 = LINE('',#2790,#2791);
#2790 = CARTESIAN_POINT('',(5.3,0.));
#2791 = VECTOR('',#2792,1.);
#2792 = DIRECTION('',(0.,-1.));
#2793 = ( GEOMETRIC_REPRESENTATION_CONTEXT(2)
PARAMETRIC_REPRESENTATION_CONTEXT() REPRESENTATION_CONTEXT('2D SPACE',''
  ) );
#2794 = PCURVE('',#266,#2795);
#2795 = DEFINITIONAL_REPRESENTATION('',(#2796),#2800);
#2796 = LINE('',#2797,#2798);
#2797 = CARTESIAN_POINT('',(0.,0.));
#2798 = VECTOR('',#2799,1.);
#2799 = DIRECTION('',(0.,-1.));
#2800 = ( GEOMETRIC_REPRESENTATION_CONTEXT(2)
PARAMETRIC_REPRESENTATION_CONTEXT() REPRESENTATION_CONTEXT('2D SPACE',''
  ) );
#2801 = ORIENTED_EDGE('',*,*,#222,.F.);
#2802 = ADVANCED_FACE('',(#2803),#266,.F.);
#2803 = FACE_BOUND('',#2804,.F.);
#2804 = EDGE_LOOP('',(#2805,#2806,#2807,#2808));
#2805 = ORIENTED_EDGE('',*,*,#2781,.T.);
#2806 = ORIENTED_EDGE('',*,*,#528,.T.);
#2807 = ORIENTED_EDGE('',*,*,#2752,.F.);
#2808 = ORIENTED_EDGE('',*,*,#250,.F.);
#2809 = ADVANCED_FACE('',(#2810),#643,.T.);
#2810 = FACE_BOUND('',#2811,.T.);
#2811 = EDGE_LOOP('',(#2812,#2835,#2863,#2884));
#2812 = ORIENTED_EDGE('',*,*,#2813,.T.);
#2813 = EDGE_CURVE('',#626,#2814,#2816,.T.);
#2814 = VERTEX_POINT('',#2815);
#2815 = CARTESIAN_POINT('',(1.35,21.999801432292,-1.490198679606));
#2816 = SURFACE_CURVE('',#2817,(#2821,#2828),.PCURVE_S1.);
#2817 = LINE('',#2818,#2819);
#2818 = CARTESIAN_POINT('',(1.,21.999801432292,-1.490198679606));
#2819 = VECTOR('',#2820,1.);
#2820 = DIRECTION('',(1.,0.,0.));
#2821 = PCURVE('',#643,#2822);
#2822 = DEFINITIONAL_REPRESENTATION('',(#2823),#2827);
#2823 = LINE('',#2824,#2825);
#2824 = CARTESIAN_POINT('',(0.,0.));
#2825 = VECTOR('',#2826,1.);
#2826 = DIRECTION('',(0.,-1.));
#2827 = ( GEOMETRIC_REPRESENTATION_CONTEXT(2)
PARAMETRIC_REPRESENTATION_CONTEXT() REPRESENTATION_CONTEXT('2D SPACE',''
  ) );
#2828 = PCURVE('',#671,#2829);
#2829 = DEFINITIONAL_REPRESENTATION('',(#2830),#2834);
#2830 = LINE('',#2831,#2832);
#2831 = CARTESIAN_POINT('',(0.857166515577,0.));
#2832 = VECTOR('',#2833,1.);
#2833 = DIRECTION('',(0.,-1.));
#2834 = ( GEOMETRIC_REPRESENTATION_CONTEXT(2)
PARAMETRIC_REPRESENTATION_CONTEXT() REPRESENTATION_CONTEXT('2D SPACE',''
  ) );
#2835 = ORIENTED_EDGE('',*,*,#2836,.T.);
#2836 = EDGE_CURVE('',#2814,#2837,#2839,.T.);
#2837 = VERTEX_POINT('',#2838);
#2838 = CARTESIAN_POINT('',(1.35,22.805,-1.490198679606));
#2839 = SURFACE_CURVE('',#2840,(#2844,#2851),.PCURVE_S1.);
#2840 = LINE('',#2841,#2842);
#2841 = CARTESIAN_POINT('',(1.35,21.999801432292,-1.490198679606));
#2842 = VECTOR('',#2843,1.);
#2843 = DIRECTION('',(0.,1.,0.));
#2844 = PCURVE('',#643,#2845);
#2845 = DEFINITIONAL_REPRESENTATION('',(#2846),#2850);
#2846 = LINE('',#2847,#2848);
#2847 = CARTESIAN_POINT('',(0.,-0.35));
#2848 = VECTOR('',#2849,1.);
#2849 = DIRECTION('',(1.,0.));
#2850 = ( GEOMETRIC_REPRESENTATION_CONTEXT(2)
PARAMETRIC_REPRESENTATION_CONTEXT() REPRESENTATION_CONTEXT('2D SPACE',''
  ) );
#2851 = PCURVE('',#2852,#2857);
#2852 = PLANE('',#2853);
#2853 = AXIS2_PLACEMENT_3D('',#2854,#2855,#2856);
#2854 = CARTESIAN_POINT('',(1.35,21.757801432292,-3.050000111898));
#2855 = DIRECTION('',(1.,0.,0.));
#2856 = DIRECTION('',(0.,1.,0.));
#2857 = DEFINITIONAL_REPRESENTATION('',(#2858),#2862);
#2858 = LINE('',#2859,#2860);
#2859 = CARTESIAN_POINT('',(0.242,1.559801432292));
#2860 = VECTOR('',#2861,1.);
#2861 = DIRECTION('',(1.,0.));
#2862 = ( GEOMETRIC_REPRESENTATION_CONTEXT(2)
PARAMETRIC_REPRESENTATION_CONTEXT() REPRESENTATION_CONTEXT('2D SPACE',''
  ) );
#2863 = ORIENTED_EDGE('',*,*,#2864,.F.);
#2864 = EDGE_CURVE('',#628,#2837,#2865,.T.);
#2865 = SURFACE_CURVE('',#2866,(#2870,#2877),.PCURVE_S1.);
#2866 = LINE('',#2867,#2868);
#2867 = CARTESIAN_POINT('',(1.,22.805,-1.490198679606));
#2868 = VECTOR('',#2869,1.);
#2869 = DIRECTION('',(1.,0.,0.));
#2870 = PCURVE('',#643,#2871);
#2871 = DEFINITIONAL_REPRESENTATION('',(#2872),#2876);
#2872 = LINE('',#2873,#2874);
#2873 = CARTESIAN_POINT('',(0.805198567708,0.));
#2874 = VECTOR('',#2875,1.);
#2875 = DIRECTION('',(0.,-1.));
#2876 = ( GEOMETRIC_REPRESENTATION_CONTEXT(2)
PARAMETRIC_REPRESENTATION_CONTEXT() REPRESENTATION_CONTEXT('2D SPACE',''
  ) );
#2877 = PCURVE('',#1379,#2878);
#2878 = DEFINITIONAL_REPRESENTATION('',(#2879),#2883);
#2879 = LINE('',#2880,#2881);
#2880 = CARTESIAN_POINT('',(0.,0.));
#2881 = VECTOR('',#2882,1.);
#2882 = DIRECTION('',(0.,-1.));
#2883 = ( GEOMETRIC_REPRESENTATION_CONTEXT(2)
PARAMETRIC_REPRESENTATION_CONTEXT() REPRESENTATION_CONTEXT('2D SPACE',''
  ) );
#2884 = ORIENTED_EDGE('',*,*,#625,.F.);
#2885 = ADVANCED_FACE('',(#2886),#1379,.T.);
#2886 = FACE_BOUND('',#2887,.T.);
#2887 = EDGE_LOOP('',(#2888,#2889,#2912,#2933));
#2888 = ORIENTED_EDGE('',*,*,#2864,.T.);
#2889 = ORIENTED_EDGE('',*,*,#2890,.T.);
#2890 = EDGE_CURVE('',#2837,#2891,#2893,.T.);
#2891 = VERTEX_POINT('',#2892);
#2892 = CARTESIAN_POINT('',(1.35,22.805,-1.681602976481));
#2893 = SURFACE_CURVE('',#2894,(#2898,#2905),.PCURVE_S1.);
#2894 = LINE('',#2895,#2896);
#2895 = CARTESIAN_POINT('',(1.35,22.805,-1.490198679606));
#2896 = VECTOR('',#2897,1.);
#2897 = DIRECTION('',(0.,0.,-1.));
#2898 = PCURVE('',#1379,#2899);
#2899 = DEFINITIONAL_REPRESENTATION('',(#2900),#2904);
#2900 = LINE('',#2901,#2902);
#2901 = CARTESIAN_POINT('',(0.,-0.35));
#2902 = VECTOR('',#2903,1.);
#2903 = DIRECTION('',(1.,0.));
#2904 = ( GEOMETRIC_REPRESENTATION_CONTEXT(2)
PARAMETRIC_REPRESENTATION_CONTEXT() REPRESENTATION_CONTEXT('2D SPACE',''
  ) );
#2905 = PCURVE('',#2852,#2906);
#2906 = DEFINITIONAL_REPRESENTATION('',(#2907),#2911);
#2907 = LINE('',#2908,#2909);
#2908 = CARTESIAN_POINT('',(1.047198567708,1.559801432292));
#2909 = VECTOR('',#2910,1.);
#2910 = DIRECTION('',(0.,-1.));
#2911 = ( GEOMETRIC_REPRESENTATION_CONTEXT(2)
PARAMETRIC_REPRESENTATION_CONTEXT() REPRESENTATION_CONTEXT('2D SPACE',''
  ) );
#2912 = ORIENTED_EDGE('',*,*,#2913,.F.);
#2913 = EDGE_CURVE('',#1338,#2891,#2914,.T.);
#2914 = SURFACE_CURVE('',#2915,(#2919,#2926),.PCURVE_S1.);
#2915 = LINE('',#2916,#2917);
#2916 = CARTESIAN_POINT('',(1.,22.805,-1.681602976481));
#2917 = VECTOR('',#2918,1.);
#2918 = DIRECTION('',(1.,0.,0.));
#2919 = PCURVE('',#1379,#2920);
#2920 = DEFINITIONAL_REPRESENTATION('',(#2921),#2925);
#2921 = LINE('',#2922,#2923);
#2922 = CARTESIAN_POINT('',(0.191404296875,0.));
#2923 = VECTOR('',#2924,1.);
#2924 = DIRECTION('',(0.,-1.));
#2925 = ( GEOMETRIC_REPRESENTATION_CONTEXT(2)
PARAMETRIC_REPRESENTATION_CONTEXT() REPRESENTATION_CONTEXT('2D SPACE',''
  ) );
#2926 = PCURVE('',#1353,#2927);
#2927 = DEFINITIONAL_REPRESENTATION('',(#2928),#2932);
#2928 = LINE('',#2929,#2930);
#2929 = CARTESIAN_POINT('',(0.,-0.));
#2930 = VECTOR('',#2931,1.);
#2931 = DIRECTION('',(0.,-1.));
#2932 = ( GEOMETRIC_REPRESENTATION_CONTEXT(2)
PARAMETRIC_REPRESENTATION_CONTEXT() REPRESENTATION_CONTEXT('2D SPACE',''
  ) );
#2933 = ORIENTED_EDGE('',*,*,#1365,.F.);
#2934 = ADVANCED_FACE('',(#2935),#1353,.T.);
#2935 = FACE_BOUND('',#2936,.T.);
#2936 = EDGE_LOOP('',(#2937,#2938,#2961,#2982));
#2937 = ORIENTED_EDGE('',*,*,#2913,.T.);
#2938 = ORIENTED_EDGE('',*,*,#2939,.T.);
#2939 = EDGE_CURVE('',#2891,#2940,#2942,.T.);
#2940 = VERTEX_POINT('',#2941);
#2941 = CARTESIAN_POINT('',(1.35,22.156,-1.681602976481));
#2942 = SURFACE_CURVE('',#2943,(#2947,#2954),.PCURVE_S1.);
#2943 = LINE('',#2944,#2945);
#2944 = CARTESIAN_POINT('',(1.35,22.805,-1.681602976481));
#2945 = VECTOR('',#2946,1.);
#2946 = DIRECTION('',(0.,-1.,0.));
#2947 = PCURVE('',#1353,#2948);
#2948 = DEFINITIONAL_REPRESENTATION('',(#2949),#2953);
#2949 = LINE('',#2950,#2951);
#2950 = CARTESIAN_POINT('',(0.,-0.35));
#2951 = VECTOR('',#2952,1.);
#2952 = DIRECTION('',(1.,0.));
#2953 = ( GEOMETRIC_REPRESENTATION_CONTEXT(2)
PARAMETRIC_REPRESENTATION_CONTEXT() REPRESENTATION_CONTEXT('2D SPACE',''
  ) );
#2954 = PCURVE('',#2852,#2955);
#2955 = DEFINITIONAL_REPRESENTATION('',(#2956),#2960);
#2956 = LINE('',#2957,#2958);
#2957 = CARTESIAN_POINT('',(1.047198567708,1.368397135417));
#2958 = VECTOR('',#2959,1.);
#2959 = DIRECTION('',(-1.,0.));
#2960 = ( GEOMETRIC_REPRESENTATION_CONTEXT(2)
PARAMETRIC_REPRESENTATION_CONTEXT() REPRESENTATION_CONTEXT('2D SPACE',''
  ) );
#2961 = ORIENTED_EDGE('',*,*,#2962,.F.);
#2962 = EDGE_CURVE('',#1310,#2940,#2963,.T.);
#2963 = SURFACE_CURVE('',#2964,(#2968,#2975),.PCURVE_S1.);
#2964 = LINE('',#2965,#2966);
#2965 = CARTESIAN_POINT('',(1.,22.156,-1.681602976481));
#2966 = VECTOR('',#2967,1.);
#2967 = DIRECTION('',(1.,0.,0.));
#2968 = PCURVE('',#1353,#2969);
#2969 = DEFINITIONAL_REPRESENTATION('',(#2970),#2974);
#2970 = LINE('',#2971,#2972);
#2971 = CARTESIAN_POINT('',(0.649,0.));
#2972 = VECTOR('',#2973,1.);
#2973 = DIRECTION('',(0.,-1.));
#2974 = ( GEOMETRIC_REPRESENTATION_CONTEXT(2)
PARAMETRIC_REPRESENTATION_CONTEXT() REPRESENTATION_CONTEXT('2D SPACE',''
  ) );
#2975 = PCURVE('',#1325,#2976);
#2976 = DEFINITIONAL_REPRESENTATION('',(#2977),#2981);
#2977 = LINE('',#2978,#2979);
#2978 = CARTESIAN_POINT('',(0.,0.));
#2979 = VECTOR('',#2980,1.);
#2980 = DIRECTION('',(0.,-1.));
#2981 = ( GEOMETRIC_REPRESENTATION_CONTEXT(2)
PARAMETRIC_REPRESENTATION_CONTEXT() REPRESENTATION_CONTEXT('2D SPACE',''
  ) );
#2982 = ORIENTED_EDGE('',*,*,#1337,.F.);
#2983 = ADVANCED_FACE('',(#2984),#1325,.T.);
#2984 = FACE_BOUND('',#2985,.T.);
#2985 = EDGE_LOOP('',(#2986,#2987,#3010,#3031));
#2986 = ORIENTED_EDGE('',*,*,#2962,.T.);
#2987 = ORIENTED_EDGE('',*,*,#2988,.T.);
#2988 = EDGE_CURVE('',#2940,#2989,#2991,.T.);
#2989 = VERTEX_POINT('',#2990);
#2990 = CARTESIAN_POINT('',(1.35,22.094404296875,-2.117198679606));
#2991 = SURFACE_CURVE('',#2992,(#2996,#3003),.PCURVE_S1.);
#2992 = LINE('',#2993,#2994);
#2993 = CARTESIAN_POINT('',(1.35,22.156,-1.681602976481));
#2994 = VECTOR('',#2995,1.);
#2995 = DIRECTION('',(0.,-0.140012783158,-0.990149696032));
#2996 = PCURVE('',#1325,#2997);
#2997 = DEFINITIONAL_REPRESENTATION('',(#2998),#3002);
#2998 = LINE('',#2999,#3000);
#2999 = CARTESIAN_POINT('',(0.,-0.35));
#3000 = VECTOR('',#3001,1.);
#3001 = DIRECTION('',(1.,0.));
#3002 = ( GEOMETRIC_REPRESENTATION_CONTEXT(2)
PARAMETRIC_REPRESENTATION_CONTEXT() REPRESENTATION_CONTEXT('2D SPACE',''
  ) );
#3003 = PCURVE('',#2852,#3004);
#3004 = DEFINITIONAL_REPRESENTATION('',(#3005),#3009);
#3005 = LINE('',#3006,#3007);
#3006 = CARTESIAN_POINT('',(0.398198567708,1.368397135417));
#3007 = VECTOR('',#3008,1.);
#3008 = DIRECTION('',(-0.140012783158,-0.990149696032));
#3009 = ( GEOMETRIC_REPRESENTATION_CONTEXT(2)
PARAMETRIC_REPRESENTATION_CONTEXT() REPRESENTATION_CONTEXT('2D SPACE',''
  ) );
#3010 = ORIENTED_EDGE('',*,*,#3011,.F.);
#3011 = EDGE_CURVE('',#1280,#2989,#3012,.T.);
#3012 = SURFACE_CURVE('',#3013,(#3017,#3024),.PCURVE_S1.);
#3013 = LINE('',#3014,#3015);
#3014 = CARTESIAN_POINT('',(1.,22.094404296875,-2.117198679606));
#3015 = VECTOR('',#3016,1.);
#3016 = DIRECTION('',(1.,0.,0.));
#3017 = PCURVE('',#1325,#3018);
#3018 = DEFINITIONAL_REPRESENTATION('',(#3019),#3023);
#3019 = LINE('',#3020,#3021);
#3020 = CARTESIAN_POINT('',(0.439929138867,0.));
#3021 = VECTOR('',#3022,1.);
#3022 = DIRECTION('',(0.,-1.));
#3023 = ( GEOMETRIC_REPRESENTATION_CONTEXT(2)
PARAMETRIC_REPRESENTATION_CONTEXT() REPRESENTATION_CONTEXT('2D SPACE',''
  ) );
#3024 = PCURVE('',#1295,#3025);
#3025 = DEFINITIONAL_REPRESENTATION('',(#3026),#3030);
#3026 = LINE('',#3027,#3028);
#3027 = CARTESIAN_POINT('',(0.,0.));
#3028 = VECTOR('',#3029,1.);
#3029 = DIRECTION('',(0.,-1.));
#3030 = ( GEOMETRIC_REPRESENTATION_CONTEXT(2)
PARAMETRIC_REPRESENTATION_CONTEXT() REPRESENTATION_CONTEXT('2D SPACE',''
  ) );
#3031 = ORIENTED_EDGE('',*,*,#1309,.F.);
#3032 = ADVANCED_FACE('',(#3033),#1295,.T.);
#3033 = FACE_BOUND('',#3034,.T.);
#3034 = EDGE_LOOP('',(#3035,#3036,#3059,#3080));
#3035 = ORIENTED_EDGE('',*,*,#3011,.T.);
#3036 = ORIENTED_EDGE('',*,*,#3037,.T.);
#3037 = EDGE_CURVE('',#2989,#3038,#3040,.T.);
#3038 = VERTEX_POINT('',#3039);
#3039 = CARTESIAN_POINT('',(1.35,22.382602864583,-2.022602976481));
#3040 = SURFACE_CURVE('',#3041,(#3045,#3052),.PCURVE_S1.);
#3041 = B_SPLINE_CURVE_WITH_KNOTS('',2,(#3042,#3043,#3044),
  .UNSPECIFIED.,.F.,.F.,(3,3),(0.,1.),.PIECEWISE_BEZIER_KNOTS.);
#3042 = CARTESIAN_POINT('',(1.35,22.094404296875,-2.117198679606));
#3043 = CARTESIAN_POINT('',(1.35,22.224198567708,-2.022602976481));
#3044 = CARTESIAN_POINT('',(1.35,22.382602864583,-2.022602976481));
#3045 = PCURVE('',#1295,#3046);
#3046 = DEFINITIONAL_REPRESENTATION('',(#3047),#3051);
#3047 = LINE('',#3048,#3049);
#3048 = CARTESIAN_POINT('',(0.,-0.35));
#3049 = VECTOR('',#3050,1.);
#3050 = DIRECTION('',(1.,0.));
#3051 = ( GEOMETRIC_REPRESENTATION_CONTEXT(2)
PARAMETRIC_REPRESENTATION_CONTEXT() REPRESENTATION_CONTEXT('2D SPACE',''
  ) );
#3052 = PCURVE('',#2852,#3053);
#3053 = DEFINITIONAL_REPRESENTATION('',(#3054),#3058);
#3054 = B_SPLINE_CURVE_WITH_KNOTS('',2,(#3055,#3056,#3057),
  .UNSPECIFIED.,.F.,.F.,(3,3),(0.,1.),.PIECEWISE_BEZIER_KNOTS.);
#3055 = CARTESIAN_POINT('',(0.336602864583,0.932801432292));
#3056 = CARTESIAN_POINT('',(0.466397135417,1.027397135417));
#3057 = CARTESIAN_POINT('',(0.624801432292,1.027397135417));
#3058 = ( GEOMETRIC_REPRESENTATION_CONTEXT(2)
PARAMETRIC_REPRESENTATION_CONTEXT() REPRESENTATION_CONTEXT('2D SPACE',''
  ) );
#3059 = ORIENTED_EDGE('',*,*,#3060,.F.);
#3060 = EDGE_CURVE('',#1250,#3038,#3061,.T.);
#3061 = SURFACE_CURVE('',#3062,(#3066,#3073),.PCURVE_S1.);
#3062 = LINE('',#3063,#3064);
#3063 = CARTESIAN_POINT('',(1.,22.382602864583,-2.022602976481));
#3064 = VECTOR('',#3065,1.);
#3065 = DIRECTION('',(1.,0.,0.));
#3066 = PCURVE('',#1295,#3067);
#3067 = DEFINITIONAL_REPRESENTATION('',(#3068),#3072);
#3068 = LINE('',#3069,#3070);
#3069 = CARTESIAN_POINT('',(1.,0.));
#3070 = VECTOR('',#3071,1.);
#3071 = DIRECTION('',(0.,-1.));
#3072 = ( GEOMETRIC_REPRESENTATION_CONTEXT(2)
PARAMETRIC_REPRESENTATION_CONTEXT() REPRESENTATION_CONTEXT('2D SPACE',''
  ) );
#3073 = PCURVE('',#1265,#3074);
#3074 = DEFINITIONAL_REPRESENTATION('',(#3075),#3079);
#3075 = LINE('',#3076,#3077);
#3076 = CARTESIAN_POINT('',(0.,0.));
#3077 = VECTOR('',#3078,1.);
#3078 = DIRECTION('',(0.,-1.));
#3079 = ( GEOMETRIC_REPRESENTATION_CONTEXT(2)
PARAMETRIC_REPRESENTATION_CONTEXT() REPRESENTATION_CONTEXT('2D SPACE',''
  ) );
#3080 = ORIENTED_EDGE('',*,*,#1279,.F.);
#3081 = ADVANCED_FACE('',(#3082),#1265,.T.);
#3082 = FACE_BOUND('',#3083,.T.);
#3083 = EDGE_LOOP('',(#3084,#3085,#3108,#3129));
#3084 = ORIENTED_EDGE('',*,*,#3060,.T.);
#3085 = ORIENTED_EDGE('',*,*,#3086,.T.);
#3086 = EDGE_CURVE('',#3038,#3087,#3089,.T.);
#3087 = VERTEX_POINT('',#3088);
#3088 = CARTESIAN_POINT('',(1.35,22.746702148437,-2.166702260335));
#3089 = SURFACE_CURVE('',#3090,(#3094,#3101),.PCURVE_S1.);
#3090 = B_SPLINE_CURVE_WITH_KNOTS('',2,(#3091,#3092,#3093),
  .UNSPECIFIED.,.F.,.F.,(3,3),(0.,1.),.PIECEWISE_BEZIER_KNOTS.);
#3091 = CARTESIAN_POINT('',(1.35,22.382602864583,-2.022602976481));
#3092 = CARTESIAN_POINT('',(1.35,22.607,-2.022602976481));
#3093 = CARTESIAN_POINT('',(1.35,22.746702148437,-2.166702260335));
#3094 = PCURVE('',#1265,#3095);
#3095 = DEFINITIONAL_REPRESENTATION('',(#3096),#3100);
#3096 = LINE('',#3097,#3098);
#3097 = CARTESIAN_POINT('',(0.,-0.35));
#3098 = VECTOR('',#3099,1.);
#3099 = DIRECTION('',(1.,0.));
#3100 = ( GEOMETRIC_REPRESENTATION_CONTEXT(2)
PARAMETRIC_REPRESENTATION_CONTEXT() REPRESENTATION_CONTEXT('2D SPACE',''
  ) );
#3101 = PCURVE('',#2852,#3102);
#3102 = DEFINITIONAL_REPRESENTATION('',(#3103),#3107);
#3103 = B_SPLINE_CURVE_WITH_KNOTS('',2,(#3104,#3105,#3106),
  .UNSPECIFIED.,.F.,.F.,(3,3),(0.,1.),.PIECEWISE_BEZIER_KNOTS.);
#3104 = CARTESIAN_POINT('',(0.624801432292,1.027397135417));
#3105 = CARTESIAN_POINT('',(0.849198567708,1.027397135417));
#3106 = CARTESIAN_POINT('',(0.988900716146,0.883297851563));
#3107 = ( GEOMETRIC_REPRESENTATION_CONTEXT(2)
PARAMETRIC_REPRESENTATION_CONTEXT() REPRESENTATION_CONTEXT('2D SPACE',''
  ) );
#3108 = ORIENTED_EDGE('',*,*,#3109,.F.);
#3109 = EDGE_CURVE('',#1220,#3087,#3110,.T.);
#3110 = SURFACE_CURVE('',#3111,(#3115,#3122),.PCURVE_S1.);
#3111 = LINE('',#3112,#3113);
#3112 = CARTESIAN_POINT('',(1.,22.746702148437,-2.166702260335));
#3113 = VECTOR('',#3114,1.);
#3114 = DIRECTION('',(1.,0.,0.));
#3115 = PCURVE('',#1265,#3116);
#3116 = DEFINITIONAL_REPRESENTATION('',(#3117),#3121);
#3117 = LINE('',#3118,#3119);
#3118 = CARTESIAN_POINT('',(1.,0.));
#3119 = VECTOR('',#3120,1.);
#3120 = DIRECTION('',(0.,-1.));
#3121 = ( GEOMETRIC_REPRESENTATION_CONTEXT(2)
PARAMETRIC_REPRESENTATION_CONTEXT() REPRESENTATION_CONTEXT('2D SPACE',''
  ) );
#3122 = PCURVE('',#1235,#3123);
#3123 = DEFINITIONAL_REPRESENTATION('',(#3124),#3128);
#3124 = LINE('',#3125,#3126);
#3125 = CARTESIAN_POINT('',(0.,0.));
#3126 = VECTOR('',#3127,1.);
#3127 = DIRECTION('',(0.,-1.));
#3128 = ( GEOMETRIC_REPRESENTATION_CONTEXT(2)
PARAMETRIC_REPRESENTATION_CONTEXT() REPRESENTATION_CONTEXT('2D SPACE',''
  ) );
#3129 = ORIENTED_EDGE('',*,*,#1249,.F.);
#3130 = ADVANCED_FACE('',(#3131),#1235,.T.);
#3131 = FACE_BOUND('',#3132,.T.);
#3132 = EDGE_LOOP('',(#3133,#3134,#3157,#3178));
#3133 = ORIENTED_EDGE('',*,*,#3109,.T.);
#3134 = ORIENTED_EDGE('',*,*,#3135,.T.);
#3135 = EDGE_CURVE('',#3087,#3136,#3138,.T.);
#3136 = VERTEX_POINT('',#3137);
#3137 = CARTESIAN_POINT('',(1.35,22.886404296875,-2.541801544189));
#3138 = SURFACE_CURVE('',#3139,(#3143,#3150),.PCURVE_S1.);
#3139 = B_SPLINE_CURVE_WITH_KNOTS('',2,(#3140,#3141,#3142),
  .UNSPECIFIED.,.F.,.F.,(3,3),(0.,1.),.PIECEWISE_BEZIER_KNOTS.);
#3140 = CARTESIAN_POINT('',(1.35,22.746702148437,-2.166702260335));
#3141 = CARTESIAN_POINT('',(1.35,22.886404296875,-2.310801544189));
#3142 = CARTESIAN_POINT('',(1.35,22.886404296875,-2.541801544189));
#3143 = PCURVE('',#1235,#3144);
#3144 = DEFINITIONAL_REPRESENTATION('',(#3145),#3149);
#3145 = LINE('',#3146,#3147);
#3146 = CARTESIAN_POINT('',(0.,-0.35));
#3147 = VECTOR('',#3148,1.);
#3148 = DIRECTION('',(1.,0.));
#3149 = ( GEOMETRIC_REPRESENTATION_CONTEXT(2)
PARAMETRIC_REPRESENTATION_CONTEXT() REPRESENTATION_CONTEXT('2D SPACE',''
  ) );
#3150 = PCURVE('',#2852,#3151);
#3151 = DEFINITIONAL_REPRESENTATION('',(#3152),#3156);
#3152 = B_SPLINE_CURVE_WITH_KNOTS('',2,(#3153,#3154,#3155),
  .UNSPECIFIED.,.F.,.F.,(3,3),(0.,1.),.PIECEWISE_BEZIER_KNOTS.);
#3153 = CARTESIAN_POINT('',(0.988900716146,0.883297851563));
#3154 = CARTESIAN_POINT('',(1.128602864583,0.739198567708));
#3155 = CARTESIAN_POINT('',(1.128602864583,0.508198567708));
#3156 = ( GEOMETRIC_REPRESENTATION_CONTEXT(2)
PARAMETRIC_REPRESENTATION_CONTEXT() REPRESENTATION_CONTEXT('2D SPACE',''
  ) );
#3157 = ORIENTED_EDGE('',*,*,#3158,.F.);
#3158 = EDGE_CURVE('',#1190,#3136,#3159,.T.);
#3159 = SURFACE_CURVE('',#3160,(#3164,#3171),.PCURVE_S1.);
#3160 = LINE('',#3161,#3162);
#3161 = CARTESIAN_POINT('',(1.,22.886404296875,-2.541801544189));
#3162 = VECTOR('',#3163,1.);
#3163 = DIRECTION('',(1.,0.,0.));
#3164 = PCURVE('',#1235,#3165);
#3165 = DEFINITIONAL_REPRESENTATION('',(#3166),#3170);
#3166 = LINE('',#3167,#3168);
#3167 = CARTESIAN_POINT('',(1.,0.));
#3168 = VECTOR('',#3169,1.);
#3169 = DIRECTION('',(0.,-1.));
#3170 = ( GEOMETRIC_REPRESENTATION_CONTEXT(2)
PARAMETRIC_REPRESENTATION_CONTEXT() REPRESENTATION_CONTEXT('2D SPACE',''
  ) );
#3171 = PCURVE('',#1205,#3172);
#3172 = DEFINITIONAL_REPRESENTATION('',(#3173),#3177);
#3173 = LINE('',#3174,#3175);
#3174 = CARTESIAN_POINT('',(0.,0.));
#3175 = VECTOR('',#3176,1.);
#3176 = DIRECTION('',(0.,-1.));
#3177 = ( GEOMETRIC_REPRESENTATION_CONTEXT(2)
PARAMETRIC_REPRESENTATION_CONTEXT() REPRESENTATION_CONTEXT('2D SPACE',''
  ) );
#3178 = ORIENTED_EDGE('',*,*,#1219,.F.);
#3179 = ADVANCED_FACE('',(#3180),#1205,.T.);
#3180 = FACE_BOUND('',#3181,.T.);
#3181 = EDGE_LOOP('',(#3182,#3183,#3206,#3227));
#3182 = ORIENTED_EDGE('',*,*,#3158,.T.);
#3183 = ORIENTED_EDGE('',*,*,#3184,.T.);
#3184 = EDGE_CURVE('',#3136,#3185,#3187,.T.);
#3185 = VERTEX_POINT('',#3186);
#3186 = CARTESIAN_POINT('',(1.35,22.736801432292,-2.944400828044));
#3187 = SURFACE_CURVE('',#3188,(#3192,#3199),.PCURVE_S1.);
#3188 = B_SPLINE_CURVE_WITH_KNOTS('',2,(#3189,#3190,#3191),
  .UNSPECIFIED.,.F.,.F.,(3,3),(0.,1.),.PIECEWISE_BEZIER_KNOTS.);
#3189 = CARTESIAN_POINT('',(1.35,22.886404296875,-2.541801544189));
#3190 = CARTESIAN_POINT('',(1.35,22.886404296875,-2.788198679606));
#3191 = CARTESIAN_POINT('',(1.35,22.736801432292,-2.944400828044));
#3192 = PCURVE('',#1205,#3193);
#3193 = DEFINITIONAL_REPRESENTATION('',(#3194),#3198);
#3194 = LINE('',#3195,#3196);
#3195 = CARTESIAN_POINT('',(0.,-0.35));
#3196 = VECTOR('',#3197,1.);
#3197 = DIRECTION('',(1.,0.));
#3198 = ( GEOMETRIC_REPRESENTATION_CONTEXT(2)
PARAMETRIC_REPRESENTATION_CONTEXT() REPRESENTATION_CONTEXT('2D SPACE',''
  ) );
#3199 = PCURVE('',#2852,#3200);
#3200 = DEFINITIONAL_REPRESENTATION('',(#3201),#3205);
#3201 = B_SPLINE_CURVE_WITH_KNOTS('',2,(#3202,#3203,#3204),
  .UNSPECIFIED.,.F.,.F.,(3,3),(0.,1.),.PIECEWISE_BEZIER_KNOTS.);
#3202 = CARTESIAN_POINT('',(1.128602864583,0.508198567708));
#3203 = CARTESIAN_POINT('',(1.128602864583,0.261801432292));
#3204 = CARTESIAN_POINT('',(0.979,0.105599283854));
#3205 = ( GEOMETRIC_REPRESENTATION_CONTEXT(2)
PARAMETRIC_REPRESENTATION_CONTEXT() REPRESENTATION_CONTEXT('2D SPACE',''
  ) );
#3206 = ORIENTED_EDGE('',*,*,#3207,.F.);
#3207 = EDGE_CURVE('',#1160,#3185,#3208,.T.);
#3208 = SURFACE_CURVE('',#3209,(#3213,#3220),.PCURVE_S1.);
#3209 = LINE('',#3210,#3211);
#3210 = CARTESIAN_POINT('',(1.,22.736801432292,-2.944400828044));
#3211 = VECTOR('',#3212,1.);
#3212 = DIRECTION('',(1.,0.,0.));
#3213 = PCURVE('',#1205,#3214);
#3214 = DEFINITIONAL_REPRESENTATION('',(#3215),#3219);
#3215 = LINE('',#3216,#3217);
#3216 = CARTESIAN_POINT('',(1.,0.));
#3217 = VECTOR('',#3218,1.);
#3218 = DIRECTION('',(0.,-1.));
#3219 = ( GEOMETRIC_REPRESENTATION_CONTEXT(2)
PARAMETRIC_REPRESENTATION_CONTEXT() REPRESENTATION_CONTEXT('2D SPACE',''
  ) );
#3220 = PCURVE('',#1175,#3221);
#3221 = DEFINITIONAL_REPRESENTATION('',(#3222),#3226);
#3222 = LINE('',#3223,#3224);
#3223 = CARTESIAN_POINT('',(0.,0.));
#3224 = VECTOR('',#3225,1.);
#3225 = DIRECTION('',(0.,-1.));
#3226 = ( GEOMETRIC_REPRESENTATION_CONTEXT(2)
PARAMETRIC_REPRESENTATION_CONTEXT() REPRESENTATION_CONTEXT('2D SPACE',''
  ) );
#3227 = ORIENTED_EDGE('',*,*,#1189,.F.);
#3228 = ADVANCED_FACE('',(#3229),#1175,.T.);
#3229 = FACE_BOUND('',#3230,.T.);
#3230 = EDGE_LOOP('',(#3231,#3232,#3255,#3276));
#3231 = ORIENTED_EDGE('',*,*,#3207,.T.);
#3232 = ORIENTED_EDGE('',*,*,#3233,.T.);
#3233 = EDGE_CURVE('',#3185,#3234,#3236,.T.);
#3234 = VERTEX_POINT('',#3235);
#3235 = CARTESIAN_POINT('',(1.35,22.351801432292,-3.100602976481));
#3236 = SURFACE_CURVE('',#3237,(#3241,#3248),.PCURVE_S1.);
#3237 = B_SPLINE_CURVE_WITH_KNOTS('',2,(#3238,#3239,#3240),
  .UNSPECIFIED.,.F.,.F.,(3,3),(0.,1.),.PIECEWISE_BEZIER_KNOTS.);
#3238 = CARTESIAN_POINT('',(1.35,22.736801432292,-2.944400828044));
#3239 = CARTESIAN_POINT('',(1.35,22.587198567708,-3.100602976481));
#3240 = CARTESIAN_POINT('',(1.35,22.351801432292,-3.100602976481));
#3241 = PCURVE('',#1175,#3242);
#3242 = DEFINITIONAL_REPRESENTATION('',(#3243),#3247);
#3243 = LINE('',#3244,#3245);
#3244 = CARTESIAN_POINT('',(0.,-0.35));
#3245 = VECTOR('',#3246,1.);
#3246 = DIRECTION('',(1.,0.));
#3247 = ( GEOMETRIC_REPRESENTATION_CONTEXT(2)
PARAMETRIC_REPRESENTATION_CONTEXT() REPRESENTATION_CONTEXT('2D SPACE',''
  ) );
#3248 = PCURVE('',#2852,#3249);
#3249 = DEFINITIONAL_REPRESENTATION('',(#3250),#3254);
#3250 = B_SPLINE_CURVE_WITH_KNOTS('',2,(#3251,#3252,#3253),
  .UNSPECIFIED.,.F.,.F.,(3,3),(0.,1.),.PIECEWISE_BEZIER_KNOTS.);
#3251 = CARTESIAN_POINT('',(0.979,0.105599283854));
#3252 = CARTESIAN_POINT('',(0.829397135417,-5.060286458333E-02));
#3253 = CARTESIAN_POINT('',(0.594,-5.060286458333E-02));
#3254 = ( GEOMETRIC_REPRESENTATION_CONTEXT(2)
PARAMETRIC_REPRESENTATION_CONTEXT() REPRESENTATION_CONTEXT('2D SPACE',''
  ) );
#3255 = ORIENTED_EDGE('',*,*,#3256,.F.);
#3256 = EDGE_CURVE('',#1130,#3234,#3257,.T.);
#3257 = SURFACE_CURVE('',#3258,(#3262,#3269),.PCURVE_S1.);
#3258 = LINE('',#3259,#3260);
#3259 = CARTESIAN_POINT('',(1.,22.351801432292,-3.100602976481));
#3260 = VECTOR('',#3261,1.);
#3261 = DIRECTION('',(1.,0.,0.));
#3262 = PCURVE('',#1175,#3263);
#3263 = DEFINITIONAL_REPRESENTATION('',(#3264),#3268);
#3264 = LINE('',#3265,#3266);
#3265 = CARTESIAN_POINT('',(1.,0.));
#3266 = VECTOR('',#3267,1.);
#3267 = DIRECTION('',(0.,-1.));
#3268 = ( GEOMETRIC_REPRESENTATION_CONTEXT(2)
PARAMETRIC_REPRESENTATION_CONTEXT() REPRESENTATION_CONTEXT('2D SPACE',''
  ) );
#3269 = PCURVE('',#1145,#3270);
#3270 = DEFINITIONAL_REPRESENTATION('',(#3271),#3275);
#3271 = LINE('',#3272,#3273);
#3272 = CARTESIAN_POINT('',(0.,0.));
#3273 = VECTOR('',#3274,1.);
#3274 = DIRECTION('',(0.,-1.));
#3275 = ( GEOMETRIC_REPRESENTATION_CONTEXT(2)
PARAMETRIC_REPRESENTATION_CONTEXT() REPRESENTATION_CONTEXT('2D SPACE',''
  ) );
#3276 = ORIENTED_EDGE('',*,*,#1159,.F.);
#3277 = ADVANCED_FACE('',(#3278),#1145,.T.);
#3278 = FACE_BOUND('',#3279,.T.);
#3279 = EDGE_LOOP('',(#3280,#3281,#3304,#3325));
#3280 = ORIENTED_EDGE('',*,*,#3256,.T.);
#3281 = ORIENTED_EDGE('',*,*,#3282,.T.);
#3282 = EDGE_CURVE('',#3234,#3283,#3285,.T.);
#3283 = VERTEX_POINT('',#3284);
#3284 = CARTESIAN_POINT('',(1.35,22.185702148437,-3.080801544189));
#3285 = SURFACE_CURVE('',#3286,(#3290,#3297),.PCURVE_S1.);
#3286 = B_SPLINE_CURVE_WITH_KNOTS('',2,(#3287,#3288,#3289),
  .UNSPECIFIED.,.F.,.F.,(3,3),(0.,1.),.PIECEWISE_BEZIER_KNOTS.);
#3287 = CARTESIAN_POINT('',(1.35,22.351801432292,-3.100602976481));
#3288 = CARTESIAN_POINT('',(1.35,22.261602864583,-3.100602976481));
#3289 = CARTESIAN_POINT('',(1.35,22.185702148437,-3.080801544189));
#3290 = PCURVE('',#1145,#3291);
#3291 = DEFINITIONAL_REPRESENTATION('',(#3292),#3296);
#3292 = LINE('',#3293,#3294);
#3293 = CARTESIAN_POINT('',(0.,-0.35));
#3294 = VECTOR('',#3295,1.);
#3295 = DIRECTION('',(1.,0.));
#3296 = ( GEOMETRIC_REPRESENTATION_CONTEXT(2)
PARAMETRIC_REPRESENTATION_CONTEXT() REPRESENTATION_CONTEXT('2D SPACE',''
  ) );
#3297 = PCURVE('',#2852,#3298);
#3298 = DEFINITIONAL_REPRESENTATION('',(#3299),#3303);
#3299 = B_SPLINE_CURVE_WITH_KNOTS('',2,(#3300,#3301,#3302),
  .UNSPECIFIED.,.F.,.F.,(3,3),(0.,1.),.PIECEWISE_BEZIER_KNOTS.);
#3300 = CARTESIAN_POINT('',(0.594,-5.060286458333E-02));
#3301 = CARTESIAN_POINT('',(0.503801432292,-5.060286458333E-02));
#3302 = CARTESIAN_POINT('',(0.427900716146,-3.080143229167E-02));
#3303 = ( GEOMETRIC_REPRESENTATION_CONTEXT(2)
PARAMETRIC_REPRESENTATION_CONTEXT() REPRESENTATION_CONTEXT('2D SPACE',''
  ) );
#3304 = ORIENTED_EDGE('',*,*,#3305,.F.);
#3305 = EDGE_CURVE('',#1100,#3283,#3306,.T.);
#3306 = SURFACE_CURVE('',#3307,(#3311,#3318),.PCURVE_S1.);
#3307 = LINE('',#3308,#3309);
#3308 = CARTESIAN_POINT('',(1.,22.185702148437,-3.080801544189));
#3309 = VECTOR('',#3310,1.);
#3310 = DIRECTION('',(1.,0.,0.));
#3311 = PCURVE('',#1145,#3312);
#3312 = DEFINITIONAL_REPRESENTATION('',(#3313),#3317);
#3313 = LINE('',#3314,#3315);
#3314 = CARTESIAN_POINT('',(1.,0.));
#3315 = VECTOR('',#3316,1.);
#3316 = DIRECTION('',(0.,-1.));
#3317 = ( GEOMETRIC_REPRESENTATION_CONTEXT(2)
PARAMETRIC_REPRESENTATION_CONTEXT() REPRESENTATION_CONTEXT('2D SPACE',''
  ) );
#3318 = PCURVE('',#1115,#3319);
#3319 = DEFINITIONAL_REPRESENTATION('',(#3320),#3324);
#3320 = LINE('',#3321,#3322);
#3321 = CARTESIAN_POINT('',(0.,0.));
#3322 = VECTOR('',#3323,1.);
#3323 = DIRECTION('',(0.,-1.));
#3324 = ( GEOMETRIC_REPRESENTATION_CONTEXT(2)
PARAMETRIC_REPRESENTATION_CONTEXT() REPRESENTATION_CONTEXT('2D SPACE',''
  ) );
#3325 = ORIENTED_EDGE('',*,*,#1129,.F.);
#3326 = ADVANCED_FACE('',(#3327),#1115,.T.);
#3327 = FACE_BOUND('',#3328,.T.);
#3328 = EDGE_LOOP('',(#3329,#3330,#3353,#3374));
#3329 = ORIENTED_EDGE('',*,*,#3305,.T.);
#3330 = ORIENTED_EDGE('',*,*,#3331,.T.);
#3331 = EDGE_CURVE('',#3283,#3332,#3334,.T.);
#3332 = VERTEX_POINT('',#3333);
#3333 = CARTESIAN_POINT('',(1.35,22.060301432292,-3.033500111898));
#3334 = SURFACE_CURVE('',#3335,(#3339,#3346),.PCURVE_S1.);
#3335 = B_SPLINE_CURVE_WITH_KNOTS('',2,(#3336,#3337,#3338),
  .UNSPECIFIED.,.F.,.F.,(3,3),(0.,1.),.PIECEWISE_BEZIER_KNOTS.);
#3336 = CARTESIAN_POINT('',(1.35,22.185702148437,-3.080801544189));
#3337 = CARTESIAN_POINT('',(1.35,22.109801432292,-3.061000111898));
#3338 = CARTESIAN_POINT('',(1.35,22.060301432292,-3.033500111898));
#3339 = PCURVE('',#1115,#3340);
#3340 = DEFINITIONAL_REPRESENTATION('',(#3341),#3345);
#3341 = LINE('',#3342,#3343);
#3342 = CARTESIAN_POINT('',(0.,-0.35));
#3343 = VECTOR('',#3344,1.);
#3344 = DIRECTION('',(1.,0.));
#3345 = ( GEOMETRIC_REPRESENTATION_CONTEXT(2)
PARAMETRIC_REPRESENTATION_CONTEXT() REPRESENTATION_CONTEXT('2D SPACE',''
  ) );
#3346 = PCURVE('',#2852,#3347);
#3347 = DEFINITIONAL_REPRESENTATION('',(#3348),#3352);
#3348 = B_SPLINE_CURVE_WITH_KNOTS('',2,(#3349,#3350,#3351),
  .UNSPECIFIED.,.F.,.F.,(3,3),(0.,1.),.PIECEWISE_BEZIER_KNOTS.);
#3349 = CARTESIAN_POINT('',(0.427900716146,-3.080143229167E-02));
#3350 = CARTESIAN_POINT('',(0.352,-1.1E-02));
#3351 = CARTESIAN_POINT('',(0.3025,1.65E-02));
#3352 = ( GEOMETRIC_REPRESENTATION_CONTEXT(2)
PARAMETRIC_REPRESENTATION_CONTEXT() REPRESENTATION_CONTEXT('2D SPACE',''
  ) );
#3353 = ORIENTED_EDGE('',*,*,#3354,.F.);
#3354 = EDGE_CURVE('',#1070,#3332,#3355,.T.);
#3355 = SURFACE_CURVE('',#3356,(#3360,#3367),.PCURVE_S1.);
#3356 = LINE('',#3357,#3358);
#3357 = CARTESIAN_POINT('',(1.,22.060301432292,-3.033500111898));
#3358 = VECTOR('',#3359,1.);
#3359 = DIRECTION('',(1.,0.,0.));
#3360 = PCURVE('',#1115,#3361);
#3361 = DEFINITIONAL_REPRESENTATION('',(#3362),#3366);
#3362 = LINE('',#3363,#3364);
#3363 = CARTESIAN_POINT('',(1.,0.));
#3364 = VECTOR('',#3365,1.);
#3365 = DIRECTION('',(0.,-1.));
#3366 = ( GEOMETRIC_REPRESENTATION_CONTEXT(2)
PARAMETRIC_REPRESENTATION_CONTEXT() REPRESENTATION_CONTEXT('2D SPACE',''
  ) );
#3367 = PCURVE('',#1085,#3368);
#3368 = DEFINITIONAL_REPRESENTATION('',(#3369),#3373);
#3369 = LINE('',#3370,#3371);
#3370 = CARTESIAN_POINT('',(0.,0.));
#3371 = VECTOR('',#3372,1.);
#3372 = DIRECTION('',(0.,-1.));
#3373 = ( GEOMETRIC_REPRESENTATION_CONTEXT(2)
PARAMETRIC_REPRESENTATION_CONTEXT() REPRESENTATION_CONTEXT('2D SPACE',''
  ) );
#3374 = ORIENTED_EDGE('',*,*,#1099,.F.);
#3375 = ADVANCED_FACE('',(#3376),#1085,.T.);
#3376 = FACE_BOUND('',#3377,.T.);
#3377 = EDGE_LOOP('',(#3378,#3379,#3402,#3423));
#3378 = ORIENTED_EDGE('',*,*,#3354,.T.);
#3379 = ORIENTED_EDGE('',*,*,#3380,.T.);
#3380 = EDGE_CURVE('',#3332,#3381,#3383,.T.);
#3381 = VERTEX_POINT('',#3382);
#3382 = CARTESIAN_POINT('',(1.35,21.970102864583,-2.960900828044));
#3383 = SURFACE_CURVE('',#3384,(#3388,#3395),.PCURVE_S1.);
#3384 = B_SPLINE_CURVE_WITH_KNOTS('',2,(#3385,#3386,#3387),
  .UNSPECIFIED.,.F.,.F.,(3,3),(0.,1.),.PIECEWISE_BEZIER_KNOTS.);
#3385 = CARTESIAN_POINT('',(1.35,22.060301432292,-3.033500111898));
#3386 = CARTESIAN_POINT('',(1.35,22.010801432292,-3.006000111898));
#3387 = CARTESIAN_POINT('',(1.35,21.970102864583,-2.960900828044));
#3388 = PCURVE('',#1085,#3389);
#3389 = DEFINITIONAL_REPRESENTATION('',(#3390),#3394);
#3390 = LINE('',#3391,#3392);
#3391 = CARTESIAN_POINT('',(0.,-0.35));
#3392 = VECTOR('',#3393,1.);
#3393 = DIRECTION('',(1.,0.));
#3394 = ( GEOMETRIC_REPRESENTATION_CONTEXT(2)
PARAMETRIC_REPRESENTATION_CONTEXT() REPRESENTATION_CONTEXT('2D SPACE',''
  ) );
#3395 = PCURVE('',#2852,#3396);
#3396 = DEFINITIONAL_REPRESENTATION('',(#3397),#3401);
#3397 = B_SPLINE_CURVE_WITH_KNOTS('',2,(#3398,#3399,#3400),
  .UNSPECIFIED.,.F.,.F.,(3,3),(0.,1.),.PIECEWISE_BEZIER_KNOTS.);
#3398 = CARTESIAN_POINT('',(0.3025,1.65E-02));
#3399 = CARTESIAN_POINT('',(0.253,4.4E-02));
#3400 = CARTESIAN_POINT('',(0.212301432292,8.909928385417E-02));
#3401 = ( GEOMETRIC_REPRESENTATION_CONTEXT(2)
PARAMETRIC_REPRESENTATION_CONTEXT() REPRESENTATION_CONTEXT('2D SPACE',''
  ) );
#3402 = ORIENTED_EDGE('',*,*,#3403,.F.);
#3403 = EDGE_CURVE('',#1040,#3381,#3404,.T.);
#3404 = SURFACE_CURVE('',#3405,(#3409,#3416),.PCURVE_S1.);
#3405 = LINE('',#3406,#3407);
#3406 = CARTESIAN_POINT('',(1.,21.970102864583,-2.960900828044));
#3407 = VECTOR('',#3408,1.);
#3408 = DIRECTION('',(1.,0.,0.));
#3409 = PCURVE('',#1085,#3410);
#3410 = DEFINITIONAL_REPRESENTATION('',(#3411),#3415);
#3411 = LINE('',#3412,#3413);
#3412 = CARTESIAN_POINT('',(1.,0.));
#3413 = VECTOR('',#3414,1.);
#3414 = DIRECTION('',(0.,-1.));
#3415 = ( GEOMETRIC_REPRESENTATION_CONTEXT(2)
PARAMETRIC_REPRESENTATION_CONTEXT() REPRESENTATION_CONTEXT('2D SPACE',''
  ) );
#3416 = PCURVE('',#1055,#3417);
#3417 = DEFINITIONAL_REPRESENTATION('',(#3418),#3422);
#3418 = LINE('',#3419,#3420);
#3419 = CARTESIAN_POINT('',(0.,0.));
#3420 = VECTOR('',#3421,1.);
#3421 = DIRECTION('',(0.,-1.));
#3422 = ( GEOMETRIC_REPRESENTATION_CONTEXT(2)
PARAMETRIC_REPRESENTATION_CONTEXT() REPRESENTATION_CONTEXT('2D SPACE',''
  ) );
#3423 = ORIENTED_EDGE('',*,*,#1069,.F.);
#3424 = ADVANCED_FACE('',(#3425),#1055,.T.);
#3425 = FACE_BOUND('',#3426,.T.);
#3426 = EDGE_LOOP('',(#3427,#3428,#3451,#3472));
#3427 = ORIENTED_EDGE('',*,*,#3403,.T.);
#3428 = ORIENTED_EDGE('',*,*,#3429,.T.);
#3429 = EDGE_CURVE('',#3381,#3430,#3432,.T.);
#3430 = VERTEX_POINT('',#3431);
#3431 = CARTESIAN_POINT('',(1.35,21.908503580729,-2.881702260335));
#3432 = SURFACE_CURVE('',#3433,(#3437,#3444),.PCURVE_S1.);
#3433 = B_SPLINE_CURVE_WITH_KNOTS('',2,(#3434,#3435,#3436),
  .UNSPECIFIED.,.F.,.F.,(3,3),(0.,1.),.PIECEWISE_BEZIER_KNOTS.);
#3434 = CARTESIAN_POINT('',(1.35,21.970102864583,-2.960900828044));
#3435 = CARTESIAN_POINT('',(1.35,21.929404296875,-2.915801544189));
#3436 = CARTESIAN_POINT('',(1.35,21.908503580729,-2.881702260335));
#3437 = PCURVE('',#1055,#3438);
#3438 = DEFINITIONAL_REPRESENTATION('',(#3439),#3443);
#3439 = LINE('',#3440,#3441);
#3440 = CARTESIAN_POINT('',(0.,-0.35));
#3441 = VECTOR('',#3442,1.);
#3442 = DIRECTION('',(1.,0.));
#3443 = ( GEOMETRIC_REPRESENTATION_CONTEXT(2)
PARAMETRIC_REPRESENTATION_CONTEXT() REPRESENTATION_CONTEXT('2D SPACE',''
  ) );
#3444 = PCURVE('',#2852,#3445);
#3445 = DEFINITIONAL_REPRESENTATION('',(#3446),#3450);
#3446 = B_SPLINE_CURVE_WITH_KNOTS('',2,(#3447,#3448,#3449),
  .UNSPECIFIED.,.F.,.F.,(3,3),(0.,1.),.PIECEWISE_BEZIER_KNOTS.);
#3447 = CARTESIAN_POINT('',(0.212301432292,8.909928385417E-02));
#3448 = CARTESIAN_POINT('',(0.171602864583,0.134198567708));
#3449 = CARTESIAN_POINT('',(0.150702148438,0.168297851563));
#3450 = ( GEOMETRIC_REPRESENTATION_CONTEXT(2)
PARAMETRIC_REPRESENTATION_CONTEXT() REPRESENTATION_CONTEXT('2D SPACE',''
  ) );
#3451 = ORIENTED_EDGE('',*,*,#3452,.F.);
#3452 = EDGE_CURVE('',#1010,#3430,#3453,.T.);
#3453 = SURFACE_CURVE('',#3454,(#3458,#3465),.PCURVE_S1.);
#3454 = LINE('',#3455,#3456);
#3455 = CARTESIAN_POINT('',(1.,21.908503580729,-2.881702260335));
#3456 = VECTOR('',#3457,1.);
#3457 = DIRECTION('',(1.,0.,0.));
#3458 = PCURVE('',#1055,#3459);
#3459 = DEFINITIONAL_REPRESENTATION('',(#3460),#3464);
#3460 = LINE('',#3461,#3462);
#3461 = CARTESIAN_POINT('',(1.,0.));
#3462 = VECTOR('',#3463,1.);
#3463 = DIRECTION('',(0.,-1.));
#3464 = ( GEOMETRIC_REPRESENTATION_CONTEXT(2)
PARAMETRIC_REPRESENTATION_CONTEXT() REPRESENTATION_CONTEXT('2D SPACE',''
  ) );
#3465 = PCURVE('',#1025,#3466);
#3466 = DEFINITIONAL_REPRESENTATION('',(#3467),#3471);
#3467 = LINE('',#3468,#3469);
#3468 = CARTESIAN_POINT('',(0.,0.));
#3469 = VECTOR('',#3470,1.);
#3470 = DIRECTION('',(0.,-1.));
#3471 = ( GEOMETRIC_REPRESENTATION_CONTEXT(2)
PARAMETRIC_REPRESENTATION_CONTEXT() REPRESENTATION_CONTEXT('2D SPACE',''
  ) );
#3472 = ORIENTED_EDGE('',*,*,#1039,.F.);
#3473 = ADVANCED_FACE('',(#3474),#1025,.T.);
#3474 = FACE_BOUND('',#3475,.T.);
#3475 = EDGE_LOOP('',(#3476,#3477,#3500,#3521));
#3476 = ORIENTED_EDGE('',*,*,#3452,.T.);
#3477 = ORIENTED_EDGE('',*,*,#3478,.T.);
#3478 = EDGE_CURVE('',#3430,#3479,#3481,.T.);
#3479 = VERTEX_POINT('',#3480);
#3480 = CARTESIAN_POINT('',(1.35,21.868900716146,-2.795900828044));
#3481 = SURFACE_CURVE('',#3482,(#3486,#3493),.PCURVE_S1.);
#3482 = B_SPLINE_CURVE_WITH_KNOTS('',2,(#3483,#3484,#3485),
  .UNSPECIFIED.,.F.,.F.,(3,3),(0.,1.),.PIECEWISE_BEZIER_KNOTS.);
#3483 = CARTESIAN_POINT('',(1.35,21.908503580729,-2.881702260335));
#3484 = CARTESIAN_POINT('',(1.35,21.887602864583,-2.847602976481));
#3485 = CARTESIAN_POINT('',(1.35,21.868900716146,-2.795900828044));
#3486 = PCURVE('',#1025,#3487);
#3487 = DEFINITIONAL_REPRESENTATION('',(#3488),#3492);
#3488 = LINE('',#3489,#3490);
#3489 = CARTESIAN_POINT('',(0.,-0.35));
#3490 = VECTOR('',#3491,1.);
#3491 = DIRECTION('',(1.,0.));
#3492 = ( GEOMETRIC_REPRESENTATION_CONTEXT(2)
PARAMETRIC_REPRESENTATION_CONTEXT() REPRESENTATION_CONTEXT('2D SPACE',''
  ) );
#3493 = PCURVE('',#2852,#3494);
#3494 = DEFINITIONAL_REPRESENTATION('',(#3495),#3499);
#3495 = B_SPLINE_CURVE_WITH_KNOTS('',2,(#3496,#3497,#3498),
  .UNSPECIFIED.,.F.,.F.,(3,3),(0.,1.),.PIECEWISE_BEZIER_KNOTS.);
#3496 = CARTESIAN_POINT('',(0.150702148438,0.168297851563));
#3497 = CARTESIAN_POINT('',(0.129801432292,0.202397135417));
#3498 = CARTESIAN_POINT('',(0.111099283854,0.254099283854));
#3499 = ( GEOMETRIC_REPRESENTATION_CONTEXT(2)
PARAMETRIC_REPRESENTATION_CONTEXT() REPRESENTATION_CONTEXT('2D SPACE',''
  ) );
#3500 = ORIENTED_EDGE('',*,*,#3501,.F.);
#3501 = EDGE_CURVE('',#980,#3479,#3502,.T.);
#3502 = SURFACE_CURVE('',#3503,(#3507,#3514),.PCURVE_S1.);
#3503 = LINE('',#3504,#3505);
#3504 = CARTESIAN_POINT('',(1.,21.868900716146,-2.795900828044));
#3505 = VECTOR('',#3506,1.);
#3506 = DIRECTION('',(1.,0.,0.));
#3507 = PCURVE('',#1025,#3508);
#3508 = DEFINITIONAL_REPRESENTATION('',(#3509),#3513);
#3509 = LINE('',#3510,#3511);
#3510 = CARTESIAN_POINT('',(1.,0.));
#3511 = VECTOR('',#3512,1.);
#3512 = DIRECTION('',(0.,-1.));
#3513 = ( GEOMETRIC_REPRESENTATION_CONTEXT(2)
PARAMETRIC_REPRESENTATION_CONTEXT() REPRESENTATION_CONTEXT('2D SPACE',''
  ) );
#3514 = PCURVE('',#995,#3515);
#3515 = DEFINITIONAL_REPRESENTATION('',(#3516),#3520);
#3516 = LINE('',#3517,#3518);
#3517 = CARTESIAN_POINT('',(0.,0.));
#3518 = VECTOR('',#3519,1.);
#3519 = DIRECTION('',(0.,-1.));
#3520 = ( GEOMETRIC_REPRESENTATION_CONTEXT(2)
PARAMETRIC_REPRESENTATION_CONTEXT() REPRESENTATION_CONTEXT('2D SPACE',''
  ) );
#3521 = ORIENTED_EDGE('',*,*,#1009,.F.);
#3522 = ADVANCED_FACE('',(#3523),#995,.T.);
#3523 = FACE_BOUND('',#3524,.T.);
#3524 = EDGE_LOOP('',(#3525,#3526,#3549,#3570));
#3525 = ORIENTED_EDGE('',*,*,#3501,.T.);
#3526 = ORIENTED_EDGE('',*,*,#3527,.T.);
#3527 = EDGE_CURVE('',#3479,#3528,#3530,.T.);
#3528 = VERTEX_POINT('',#3529);
#3529 = CARTESIAN_POINT('',(1.35,21.845801432292,-2.724400828044));
#3530 = SURFACE_CURVE('',#3531,(#3535,#3542),.PCURVE_S1.);
#3531 = B_SPLINE_CURVE_WITH_KNOTS('',2,(#3532,#3533,#3534),
  .UNSPECIFIED.,.F.,.F.,(3,3),(0.,1.),.PIECEWISE_BEZIER_KNOTS.);
#3532 = CARTESIAN_POINT('',(1.35,21.868900716146,-2.795900828044));
#3533 = CARTESIAN_POINT('',(1.35,21.850198567708,-2.744198679606));
#3534 = CARTESIAN_POINT('',(1.35,21.845801432292,-2.724400828044));
#3535 = PCURVE('',#995,#3536);
#3536 = DEFINITIONAL_REPRESENTATION('',(#3537),#3541);
#3537 = LINE('',#3538,#3539);
#3538 = CARTESIAN_POINT('',(0.,-0.35));
#3539 = VECTOR('',#3540,1.);
#3540 = DIRECTION('',(1.,0.));
#3541 = ( GEOMETRIC_REPRESENTATION_CONTEXT(2)
PARAMETRIC_REPRESENTATION_CONTEXT() REPRESENTATION_CONTEXT('2D SPACE',''
  ) );
#3542 = PCURVE('',#2852,#3543);
#3543 = DEFINITIONAL_REPRESENTATION('',(#3544),#3548);
#3544 = B_SPLINE_CURVE_WITH_KNOTS('',2,(#3545,#3546,#3547),
  .UNSPECIFIED.,.F.,.F.,(3,3),(0.,1.),.PIECEWISE_BEZIER_KNOTS.);
#3545 = CARTESIAN_POINT('',(0.111099283854,0.254099283854));
#3546 = CARTESIAN_POINT('',(9.239713541667E-02,0.305801432292));
#3547 = CARTESIAN_POINT('',(8.8E-02,0.325599283854));
#3548 = ( GEOMETRIC_REPRESENTATION_CONTEXT(2)
PARAMETRIC_REPRESENTATION_CONTEXT() REPRESENTATION_CONTEXT('2D SPACE',''
  ) );
#3549 = ORIENTED_EDGE('',*,*,#3550,.F.);
#3550 = EDGE_CURVE('',#950,#3528,#3551,.T.);
#3551 = SURFACE_CURVE('',#3552,(#3556,#3563),.PCURVE_S1.);
#3552 = LINE('',#3553,#3554);
#3553 = CARTESIAN_POINT('',(1.,21.845801432292,-2.724400828044));
#3554 = VECTOR('',#3555,1.);
#3555 = DIRECTION('',(1.,0.,0.));
#3556 = PCURVE('',#995,#3557);
#3557 = DEFINITIONAL_REPRESENTATION('',(#3558),#3562);
#3558 = LINE('',#3559,#3560);
#3559 = CARTESIAN_POINT('',(1.,0.));
#3560 = VECTOR('',#3561,1.);
#3561 = DIRECTION('',(0.,-1.));
#3562 = ( GEOMETRIC_REPRESENTATION_CONTEXT(2)
PARAMETRIC_REPRESENTATION_CONTEXT() REPRESENTATION_CONTEXT('2D SPACE',''
  ) );
#3563 = PCURVE('',#965,#3564);
#3564 = DEFINITIONAL_REPRESENTATION('',(#3565),#3569);
#3565 = LINE('',#3566,#3567);
#3566 = CARTESIAN_POINT('',(0.,0.));
#3567 = VECTOR('',#3568,1.);
#3568 = DIRECTION('',(0.,-1.));
#3569 = ( GEOMETRIC_REPRESENTATION_CONTEXT(2)
PARAMETRIC_REPRESENTATION_CONTEXT() REPRESENTATION_CONTEXT('2D SPACE',''
  ) );
#3570 = ORIENTED_EDGE('',*,*,#979,.F.);
#3571 = ADVANCED_FACE('',(#3572),#965,.T.);
#3572 = FACE_BOUND('',#3573,.T.);
#3573 = EDGE_LOOP('',(#3574,#3575,#3598,#3619));
#3574 = ORIENTED_EDGE('',*,*,#3550,.T.);
#3575 = ORIENTED_EDGE('',*,*,#3576,.T.);
#3576 = EDGE_CURVE('',#3528,#3577,#3579,.T.);
#3577 = VERTEX_POINT('',#3578);
#3578 = CARTESIAN_POINT('',(1.35,21.834801432292,-2.667198679606));
#3579 = SURFACE_CURVE('',#3580,(#3584,#3591),.PCURVE_S1.);
#3580 = B_SPLINE_CURVE_WITH_KNOTS('',2,(#3581,#3582,#3583),
  .UNSPECIFIED.,.F.,.F.,(3,3),(0.,1.),.PIECEWISE_BEZIER_KNOTS.);
#3581 = CARTESIAN_POINT('',(1.35,21.845801432292,-2.724400828044));
#3582 = CARTESIAN_POINT('',(1.35,21.841404296875,-2.704602976481));
#3583 = CARTESIAN_POINT('',(1.35,21.834801432292,-2.667198679606));
#3584 = PCURVE('',#965,#3585);
#3585 = DEFINITIONAL_REPRESENTATION('',(#3586),#3590);
#3586 = LINE('',#3587,#3588);
#3587 = CARTESIAN_POINT('',(0.,-0.35));
#3588 = VECTOR('',#3589,1.);
#3589 = DIRECTION('',(1.,0.));
#3590 = ( GEOMETRIC_REPRESENTATION_CONTEXT(2)
PARAMETRIC_REPRESENTATION_CONTEXT() REPRESENTATION_CONTEXT('2D SPACE',''
  ) );
#3591 = PCURVE('',#2852,#3592);
#3592 = DEFINITIONAL_REPRESENTATION('',(#3593),#3597);
#3593 = B_SPLINE_CURVE_WITH_KNOTS('',2,(#3594,#3595,#3596),
  .UNSPECIFIED.,.F.,.F.,(3,3),(0.,1.),.PIECEWISE_BEZIER_KNOTS.);
#3594 = CARTESIAN_POINT('',(8.8E-02,0.325599283854));
#3595 = CARTESIAN_POINT('',(8.360286458333E-02,0.345397135417));
#3596 = CARTESIAN_POINT('',(7.7E-02,0.382801432292));
#3597 = ( GEOMETRIC_REPRESENTATION_CONTEXT(2)
PARAMETRIC_REPRESENTATION_CONTEXT() REPRESENTATION_CONTEXT('2D SPACE',''
  ) );
#3598 = ORIENTED_EDGE('',*,*,#3599,.F.);
#3599 = EDGE_CURVE('',#922,#3577,#3600,.T.);
#3600 = SURFACE_CURVE('',#3601,(#3605,#3612),.PCURVE_S1.);
#3601 = LINE('',#3602,#3603);
#3602 = CARTESIAN_POINT('',(1.,21.834801432292,-2.667198679606));
#3603 = VECTOR('',#3604,1.);
#3604 = DIRECTION('',(1.,0.,0.));
#3605 = PCURVE('',#965,#3606);
#3606 = DEFINITIONAL_REPRESENTATION('',(#3607),#3611);
#3607 = LINE('',#3608,#3609);
#3608 = CARTESIAN_POINT('',(1.,0.));
#3609 = VECTOR('',#3610,1.);
#3610 = DIRECTION('',(0.,-1.));
#3611 = ( GEOMETRIC_REPRESENTATION_CONTEXT(2)
PARAMETRIC_REPRESENTATION_CONTEXT() REPRESENTATION_CONTEXT('2D SPACE',''
  ) );
#3612 = PCURVE('',#937,#3613);
#3613 = DEFINITIONAL_REPRESENTATION('',(#3614),#3618);
#3614 = LINE('',#3615,#3616);
#3615 = CARTESIAN_POINT('',(0.,0.));
#3616 = VECTOR('',#3617,1.);
#3617 = DIRECTION('',(0.,-1.));
#3618 = ( GEOMETRIC_REPRESENTATION_CONTEXT(2)
PARAMETRIC_REPRESENTATION_CONTEXT() REPRESENTATION_CONTEXT('2D SPACE',''
  ) );
#3619 = ORIENTED_EDGE('',*,*,#949,.F.);
#3620 = ADVANCED_FACE('',(#3621),#937,.T.);
#3621 = FACE_BOUND('',#3622,.T.);
#3622 = EDGE_LOOP('',(#3623,#3624,#3647,#3668));
#3623 = ORIENTED_EDGE('',*,*,#3599,.T.);
#3624 = ORIENTED_EDGE('',*,*,#3625,.T.);
#3625 = EDGE_CURVE('',#3577,#3626,#3628,.T.);
#3626 = VERTEX_POINT('',#3627);
#3627 = CARTESIAN_POINT('',(1.35,22.028404296875,-2.667198679606));
#3628 = SURFACE_CURVE('',#3629,(#3633,#3640),.PCURVE_S1.);
#3629 = LINE('',#3630,#3631);
#3630 = CARTESIAN_POINT('',(1.35,21.834801432292,-2.667198679606));
#3631 = VECTOR('',#3632,1.);
#3632 = DIRECTION('',(0.,1.,0.));
#3633 = PCURVE('',#937,#3634);
#3634 = DEFINITIONAL_REPRESENTATION('',(#3635),#3639);
#3635 = LINE('',#3636,#3637);
#3636 = CARTESIAN_POINT('',(0.,-0.35));
#3637 = VECTOR('',#3638,1.);
#3638 = DIRECTION('',(1.,0.));
#3639 = ( GEOMETRIC_REPRESENTATION_CONTEXT(2)
PARAMETRIC_REPRESENTATION_CONTEXT() REPRESENTATION_CONTEXT('2D SPACE',''
  ) );
#3640 = PCURVE('',#2852,#3641);
#3641 = DEFINITIONAL_REPRESENTATION('',(#3642),#3646);
#3642 = LINE('',#3643,#3644);
#3643 = CARTESIAN_POINT('',(7.7E-02,0.382801432292));
#3644 = VECTOR('',#3645,1.);
#3645 = DIRECTION('',(1.,0.));
#3646 = ( GEOMETRIC_REPRESENTATION_CONTEXT(2)
PARAMETRIC_REPRESENTATION_CONTEXT() REPRESENTATION_CONTEXT('2D SPACE',''
  ) );
#3647 = ORIENTED_EDGE('',*,*,#3648,.F.);
#3648 = EDGE_CURVE('',#892,#3626,#3649,.T.);
#3649 = SURFACE_CURVE('',#3650,(#3654,#3661),.PCURVE_S1.);
#3650 = LINE('',#3651,#3652);
#3651 = CARTESIAN_POINT('',(1.,22.028404296875,-2.667198679606));
#3652 = VECTOR('',#3653,1.);
#3653 = DIRECTION('',(1.,0.,0.));
#3654 = PCURVE('',#937,#3655);
#3655 = DEFINITIONAL_REPRESENTATION('',(#3656),#3660);
#3656 = LINE('',#3657,#3658);
#3657 = CARTESIAN_POINT('',(0.193602864583,0.));
#3658 = VECTOR('',#3659,1.);
#3659 = DIRECTION('',(0.,-1.));
#3660 = ( GEOMETRIC_REPRESENTATION_CONTEXT(2)
PARAMETRIC_REPRESENTATION_CONTEXT() REPRESENTATION_CONTEXT('2D SPACE',''
  ) );
#3661 = PCURVE('',#907,#3662);
#3662 = DEFINITIONAL_REPRESENTATION('',(#3663),#3667);
#3663 = LINE('',#3664,#3665);
#3664 = CARTESIAN_POINT('',(0.,0.));
#3665 = VECTOR('',#3666,1.);
#3666 = DIRECTION('',(0.,-1.));
#3667 = ( GEOMETRIC_REPRESENTATION_CONTEXT(2)
PARAMETRIC_REPRESENTATION_CONTEXT() REPRESENTATION_CONTEXT('2D SPACE',''
  ) );
#3668 = ORIENTED_EDGE('',*,*,#921,.F.);
#3669 = ADVANCED_FACE('',(#3670),#907,.T.);
#3670 = FACE_BOUND('',#3671,.T.);
#3671 = EDGE_LOOP('',(#3672,#3673,#3696,#3717));
#3672 = ORIENTED_EDGE('',*,*,#3648,.T.);
#3673 = ORIENTED_EDGE('',*,*,#3674,.T.);
#3674 = EDGE_CURVE('',#3626,#3675,#3677,.T.);
#3675 = VERTEX_POINT('',#3676);
#3676 = CARTESIAN_POINT('',(1.35,22.347404296875,-2.929000111898));
#3677 = SURFACE_CURVE('',#3678,(#3682,#3689),.PCURVE_S1.);
#3678 = B_SPLINE_CURVE_WITH_KNOTS('',2,(#3679,#3680,#3681),
  .UNSPECIFIED.,.F.,.F.,(3,3),(0.,1.),.PIECEWISE_BEZIER_KNOTS.);
#3679 = CARTESIAN_POINT('',(1.35,22.028404296875,-2.667198679606));
#3680 = CARTESIAN_POINT('',(1.35,22.096602864583,-2.929000111898));
#3681 = CARTESIAN_POINT('',(1.35,22.347404296875,-2.929000111898));
#3682 = PCURVE('',#907,#3683);
#3683 = DEFINITIONAL_REPRESENTATION('',(#3684),#3688);
#3684 = LINE('',#3685,#3686);
#3685 = CARTESIAN_POINT('',(0.,-0.35));
#3686 = VECTOR('',#3687,1.);
#3687 = DIRECTION('',(1.,0.));
#3688 = ( GEOMETRIC_REPRESENTATION_CONTEXT(2)
PARAMETRIC_REPRESENTATION_CONTEXT() REPRESENTATION_CONTEXT('2D SPACE',''
  ) );
#3689 = PCURVE('',#2852,#3690);
#3690 = DEFINITIONAL_REPRESENTATION('',(#3691),#3695);
#3691 = B_SPLINE_CURVE_WITH_KNOTS('',2,(#3692,#3693,#3694),
  .UNSPECIFIED.,.F.,.F.,(3,3),(0.,1.),.PIECEWISE_BEZIER_KNOTS.);
#3692 = CARTESIAN_POINT('',(0.270602864583,0.382801432292));
#3693 = CARTESIAN_POINT('',(0.338801432292,0.121));
#3694 = CARTESIAN_POINT('',(0.589602864583,0.121));
#3695 = ( GEOMETRIC_REPRESENTATION_CONTEXT(2)
PARAMETRIC_REPRESENTATION_CONTEXT() REPRESENTATION_CONTEXT('2D SPACE',''
  ) );
#3696 = ORIENTED_EDGE('',*,*,#3697,.F.);
#3697 = EDGE_CURVE('',#862,#3675,#3698,.T.);
#3698 = SURFACE_CURVE('',#3699,(#3703,#3710),.PCURVE_S1.);
#3699 = LINE('',#3700,#3701);
#3700 = CARTESIAN_POINT('',(1.,22.347404296875,-2.929000111898));
#3701 = VECTOR('',#3702,1.);
#3702 = DIRECTION('',(1.,0.,0.));
#3703 = PCURVE('',#907,#3704);
#3704 = DEFINITIONAL_REPRESENTATION('',(#3705),#3709);
#3705 = LINE('',#3706,#3707);
#3706 = CARTESIAN_POINT('',(1.,0.));
#3707 = VECTOR('',#3708,1.);
#3708 = DIRECTION('',(0.,-1.));
#3709 = ( GEOMETRIC_REPRESENTATION_CONTEXT(2)
PARAMETRIC_REPRESENTATION_CONTEXT() REPRESENTATION_CONTEXT('2D SPACE',''
  ) );
#3710 = PCURVE('',#877,#3711);
#3711 = DEFINITIONAL_REPRESENTATION('',(#3712),#3716);
#3712 = LINE('',#3713,#3714);
#3713 = CARTESIAN_POINT('',(0.,0.));
#3714 = VECTOR('',#3715,1.);
#3715 = DIRECTION('',(0.,-1.));
#3716 = ( GEOMETRIC_REPRESENTATION_CONTEXT(2)
PARAMETRIC_REPRESENTATION_CONTEXT() REPRESENTATION_CONTEXT('2D SPACE',''
  ) );
#3717 = ORIENTED_EDGE('',*,*,#891,.F.);
#3718 = ADVANCED_FACE('',(#3719),#877,.T.);
#3719 = FACE_BOUND('',#3720,.T.);
#3720 = EDGE_LOOP('',(#3721,#3722,#3745,#3766));
#3721 = ORIENTED_EDGE('',*,*,#3697,.T.);
#3722 = ORIENTED_EDGE('',*,*,#3723,.T.);
#3723 = EDGE_CURVE('',#3675,#3724,#3726,.T.);
#3724 = VERTEX_POINT('',#3725);
#3725 = CARTESIAN_POINT('',(1.35,22.597102864583,-2.832198679606));
#3726 = SURFACE_CURVE('',#3727,(#3731,#3738),.PCURVE_S1.);
#3727 = B_SPLINE_CURVE_WITH_KNOTS('',2,(#3728,#3729,#3730),
  .UNSPECIFIED.,.F.,.F.,(3,3),(0.,1.),.PIECEWISE_BEZIER_KNOTS.);
#3728 = CARTESIAN_POINT('',(1.35,22.347404296875,-2.929000111898));
#3729 = CARTESIAN_POINT('',(1.35,22.505801432292,-2.929000111898));
#3730 = CARTESIAN_POINT('',(1.35,22.597102864583,-2.832198679606));
#3731 = PCURVE('',#877,#3732);
#3732 = DEFINITIONAL_REPRESENTATION('',(#3733),#3737);
#3733 = LINE('',#3734,#3735);
#3734 = CARTESIAN_POINT('',(0.,-0.35));
#3735 = VECTOR('',#3736,1.);
#3736 = DIRECTION('',(1.,0.));
#3737 = ( GEOMETRIC_REPRESENTATION_CONTEXT(2)
PARAMETRIC_REPRESENTATION_CONTEXT() REPRESENTATION_CONTEXT('2D SPACE',''
  ) );
#3738 = PCURVE('',#2852,#3739);
#3739 = DEFINITIONAL_REPRESENTATION('',(#3740),#3744);
#3740 = B_SPLINE_CURVE_WITH_KNOTS('',2,(#3741,#3742,#3743),
  .UNSPECIFIED.,.F.,.F.,(3,3),(0.,1.),.PIECEWISE_BEZIER_KNOTS.);
#3741 = CARTESIAN_POINT('',(0.589602864583,0.121));
#3742 = CARTESIAN_POINT('',(0.748,0.121));
#3743 = CARTESIAN_POINT('',(0.839301432292,0.217801432292));
#3744 = ( GEOMETRIC_REPRESENTATION_CONTEXT(2)
PARAMETRIC_REPRESENTATION_CONTEXT() REPRESENTATION_CONTEXT('2D SPACE',''
  ) );
#3745 = ORIENTED_EDGE('',*,*,#3746,.F.);
#3746 = EDGE_CURVE('',#832,#3724,#3747,.T.);
#3747 = SURFACE_CURVE('',#3748,(#3752,#3759),.PCURVE_S1.);
#3748 = LINE('',#3749,#3750);
#3749 = CARTESIAN_POINT('',(1.,22.597102864583,-2.832198679606));
#3750 = VECTOR('',#3751,1.);
#3751 = DIRECTION('',(1.,0.,0.));
#3752 = PCURVE('',#877,#3753);
#3753 = DEFINITIONAL_REPRESENTATION('',(#3754),#3758);
#3754 = LINE('',#3755,#3756);
#3755 = CARTESIAN_POINT('',(1.,0.));
#3756 = VECTOR('',#3757,1.);
#3757 = DIRECTION('',(0.,-1.));
#3758 = ( GEOMETRIC_REPRESENTATION_CONTEXT(2)
PARAMETRIC_REPRESENTATION_CONTEXT() REPRESENTATION_CONTEXT('2D SPACE',''
  ) );
#3759 = PCURVE('',#847,#3760);
#3760 = DEFINITIONAL_REPRESENTATION('',(#3761),#3765);
#3761 = LINE('',#3762,#3763);
#3762 = CARTESIAN_POINT('',(0.,0.));
#3763 = VECTOR('',#3764,1.);
#3764 = DIRECTION('',(0.,-1.));
#3765 = ( GEOMETRIC_REPRESENTATION_CONTEXT(2)
PARAMETRIC_REPRESENTATION_CONTEXT() REPRESENTATION_CONTEXT('2D SPACE',''
  ) );
#3766 = ORIENTED_EDGE('',*,*,#861,.F.);
#3767 = ADVANCED_FACE('',(#3768),#847,.T.);
#3768 = FACE_BOUND('',#3769,.T.);
#3769 = EDGE_LOOP('',(#3770,#3771,#3794,#3815));
#3770 = ORIENTED_EDGE('',*,*,#3746,.T.);
#3771 = ORIENTED_EDGE('',*,*,#3772,.T.);
#3772 = EDGE_CURVE('',#3724,#3773,#3775,.T.);
#3773 = VERTEX_POINT('',#3774);
#3774 = CARTESIAN_POINT('',(1.35,22.688404296875,-2.568198679606));
#3775 = SURFACE_CURVE('',#3776,(#3780,#3787),.PCURVE_S1.);
#3776 = B_SPLINE_CURVE_WITH_KNOTS('',2,(#3777,#3778,#3779),
  .UNSPECIFIED.,.F.,.F.,(3,3),(0.,1.),.PIECEWISE_BEZIER_KNOTS.);
#3777 = CARTESIAN_POINT('',(1.35,22.597102864583,-2.832198679606));
#3778 = CARTESIAN_POINT('',(1.35,22.688404296875,-2.735397247314));
#3779 = CARTESIAN_POINT('',(1.35,22.688404296875,-2.568198679606));
#3780 = PCURVE('',#847,#3781);
#3781 = DEFINITIONAL_REPRESENTATION('',(#3782),#3786);
#3782 = LINE('',#3783,#3784);
#3783 = CARTESIAN_POINT('',(0.,-0.35));
#3784 = VECTOR('',#3785,1.);
#3785 = DIRECTION('',(1.,0.));
#3786 = ( GEOMETRIC_REPRESENTATION_CONTEXT(2)
PARAMETRIC_REPRESENTATION_CONTEXT() REPRESENTATION_CONTEXT('2D SPACE',''
  ) );
#3787 = PCURVE('',#2852,#3788);
#3788 = DEFINITIONAL_REPRESENTATION('',(#3789),#3793);
#3789 = B_SPLINE_CURVE_WITH_KNOTS('',2,(#3790,#3791,#3792),
  .UNSPECIFIED.,.F.,.F.,(3,3),(0.,1.),.PIECEWISE_BEZIER_KNOTS.);
#3790 = CARTESIAN_POINT('',(0.839301432292,0.217801432292));
#3791 = CARTESIAN_POINT('',(0.930602864583,0.314602864583));
#3792 = CARTESIAN_POINT('',(0.930602864583,0.481801432292));
#3793 = ( GEOMETRIC_REPRESENTATION_CONTEXT(2)
PARAMETRIC_REPRESENTATION_CONTEXT() REPRESENTATION_CONTEXT('2D SPACE',''
  ) );
#3794 = ORIENTED_EDGE('',*,*,#3795,.F.);
#3795 = EDGE_CURVE('',#802,#3773,#3796,.T.);
#3796 = SURFACE_CURVE('',#3797,(#3801,#3808),.PCURVE_S1.);
#3797 = LINE('',#3798,#3799);
#3798 = CARTESIAN_POINT('',(1.,22.688404296875,-2.568198679606));
#3799 = VECTOR('',#3800,1.);
#3800 = DIRECTION('',(1.,0.,0.));
#3801 = PCURVE('',#847,#3802);
#3802 = DEFINITIONAL_REPRESENTATION('',(#3803),#3807);
#3803 = LINE('',#3804,#3805);
#3804 = CARTESIAN_POINT('',(1.,0.));
#3805 = VECTOR('',#3806,1.);
#3806 = DIRECTION('',(0.,-1.));
#3807 = ( GEOMETRIC_REPRESENTATION_CONTEXT(2)
PARAMETRIC_REPRESENTATION_CONTEXT() REPRESENTATION_CONTEXT('2D SPACE',''
  ) );
#3808 = PCURVE('',#817,#3809);
#3809 = DEFINITIONAL_REPRESENTATION('',(#3810),#3814);
#3810 = LINE('',#3811,#3812);
#3811 = CARTESIAN_POINT('',(0.,0.));
#3812 = VECTOR('',#3813,1.);
#3813 = DIRECTION('',(0.,-1.));
#3814 = ( GEOMETRIC_REPRESENTATION_CONTEXT(2)
PARAMETRIC_REPRESENTATION_CONTEXT() REPRESENTATION_CONTEXT('2D SPACE',''
  ) );
#3815 = ORIENTED_EDGE('',*,*,#831,.F.);
#3816 = ADVANCED_FACE('',(#3817),#817,.T.);
#3817 = FACE_BOUND('',#3818,.T.);
#3818 = EDGE_LOOP('',(#3819,#3820,#3843,#3864));
#3819 = ORIENTED_EDGE('',*,*,#3795,.T.);
#3820 = ORIENTED_EDGE('',*,*,#3821,.T.);
#3821 = EDGE_CURVE('',#3773,#3822,#3824,.T.);
#3822 = VERTEX_POINT('',#3823);
#3823 = CARTESIAN_POINT('',(1.35,22.596003580729,-2.29429796346));
#3824 = SURFACE_CURVE('',#3825,(#3829,#3836),.PCURVE_S1.);
#3825 = B_SPLINE_CURVE_WITH_KNOTS('',2,(#3826,#3827,#3828),
  .UNSPECIFIED.,.F.,.F.,(3,3),(0.,1.),.PIECEWISE_BEZIER_KNOTS.);
#3826 = CARTESIAN_POINT('',(1.35,22.688404296875,-2.568198679606));
#3827 = CARTESIAN_POINT('',(1.35,22.688404296875,-2.394397247314));
#3828 = CARTESIAN_POINT('',(1.35,22.596003580729,-2.29429796346));
#3829 = PCURVE('',#817,#3830);
#3830 = DEFINITIONAL_REPRESENTATION('',(#3831),#3835);
#3831 = LINE('',#3832,#3833);
#3832 = CARTESIAN_POINT('',(0.,-0.35));
#3833 = VECTOR('',#3834,1.);
#3834 = DIRECTION('',(1.,0.));
#3835 = ( GEOMETRIC_REPRESENTATION_CONTEXT(2)
PARAMETRIC_REPRESENTATION_CONTEXT() REPRESENTATION_CONTEXT('2D SPACE',''
  ) );
#3836 = PCURVE('',#2852,#3837);
#3837 = DEFINITIONAL_REPRESENTATION('',(#3838),#3842);
#3838 = B_SPLINE_CURVE_WITH_KNOTS('',2,(#3839,#3840,#3841),
  .UNSPECIFIED.,.F.,.F.,(3,3),(0.,1.),.PIECEWISE_BEZIER_KNOTS.);
#3839 = CARTESIAN_POINT('',(0.930602864583,0.481801432292));
#3840 = CARTESIAN_POINT('',(0.930602864583,0.655602864583));
#3841 = CARTESIAN_POINT('',(0.838202148438,0.755702148438));
#3842 = ( GEOMETRIC_REPRESENTATION_CONTEXT(2)
PARAMETRIC_REPRESENTATION_CONTEXT() REPRESENTATION_CONTEXT('2D SPACE',''
  ) );
#3843 = ORIENTED_EDGE('',*,*,#3844,.F.);
#3844 = EDGE_CURVE('',#772,#3822,#3845,.T.);
#3845 = SURFACE_CURVE('',#3846,(#3850,#3857),.PCURVE_S1.);
#3846 = LINE('',#3847,#3848);
#3847 = CARTESIAN_POINT('',(1.,22.596003580729,-2.29429796346));
#3848 = VECTOR('',#3849,1.);
#3849 = DIRECTION('',(1.,0.,0.));
#3850 = PCURVE('',#817,#3851);
#3851 = DEFINITIONAL_REPRESENTATION('',(#3852),#3856);
#3852 = LINE('',#3853,#3854);
#3853 = CARTESIAN_POINT('',(1.,0.));
#3854 = VECTOR('',#3855,1.);
#3855 = DIRECTION('',(0.,-1.));
#3856 = ( GEOMETRIC_REPRESENTATION_CONTEXT(2)
PARAMETRIC_REPRESENTATION_CONTEXT() REPRESENTATION_CONTEXT('2D SPACE',''
  ) );
#3857 = PCURVE('',#787,#3858);
#3858 = DEFINITIONAL_REPRESENTATION('',(#3859),#3863);
#3859 = LINE('',#3860,#3861);
#3860 = CARTESIAN_POINT('',(0.,0.));
#3861 = VECTOR('',#3862,1.);
#3862 = DIRECTION('',(0.,-1.));
#3863 = ( GEOMETRIC_REPRESENTATION_CONTEXT(2)
PARAMETRIC_REPRESENTATION_CONTEXT() REPRESENTATION_CONTEXT('2D SPACE',''
  ) );
#3864 = ORIENTED_EDGE('',*,*,#801,.F.);
#3865 = ADVANCED_FACE('',(#3866),#787,.T.);
#3866 = FACE_BOUND('',#3867,.T.);
#3867 = EDGE_LOOP('',(#3868,#3869,#3892,#3913));
#3868 = ORIENTED_EDGE('',*,*,#3844,.T.);
#3869 = ORIENTED_EDGE('',*,*,#3870,.T.);
#3870 = EDGE_CURVE('',#3822,#3871,#3873,.T.);
#3871 = VERTEX_POINT('',#3872);
#3872 = CARTESIAN_POINT('',(1.35,22.347404296875,-2.194198679606));
#3873 = SURFACE_CURVE('',#3874,(#3878,#3885),.PCURVE_S1.);
#3874 = B_SPLINE_CURVE_WITH_KNOTS('',2,(#3875,#3876,#3877),
  .UNSPECIFIED.,.F.,.F.,(3,3),(0.,1.),.PIECEWISE_BEZIER_KNOTS.);
#3875 = CARTESIAN_POINT('',(1.35,22.596003580729,-2.29429796346));
#3876 = CARTESIAN_POINT('',(1.35,22.503602864583,-2.194198679606));
#3877 = CARTESIAN_POINT('',(1.35,22.347404296875,-2.194198679606));
#3878 = PCURVE('',#787,#3879);
#3879 = DEFINITIONAL_REPRESENTATION('',(#3880),#3884);
#3880 = LINE('',#3881,#3882);
#3881 = CARTESIAN_POINT('',(0.,-0.35));
#3882 = VECTOR('',#3883,1.);
#3883 = DIRECTION('',(1.,0.));
#3884 = ( GEOMETRIC_REPRESENTATION_CONTEXT(2)
PARAMETRIC_REPRESENTATION_CONTEXT() REPRESENTATION_CONTEXT('2D SPACE',''
  ) );
#3885 = PCURVE('',#2852,#3886);
#3886 = DEFINITIONAL_REPRESENTATION('',(#3887),#3891);
#3887 = B_SPLINE_CURVE_WITH_KNOTS('',2,(#3888,#3889,#3890),
  .UNSPECIFIED.,.F.,.F.,(3,3),(0.,1.),.PIECEWISE_BEZIER_KNOTS.);
#3888 = CARTESIAN_POINT('',(0.838202148438,0.755702148438));
#3889 = CARTESIAN_POINT('',(0.745801432292,0.855801432292));
#3890 = CARTESIAN_POINT('',(0.589602864583,0.855801432292));
#3891 = ( GEOMETRIC_REPRESENTATION_CONTEXT(2)
PARAMETRIC_REPRESENTATION_CONTEXT() REPRESENTATION_CONTEXT('2D SPACE',''
  ) );
#3892 = ORIENTED_EDGE('',*,*,#3893,.F.);
#3893 = EDGE_CURVE('',#742,#3871,#3894,.T.);
#3894 = SURFACE_CURVE('',#3895,(#3899,#3906),.PCURVE_S1.);
#3895 = LINE('',#3896,#3897);
#3896 = CARTESIAN_POINT('',(1.,22.347404296875,-2.194198679606));
#3897 = VECTOR('',#3898,1.);
#3898 = DIRECTION('',(1.,0.,0.));
#3899 = PCURVE('',#787,#3900);
#3900 = DEFINITIONAL_REPRESENTATION('',(#3901),#3905);
#3901 = LINE('',#3902,#3903);
#3902 = CARTESIAN_POINT('',(1.,0.));
#3903 = VECTOR('',#3904,1.);
#3904 = DIRECTION('',(0.,-1.));
#3905 = ( GEOMETRIC_REPRESENTATION_CONTEXT(2)
PARAMETRIC_REPRESENTATION_CONTEXT() REPRESENTATION_CONTEXT('2D SPACE',''
  ) );
#3906 = PCURVE('',#757,#3907);
#3907 = DEFINITIONAL_REPRESENTATION('',(#3908),#3912);
#3908 = LINE('',#3909,#3910);
#3909 = CARTESIAN_POINT('',(0.,0.));
#3910 = VECTOR('',#3911,1.);
#3911 = DIRECTION('',(0.,-1.));
#3912 = ( GEOMETRIC_REPRESENTATION_CONTEXT(2)
PARAMETRIC_REPRESENTATION_CONTEXT() REPRESENTATION_CONTEXT('2D SPACE',''
  ) );
#3913 = ORIENTED_EDGE('',*,*,#771,.F.);
#3914 = ADVANCED_FACE('',(#3915),#757,.T.);
#3915 = FACE_BOUND('',#3916,.T.);
#3916 = EDGE_LOOP('',(#3917,#3918,#3941,#3962));
#3917 = ORIENTED_EDGE('',*,*,#3893,.T.);
#3918 = ORIENTED_EDGE('',*,*,#3919,.T.);
#3919 = EDGE_CURVE('',#3871,#3920,#3922,.T.);
#3920 = VERTEX_POINT('',#3921);
#3921 = CARTESIAN_POINT('',(1.35,22.193400716146,-2.226099395752));
#3922 = SURFACE_CURVE('',#3923,(#3927,#3934),.PCURVE_S1.);
#3923 = B_SPLINE_CURVE_WITH_KNOTS('',2,(#3924,#3925,#3926),
  .UNSPECIFIED.,.F.,.F.,(3,3),(0.,1.),.PIECEWISE_BEZIER_KNOTS.);
#3924 = CARTESIAN_POINT('',(1.35,22.347404296875,-2.194198679606));
#3925 = CARTESIAN_POINT('',(1.35,22.257198567708,-2.194198679606));
#3926 = CARTESIAN_POINT('',(1.35,22.193400716146,-2.226099395752));
#3927 = PCURVE('',#757,#3928);
#3928 = DEFINITIONAL_REPRESENTATION('',(#3929),#3933);
#3929 = LINE('',#3930,#3931);
#3930 = CARTESIAN_POINT('',(0.,-0.35));
#3931 = VECTOR('',#3932,1.);
#3932 = DIRECTION('',(1.,0.));
#3933 = ( GEOMETRIC_REPRESENTATION_CONTEXT(2)
PARAMETRIC_REPRESENTATION_CONTEXT() REPRESENTATION_CONTEXT('2D SPACE',''
  ) );
#3934 = PCURVE('',#2852,#3935);
#3935 = DEFINITIONAL_REPRESENTATION('',(#3936),#3940);
#3936 = B_SPLINE_CURVE_WITH_KNOTS('',2,(#3937,#3938,#3939),
  .UNSPECIFIED.,.F.,.F.,(3,3),(0.,1.),.PIECEWISE_BEZIER_KNOTS.);
#3937 = CARTESIAN_POINT('',(0.589602864583,0.855801432292));
#3938 = CARTESIAN_POINT('',(0.499397135417,0.855801432292));
#3939 = CARTESIAN_POINT('',(0.435599283854,0.823900716146));
#3940 = ( GEOMETRIC_REPRESENTATION_CONTEXT(2)
PARAMETRIC_REPRESENTATION_CONTEXT() REPRESENTATION_CONTEXT('2D SPACE',''
  ) );
#3941 = ORIENTED_EDGE('',*,*,#3942,.F.);
#3942 = EDGE_CURVE('',#712,#3920,#3943,.T.);
#3943 = SURFACE_CURVE('',#3944,(#3948,#3955),.PCURVE_S1.);
#3944 = LINE('',#3945,#3946);
#3945 = CARTESIAN_POINT('',(1.,22.193400716146,-2.226099395752));
#3946 = VECTOR('',#3947,1.);
#3947 = DIRECTION('',(1.,0.,0.));
#3948 = PCURVE('',#757,#3949);
#3949 = DEFINITIONAL_REPRESENTATION('',(#3950),#3954);
#3950 = LINE('',#3951,#3952);
#3951 = CARTESIAN_POINT('',(1.,0.));
#3952 = VECTOR('',#3953,1.);
#3953 = DIRECTION('',(0.,-1.));
#3954 = ( GEOMETRIC_REPRESENTATION_CONTEXT(2)
PARAMETRIC_REPRESENTATION_CONTEXT() REPRESENTATION_CONTEXT('2D SPACE',''
  ) );
#3955 = PCURVE('',#727,#3956);
#3956 = DEFINITIONAL_REPRESENTATION('',(#3957),#3961);
#3957 = LINE('',#3958,#3959);
#3958 = CARTESIAN_POINT('',(0.,0.));
#3959 = VECTOR('',#3960,1.);
#3960 = DIRECTION('',(0.,-1.));
#3961 = ( GEOMETRIC_REPRESENTATION_CONTEXT(2)
PARAMETRIC_REPRESENTATION_CONTEXT() REPRESENTATION_CONTEXT('2D SPACE',''
  ) );
#3962 = ORIENTED_EDGE('',*,*,#741,.F.);
#3963 = ADVANCED_FACE('',(#3964),#727,.T.);
#3964 = FACE_BOUND('',#3965,.T.);
#3965 = EDGE_LOOP('',(#3966,#3967,#3990,#4011));
#3966 = ORIENTED_EDGE('',*,*,#3942,.T.);
#3967 = ORIENTED_EDGE('',*,*,#3968,.T.);
#3968 = EDGE_CURVE('',#3920,#3969,#3971,.T.);
#3969 = VERTEX_POINT('',#3970);
#3970 = CARTESIAN_POINT('',(1.35,22.061404296875,-2.339397247314));
#3971 = SURFACE_CURVE('',#3972,(#3976,#3983),.PCURVE_S1.);
#3972 = B_SPLINE_CURVE_WITH_KNOTS('',2,(#3973,#3974,#3975),
  .UNSPECIFIED.,.F.,.F.,(3,3),(0.,1.),.PIECEWISE_BEZIER_KNOTS.);
#3973 = CARTESIAN_POINT('',(1.35,22.193400716146,-2.226099395752));
#3974 = CARTESIAN_POINT('',(1.35,22.129602864583,-2.258000111898));
#3975 = CARTESIAN_POINT('',(1.35,22.061404296875,-2.339397247314));
#3976 = PCURVE('',#727,#3977);
#3977 = DEFINITIONAL_REPRESENTATION('',(#3978),#3982);
#3978 = LINE('',#3979,#3980);
#3979 = CARTESIAN_POINT('',(0.,-0.35));
#3980 = VECTOR('',#3981,1.);
#3981 = DIRECTION('',(1.,0.));
#3982 = ( GEOMETRIC_REPRESENTATION_CONTEXT(2)
PARAMETRIC_REPRESENTATION_CONTEXT() REPRESENTATION_CONTEXT('2D SPACE',''
  ) );
#3983 = PCURVE('',#2852,#3984);
#3984 = DEFINITIONAL_REPRESENTATION('',(#3985),#3989);
#3985 = B_SPLINE_CURVE_WITH_KNOTS('',2,(#3986,#3987,#3988),
  .UNSPECIFIED.,.F.,.F.,(3,3),(0.,1.),.PIECEWISE_BEZIER_KNOTS.);
#3986 = CARTESIAN_POINT('',(0.435599283854,0.823900716146));
#3987 = CARTESIAN_POINT('',(0.371801432292,0.792));
#3988 = CARTESIAN_POINT('',(0.303602864583,0.710602864583));
#3989 = ( GEOMETRIC_REPRESENTATION_CONTEXT(2)
PARAMETRIC_REPRESENTATION_CONTEXT() REPRESENTATION_CONTEXT('2D SPACE',''
  ) );
#3990 = ORIENTED_EDGE('',*,*,#3991,.F.);
#3991 = EDGE_CURVE('',#684,#3969,#3992,.T.);
#3992 = SURFACE_CURVE('',#3993,(#3997,#4004),.PCURVE_S1.);
#3993 = LINE('',#3994,#3995);
#3994 = CARTESIAN_POINT('',(1.,22.061404296875,-2.339397247314));
#3995 = VECTOR('',#3996,1.);
#3996 = DIRECTION('',(1.,0.,0.));
#3997 = PCURVE('',#727,#3998);
#3998 = DEFINITIONAL_REPRESENTATION('',(#3999),#4003);
#3999 = LINE('',#4000,#4001);
#4000 = CARTESIAN_POINT('',(1.,0.));
#4001 = VECTOR('',#4002,1.);
#4002 = DIRECTION('',(0.,-1.));
#4003 = ( GEOMETRIC_REPRESENTATION_CONTEXT(2)
PARAMETRIC_REPRESENTATION_CONTEXT() REPRESENTATION_CONTEXT('2D SPACE',''
  ) );
#4004 = PCURVE('',#699,#4005);
#4005 = DEFINITIONAL_REPRESENTATION('',(#4006),#4010);
#4006 = LINE('',#4007,#4008);
#4007 = CARTESIAN_POINT('',(0.,-0.));
#4008 = VECTOR('',#4009,1.);
#4009 = DIRECTION('',(0.,-1.));
#4010 = ( GEOMETRIC_REPRESENTATION_CONTEXT(2)
PARAMETRIC_REPRESENTATION_CONTEXT() REPRESENTATION_CONTEXT('2D SPACE',''
  ) );
#4011 = ORIENTED_EDGE('',*,*,#711,.F.);
#4012 = ADVANCED_FACE('',(#4013),#699,.T.);
#4013 = FACE_BOUND('',#4014,.T.);
#4014 = EDGE_LOOP('',(#4015,#4016,#4039,#4060));
#4015 = ORIENTED_EDGE('',*,*,#3991,.T.);
#4016 = ORIENTED_EDGE('',*,*,#4017,.T.);
#4017 = EDGE_CURVE('',#3969,#4018,#4020,.T.);
#4018 = VERTEX_POINT('',#4019);
#4019 = CARTESIAN_POINT('',(1.35,21.883198567708,-2.339397247314));
#4020 = SURFACE_CURVE('',#4021,(#4025,#4032),.PCURVE_S1.);
#4021 = LINE('',#4022,#4023);
#4022 = CARTESIAN_POINT('',(1.35,22.061404296875,-2.339397247314));
#4023 = VECTOR('',#4024,1.);
#4024 = DIRECTION('',(0.,-1.,0.));
#4025 = PCURVE('',#699,#4026);
#4026 = DEFINITIONAL_REPRESENTATION('',(#4027),#4031);
#4027 = LINE('',#4028,#4029);
#4028 = CARTESIAN_POINT('',(0.,-0.35));
#4029 = VECTOR('',#4030,1.);
#4030 = DIRECTION('',(1.,0.));
#4031 = ( GEOMETRIC_REPRESENTATION_CONTEXT(2)
PARAMETRIC_REPRESENTATION_CONTEXT() REPRESENTATION_CONTEXT('2D SPACE',''
  ) );
#4032 = PCURVE('',#2852,#4033);
#4033 = DEFINITIONAL_REPRESENTATION('',(#4034),#4038);
#4034 = LINE('',#4035,#4036);
#4035 = CARTESIAN_POINT('',(0.303602864583,0.710602864583));
#4036 = VECTOR('',#4037,1.);
#4037 = DIRECTION('',(-1.,0.));
#4038 = ( GEOMETRIC_REPRESENTATION_CONTEXT(2)
PARAMETRIC_REPRESENTATION_CONTEXT() REPRESENTATION_CONTEXT('2D SPACE',''
  ) );
#4039 = ORIENTED_EDGE('',*,*,#4040,.F.);
#4040 = EDGE_CURVE('',#656,#4018,#4041,.T.);
#4041 = SURFACE_CURVE('',#4042,(#4046,#4053),.PCURVE_S1.);
#4042 = LINE('',#4043,#4044);
#4043 = CARTESIAN_POINT('',(1.,21.883198567708,-2.339397247314));
#4044 = VECTOR('',#4045,1.);
#4045 = DIRECTION('',(1.,0.,0.));
#4046 = PCURVE('',#699,#4047);
#4047 = DEFINITIONAL_REPRESENTATION('',(#4048),#4052);
#4048 = LINE('',#4049,#4050);
#4049 = CARTESIAN_POINT('',(0.178205729167,0.));
#4050 = VECTOR('',#4051,1.);
#4051 = DIRECTION('',(0.,-1.));
#4052 = ( GEOMETRIC_REPRESENTATION_CONTEXT(2)
PARAMETRIC_REPRESENTATION_CONTEXT() REPRESENTATION_CONTEXT('2D SPACE',''
  ) );
#4053 = PCURVE('',#671,#4054);
#4054 = DEFINITIONAL_REPRESENTATION('',(#4055),#4059);
#4055 = LINE('',#4056,#4057);
#4056 = CARTESIAN_POINT('',(0.,0.));
#4057 = VECTOR('',#4058,1.);
#4058 = DIRECTION('',(0.,-1.));
#4059 = ( GEOMETRIC_REPRESENTATION_CONTEXT(2)
PARAMETRIC_REPRESENTATION_CONTEXT() REPRESENTATION_CONTEXT('2D SPACE',''
  ) );
#4060 = ORIENTED_EDGE('',*,*,#683,.F.);
#4061 = ADVANCED_FACE('',(#4062),#671,.T.);
#4062 = FACE_BOUND('',#4063,.T.);
#4063 = EDGE_LOOP('',(#4064,#4065,#4086,#4087));
#4064 = ORIENTED_EDGE('',*,*,#4040,.T.);
#4065 = ORIENTED_EDGE('',*,*,#4066,.T.);
#4066 = EDGE_CURVE('',#4018,#2814,#4067,.T.);
#4067 = SURFACE_CURVE('',#4068,(#4072,#4079),.PCURVE_S1.);
#4068 = LINE('',#4069,#4070);
#4069 = CARTESIAN_POINT('',(1.35,21.883198567708,-2.339397247314));
#4070 = VECTOR('',#4071,1.);
#4071 = DIRECTION('',(0.,0.136032920634,0.990704317394));
#4072 = PCURVE('',#671,#4073);
#4073 = DEFINITIONAL_REPRESENTATION('',(#4074),#4078);
#4074 = LINE('',#4075,#4076);
#4075 = CARTESIAN_POINT('',(0.,-0.35));
#4076 = VECTOR('',#4077,1.);
#4077 = DIRECTION('',(1.,0.));
#4078 = ( GEOMETRIC_REPRESENTATION_CONTEXT(2)
PARAMETRIC_REPRESENTATION_CONTEXT() REPRESENTATION_CONTEXT('2D SPACE',''
  ) );
#4079 = PCURVE('',#2852,#4080);
#4080 = DEFINITIONAL_REPRESENTATION('',(#4081),#4085);
#4081 = LINE('',#4082,#4083);
#4082 = CARTESIAN_POINT('',(0.125397135417,0.710602864583));
#4083 = VECTOR('',#4084,1.);
#4084 = DIRECTION('',(0.136032920634,0.990704317394));
#4085 = ( GEOMETRIC_REPRESENTATION_CONTEXT(2)
PARAMETRIC_REPRESENTATION_CONTEXT() REPRESENTATION_CONTEXT('2D SPACE',''
  ) );
#4086 = ORIENTED_EDGE('',*,*,#2813,.F.);
#4087 = ORIENTED_EDGE('',*,*,#655,.F.);
#4088 = ADVANCED_FACE('',(#4089),#1411,.T.);
#4089 = FACE_BOUND('',#4090,.T.);
#4090 = EDGE_LOOP('',(#4091,#4114,#4142,#4163));
#4091 = ORIENTED_EDGE('',*,*,#4092,.T.);
#4092 = EDGE_CURVE('',#1394,#4093,#4095,.T.);
#4093 = VERTEX_POINT('',#4094);
#4094 = CARTESIAN_POINT('',(1.35,20.629205729167,-2.295397247314));
#4095 = SURFACE_CURVE('',#4096,(#4100,#4107),.PCURVE_S1.);
#4096 = LINE('',#4097,#4098);
#4097 = CARTESIAN_POINT('',(1.,20.629205729167,-2.295397247314));
#4098 = VECTOR('',#4099,1.);
#4099 = DIRECTION('',(1.,0.,0.));
#4100 = PCURVE('',#1411,#4101);
#4101 = DEFINITIONAL_REPRESENTATION('',(#4102),#4106);
#4102 = LINE('',#4103,#4104);
#4103 = CARTESIAN_POINT('',(0.,0.));
#4104 = VECTOR('',#4105,1.);
#4105 = DIRECTION('',(0.,-1.));
#4106 = ( GEOMETRIC_REPRESENTATION_CONTEXT(2)
PARAMETRIC_REPRESENTATION_CONTEXT() REPRESENTATION_CONTEXT('2D SPACE',''
  ) );
#4107 = PCURVE('',#1441,#4108);
#4108 = DEFINITIONAL_REPRESENTATION('',(#4109),#4113);
#4109 = LINE('',#4110,#4111);
#4110 = CARTESIAN_POINT('',(1.,0.));
#4111 = VECTOR('',#4112,1.);
#4112 = DIRECTION('',(0.,-1.));
#4113 = ( GEOMETRIC_REPRESENTATION_CONTEXT(2)
PARAMETRIC_REPRESENTATION_CONTEXT() REPRESENTATION_CONTEXT('2D SPACE',''
  ) );
#4114 = ORIENTED_EDGE('',*,*,#4115,.T.);
#4115 = EDGE_CURVE('',#4093,#4116,#4118,.T.);
#4116 = VERTEX_POINT('',#4117);
#4117 = CARTESIAN_POINT('',(1.35,20.662205729167,-1.950000111898));
#4118 = SURFACE_CURVE('',#4119,(#4123,#4130),.PCURVE_S1.);
#4119 = B_SPLINE_CURVE_WITH_KNOTS('',2,(#4120,#4121,#4122),
  .UNSPECIFIED.,.F.,.F.,(3,3),(0.,1.),.PIECEWISE_BEZIER_KNOTS.);
#4120 = CARTESIAN_POINT('',(1.35,20.629205729167,-2.295397247314));
#4121 = CARTESIAN_POINT('',(1.35,20.629205729167,-2.099602976481));
#4122 = CARTESIAN_POINT('',(1.35,20.662205729167,-1.950000111898));
#4123 = PCURVE('',#1411,#4124);
#4124 = DEFINITIONAL_REPRESENTATION('',(#4125),#4129);
#4125 = LINE('',#4126,#4127);
#4126 = CARTESIAN_POINT('',(0.,-0.35));
#4127 = VECTOR('',#4128,1.);
#4128 = DIRECTION('',(1.,0.));
#4129 = ( GEOMETRIC_REPRESENTATION_CONTEXT(2)
PARAMETRIC_REPRESENTATION_CONTEXT() REPRESENTATION_CONTEXT('2D SPACE',''
  ) );
#4130 = PCURVE('',#4131,#4136);
#4131 = PLANE('',#4132);
#4132 = AXIS2_PLACEMENT_3D('',#4133,#4134,#4135);
#4133 = CARTESIAN_POINT('',(1.35,20.534602864583,-3.050000111898));
#4134 = DIRECTION('',(1.,0.,0.));
#4135 = DIRECTION('',(0.,1.,0.));
#4136 = DEFINITIONAL_REPRESENTATION('',(#4137),#4141);
#4137 = B_SPLINE_CURVE_WITH_KNOTS('',2,(#4138,#4139,#4140),
  .UNSPECIFIED.,.F.,.F.,(3,3),(0.,1.),.PIECEWISE_BEZIER_KNOTS.);
#4138 = CARTESIAN_POINT('',(9.460286458333E-02,0.754602864583));
#4139 = CARTESIAN_POINT('',(9.460286458333E-02,0.950397135417));
#4140 = CARTESIAN_POINT('',(0.127602864583,1.1));
#4141 = ( GEOMETRIC_REPRESENTATION_CONTEXT(2)
PARAMETRIC_REPRESENTATION_CONTEXT() REPRESENTATION_CONTEXT('2D SPACE',''
  ) );
#4142 = ORIENTED_EDGE('',*,*,#4143,.F.);
#4143 = EDGE_CURVE('',#1396,#4116,#4144,.T.);
#4144 = SURFACE_CURVE('',#4145,(#4149,#4156),.PCURVE_S1.);
#4145 = LINE('',#4146,#4147);
#4146 = CARTESIAN_POINT('',(1.,20.662205729167,-1.950000111898));
#4147 = VECTOR('',#4148,1.);
#4148 = DIRECTION('',(1.,0.,0.));
#4149 = PCURVE('',#1411,#4150);
#4150 = DEFINITIONAL_REPRESENTATION('',(#4151),#4155);
#4151 = LINE('',#4152,#4153);
#4152 = CARTESIAN_POINT('',(1.,0.));
#4153 = VECTOR('',#4154,1.);
#4154 = DIRECTION('',(0.,-1.));
#4155 = ( GEOMETRIC_REPRESENTATION_CONTEXT(2)
PARAMETRIC_REPRESENTATION_CONTEXT() REPRESENTATION_CONTEXT('2D SPACE',''
  ) );
#4156 = PCURVE('',#1679,#4157);
#4157 = DEFINITIONAL_REPRESENTATION('',(#4158),#4162);
#4158 = LINE('',#4159,#4160);
#4159 = CARTESIAN_POINT('',(0.,0.));
#4160 = VECTOR('',#4161,1.);
#4161 = DIRECTION('',(0.,-1.));
#4162 = ( GEOMETRIC_REPRESENTATION_CONTEXT(2)
PARAMETRIC_REPRESENTATION_CONTEXT() REPRESENTATION_CONTEXT('2D SPACE',''
  ) );
#4163 = ORIENTED_EDGE('',*,*,#1393,.F.);
#4164 = ADVANCED_FACE('',(#4165),#1679,.T.);
#4165 = FACE_BOUND('',#4166,.T.);
#4166 = EDGE_LOOP('',(#4167,#4168,#4191,#4212));
#4167 = ORIENTED_EDGE('',*,*,#4143,.T.);
#4168 = ORIENTED_EDGE('',*,*,#4169,.T.);
#4169 = EDGE_CURVE('',#4116,#4170,#4172,.T.);
#4170 = VERTEX_POINT('',#4171);
#4171 = CARTESIAN_POINT('',(1.35,20.745805013021,-1.715698679606));
#4172 = SURFACE_CURVE('',#4173,(#4177,#4184),.PCURVE_S1.);
#4173 = B_SPLINE_CURVE_WITH_KNOTS('',2,(#4174,#4175,#4176),
  .UNSPECIFIED.,.F.,.F.,(3,3),(0.,1.),.PIECEWISE_BEZIER_KNOTS.);
#4174 = CARTESIAN_POINT('',(1.35,20.662205729167,-1.950000111898));
#4175 = CARTESIAN_POINT('',(1.35,20.695205729167,-1.800397247314));
#4176 = CARTESIAN_POINT('',(1.35,20.745805013021,-1.715698679606));
#4177 = PCURVE('',#1679,#4178);
#4178 = DEFINITIONAL_REPRESENTATION('',(#4179),#4183);
#4179 = LINE('',#4180,#4181);
#4180 = CARTESIAN_POINT('',(0.,-0.35));
#4181 = VECTOR('',#4182,1.);
#4182 = DIRECTION('',(1.,0.));
#4183 = ( GEOMETRIC_REPRESENTATION_CONTEXT(2)
PARAMETRIC_REPRESENTATION_CONTEXT() REPRESENTATION_CONTEXT('2D SPACE',''
  ) );
#4184 = PCURVE('',#4131,#4185);
#4185 = DEFINITIONAL_REPRESENTATION('',(#4186),#4190);
#4186 = B_SPLINE_CURVE_WITH_KNOTS('',2,(#4187,#4188,#4189),
  .UNSPECIFIED.,.F.,.F.,(3,3),(0.,1.),.PIECEWISE_BEZIER_KNOTS.);
#4187 = CARTESIAN_POINT('',(0.127602864583,1.1));
#4188 = CARTESIAN_POINT('',(0.160602864583,1.249602864583));
#4189 = CARTESIAN_POINT('',(0.211202148438,1.334301432292));
#4190 = ( GEOMETRIC_REPRESENTATION_CONTEXT(2)
PARAMETRIC_REPRESENTATION_CONTEXT() REPRESENTATION_CONTEXT('2D SPACE',''
  ) );
#4191 = ORIENTED_EDGE('',*,*,#4192,.F.);
#4192 = EDGE_CURVE('',#1636,#4170,#4193,.T.);
#4193 = SURFACE_CURVE('',#4194,(#4198,#4205),.PCURVE_S1.);
#4194 = LINE('',#4195,#4196);
#4195 = CARTESIAN_POINT('',(1.,20.745805013021,-1.715698679606));
#4196 = VECTOR('',#4197,1.);
#4197 = DIRECTION('',(1.,0.,0.));
#4198 = PCURVE('',#1679,#4199);
#4199 = DEFINITIONAL_REPRESENTATION('',(#4200),#4204);
#4200 = LINE('',#4201,#4202);
#4201 = CARTESIAN_POINT('',(1.,0.));
#4202 = VECTOR('',#4203,1.);
#4203 = DIRECTION('',(0.,-1.));
#4204 = ( GEOMETRIC_REPRESENTATION_CONTEXT(2)
PARAMETRIC_REPRESENTATION_CONTEXT() REPRESENTATION_CONTEXT('2D SPACE',''
  ) );
#4205 = PCURVE('',#1651,#4206);
#4206 = DEFINITIONAL_REPRESENTATION('',(#4207),#4211);
#4207 = LINE('',#4208,#4209);
#4208 = CARTESIAN_POINT('',(0.,0.));
#4209 = VECTOR('',#4210,1.);
#4210 = DIRECTION('',(0.,-1.));
#4211 = ( GEOMETRIC_REPRESENTATION_CONTEXT(2)
PARAMETRIC_REPRESENTATION_CONTEXT() REPRESENTATION_CONTEXT('2D SPACE',''
  ) );
#4212 = ORIENTED_EDGE('',*,*,#1665,.F.);
#4213 = ADVANCED_FACE('',(#4214),#1651,.T.);
#4214 = FACE_BOUND('',#4215,.T.);
#4215 = EDGE_LOOP('',(#4216,#4217,#4240,#4261));
#4216 = ORIENTED_EDGE('',*,*,#4192,.T.);
#4217 = ORIENTED_EDGE('',*,*,#4218,.T.);
#4218 = EDGE_CURVE('',#4170,#4219,#4221,.T.);
#4219 = VERTEX_POINT('',#4220);
#4220 = CARTESIAN_POINT('',(1.35,20.866805013021,-1.578198679606));
#4221 = SURFACE_CURVE('',#4222,(#4226,#4233),.PCURVE_S1.);
#4222 = B_SPLINE_CURVE_WITH_KNOTS('',2,(#4223,#4224,#4225),
  .UNSPECIFIED.,.F.,.F.,(3,3),(0.,1.),.PIECEWISE_BEZIER_KNOTS.);
#4223 = CARTESIAN_POINT('',(1.35,20.745805013021,-1.715698679606));
#4224 = CARTESIAN_POINT('',(1.35,20.796404296875,-1.631000111898));
#4225 = CARTESIAN_POINT('',(1.35,20.866805013021,-1.578198679606));
#4226 = PCURVE('',#1651,#4227);
#4227 = DEFINITIONAL_REPRESENTATION('',(#4228),#4232);
#4228 = LINE('',#4229,#4230);
#4229 = CARTESIAN_POINT('',(0.,-0.35));
#4230 = VECTOR('',#4231,1.);
#4231 = DIRECTION('',(1.,0.));
#4232 = ( GEOMETRIC_REPRESENTATION_CONTEXT(2)
PARAMETRIC_REPRESENTATION_CONTEXT() REPRESENTATION_CONTEXT('2D SPACE',''
  ) );
#4233 = PCURVE('',#4131,#4234);
#4234 = DEFINITIONAL_REPRESENTATION('',(#4235),#4239);
#4235 = B_SPLINE_CURVE_WITH_KNOTS('',2,(#4236,#4237,#4238),
  .UNSPECIFIED.,.F.,.F.,(3,3),(0.,1.),.PIECEWISE_BEZIER_KNOTS.);
#4236 = CARTESIAN_POINT('',(0.211202148438,1.334301432292));
#4237 = CARTESIAN_POINT('',(0.261801432292,1.419));
#4238 = CARTESIAN_POINT('',(0.332202148438,1.471801432292));
#4239 = ( GEOMETRIC_REPRESENTATION_CONTEXT(2)
PARAMETRIC_REPRESENTATION_CONTEXT() REPRESENTATION_CONTEXT('2D SPACE',''
  ) );
#4240 = ORIENTED_EDGE('',*,*,#4241,.F.);
#4241 = EDGE_CURVE('',#1606,#4219,#4242,.T.);
#4242 = SURFACE_CURVE('',#4243,(#4247,#4254),.PCURVE_S1.);
#4243 = LINE('',#4244,#4245);
#4244 = CARTESIAN_POINT('',(1.,20.866805013021,-1.578198679606));
#4245 = VECTOR('',#4246,1.);
#4246 = DIRECTION('',(1.,0.,0.));
#4247 = PCURVE('',#1651,#4248);
#4248 = DEFINITIONAL_REPRESENTATION('',(#4249),#4253);
#4249 = LINE('',#4250,#4251);
#4250 = CARTESIAN_POINT('',(1.,0.));
#4251 = VECTOR('',#4252,1.);
#4252 = DIRECTION('',(0.,-1.));
#4253 = ( GEOMETRIC_REPRESENTATION_CONTEXT(2)
PARAMETRIC_REPRESENTATION_CONTEXT() REPRESENTATION_CONTEXT('2D SPACE',''
  ) );
#4254 = PCURVE('',#1621,#4255);
#4255 = DEFINITIONAL_REPRESENTATION('',(#4256),#4260);
#4256 = LINE('',#4257,#4258);
#4257 = CARTESIAN_POINT('',(0.,0.));
#4258 = VECTOR('',#4259,1.);
#4259 = DIRECTION('',(0.,-1.));
#4260 = ( GEOMETRIC_REPRESENTATION_CONTEXT(2)
PARAMETRIC_REPRESENTATION_CONTEXT() REPRESENTATION_CONTEXT('2D SPACE',''
  ) );
#4261 = ORIENTED_EDGE('',*,*,#1635,.F.);
#4262 = ADVANCED_FACE('',(#4263),#1621,.T.);
#4263 = FACE_BOUND('',#4264,.T.);
#4264 = EDGE_LOOP('',(#4265,#4266,#4289,#4310));
#4265 = ORIENTED_EDGE('',*,*,#4241,.T.);
#4266 = ORIENTED_EDGE('',*,*,#4267,.T.);
#4267 = EDGE_CURVE('',#4219,#4268,#4270,.T.);
#4268 = VERTEX_POINT('',#4269);
#4269 = CARTESIAN_POINT('',(1.35,21.002102864583,-1.50779796346));
#4270 = SURFACE_CURVE('',#4271,(#4275,#4282),.PCURVE_S1.);
#4271 = B_SPLINE_CURVE_WITH_KNOTS('',2,(#4272,#4273,#4274),
  .UNSPECIFIED.,.F.,.F.,(3,3),(0.,1.),.PIECEWISE_BEZIER_KNOTS.);
#4272 = CARTESIAN_POINT('',(1.35,20.866805013021,-1.578198679606));
#4273 = CARTESIAN_POINT('',(1.35,20.937205729167,-1.525397247314));
#4274 = CARTESIAN_POINT('',(1.35,21.002102864583,-1.50779796346));
#4275 = PCURVE('',#1621,#4276);
#4276 = DEFINITIONAL_REPRESENTATION('',(#4277),#4281);
#4277 = LINE('',#4278,#4279);
#4278 = CARTESIAN_POINT('',(0.,-0.35));
#4279 = VECTOR('',#4280,1.);
#4280 = DIRECTION('',(1.,0.));
#4281 = ( GEOMETRIC_REPRESENTATION_CONTEXT(2)
PARAMETRIC_REPRESENTATION_CONTEXT() REPRESENTATION_CONTEXT('2D SPACE',''
  ) );
#4282 = PCURVE('',#4131,#4283);
#4283 = DEFINITIONAL_REPRESENTATION('',(#4284),#4288);
#4284 = B_SPLINE_CURVE_WITH_KNOTS('',2,(#4285,#4286,#4287),
  .UNSPECIFIED.,.F.,.F.,(3,3),(0.,1.),.PIECEWISE_BEZIER_KNOTS.);
#4285 = CARTESIAN_POINT('',(0.332202148438,1.471801432292));
#4286 = CARTESIAN_POINT('',(0.402602864583,1.524602864583));
#4287 = CARTESIAN_POINT('',(0.4675,1.542202148438));
#4288 = ( GEOMETRIC_REPRESENTATION_CONTEXT(2)
PARAMETRIC_REPRESENTATION_CONTEXT() REPRESENTATION_CONTEXT('2D SPACE',''
  ) );
#4289 = ORIENTED_EDGE('',*,*,#4290,.F.);
#4290 = EDGE_CURVE('',#1576,#4268,#4291,.T.);
#4291 = SURFACE_CURVE('',#4292,(#4296,#4303),.PCURVE_S1.);
#4292 = LINE('',#4293,#4294);
#4293 = CARTESIAN_POINT('',(1.,21.002102864583,-1.50779796346));
#4294 = VECTOR('',#4295,1.);
#4295 = DIRECTION('',(1.,0.,0.));
#4296 = PCURVE('',#1621,#4297);
#4297 = DEFINITIONAL_REPRESENTATION('',(#4298),#4302);
#4298 = LINE('',#4299,#4300);
#4299 = CARTESIAN_POINT('',(1.,0.));
#4300 = VECTOR('',#4301,1.);
#4301 = DIRECTION('',(0.,-1.));
#4302 = ( GEOMETRIC_REPRESENTATION_CONTEXT(2)
PARAMETRIC_REPRESENTATION_CONTEXT() REPRESENTATION_CONTEXT('2D SPACE',''
  ) );
#4303 = PCURVE('',#1591,#4304);
#4304 = DEFINITIONAL_REPRESENTATION('',(#4305),#4309);
#4305 = LINE('',#4306,#4307);
#4306 = CARTESIAN_POINT('',(0.,0.));
#4307 = VECTOR('',#4308,1.);
#4308 = DIRECTION('',(0.,-1.));
#4309 = ( GEOMETRIC_REPRESENTATION_CONTEXT(2)
PARAMETRIC_REPRESENTATION_CONTEXT() REPRESENTATION_CONTEXT('2D SPACE',''
  ) );
#4310 = ORIENTED_EDGE('',*,*,#1605,.F.);
#4311 = ADVANCED_FACE('',(#4312),#1591,.T.);
#4312 = FACE_BOUND('',#4313,.T.);
#4313 = EDGE_LOOP('',(#4314,#4315,#4338,#4359));
#4314 = ORIENTED_EDGE('',*,*,#4290,.T.);
#4315 = ORIENTED_EDGE('',*,*,#4316,.T.);
#4316 = EDGE_CURVE('',#4268,#4317,#4319,.T.);
#4317 = VERTEX_POINT('',#4318);
#4318 = CARTESIAN_POINT('',(1.35,21.139602864583,-1.490198679606));
#4319 = SURFACE_CURVE('',#4320,(#4324,#4331),.PCURVE_S1.);
#4320 = B_SPLINE_CURVE_WITH_KNOTS('',2,(#4321,#4322,#4323),
  .UNSPECIFIED.,.F.,.F.,(3,3),(0.,1.),.PIECEWISE_BEZIER_KNOTS.);
#4321 = CARTESIAN_POINT('',(1.35,21.002102864583,-1.50779796346));
#4322 = CARTESIAN_POINT('',(1.35,21.067,-1.490198679606));
#4323 = CARTESIAN_POINT('',(1.35,21.139602864583,-1.490198679606));
#4324 = PCURVE('',#1591,#4325);
#4325 = DEFINITIONAL_REPRESENTATION('',(#4326),#4330);
#4326 = LINE('',#4327,#4328);
#4327 = CARTESIAN_POINT('',(0.,-0.35));
#4328 = VECTOR('',#4329,1.);
#4329 = DIRECTION('',(1.,0.));
#4330 = ( GEOMETRIC_REPRESENTATION_CONTEXT(2)
PARAMETRIC_REPRESENTATION_CONTEXT() REPRESENTATION_CONTEXT('2D SPACE',''
  ) );
#4331 = PCURVE('',#4131,#4332);
#4332 = DEFINITIONAL_REPRESENTATION('',(#4333),#4337);
#4333 = B_SPLINE_CURVE_WITH_KNOTS('',2,(#4334,#4335,#4336),
  .UNSPECIFIED.,.F.,.F.,(3,3),(0.,1.),.PIECEWISE_BEZIER_KNOTS.);
#4334 = CARTESIAN_POINT('',(0.4675,1.542202148438));
#4335 = CARTESIAN_POINT('',(0.532397135417,1.559801432292));
#4336 = CARTESIAN_POINT('',(0.605,1.559801432292));
#4337 = ( GEOMETRIC_REPRESENTATION_CONTEXT(2)
PARAMETRIC_REPRESENTATION_CONTEXT() REPRESENTATION_CONTEXT('2D SPACE',''
  ) );
#4338 = ORIENTED_EDGE('',*,*,#4339,.F.);
#4339 = EDGE_CURVE('',#1546,#4317,#4340,.T.);
#4340 = SURFACE_CURVE('',#4341,(#4345,#4352),.PCURVE_S1.);
#4341 = LINE('',#4342,#4343);
#4342 = CARTESIAN_POINT('',(1.,21.139602864583,-1.490198679606));
#4343 = VECTOR('',#4344,1.);
#4344 = DIRECTION('',(1.,0.,0.));
#4345 = PCURVE('',#1591,#4346);
#4346 = DEFINITIONAL_REPRESENTATION('',(#4347),#4351);
#4347 = LINE('',#4348,#4349);
#4348 = CARTESIAN_POINT('',(1.,0.));
#4349 = VECTOR('',#4350,1.);
#4350 = DIRECTION('',(0.,-1.));
#4351 = ( GEOMETRIC_REPRESENTATION_CONTEXT(2)
PARAMETRIC_REPRESENTATION_CONTEXT() REPRESENTATION_CONTEXT('2D SPACE',''
  ) );
#4352 = PCURVE('',#1561,#4353);
#4353 = DEFINITIONAL_REPRESENTATION('',(#4354),#4358);
#4354 = LINE('',#4355,#4356);
#4355 = CARTESIAN_POINT('',(0.,0.));
#4356 = VECTOR('',#4357,1.);
#4357 = DIRECTION('',(0.,-1.));
#4358 = ( GEOMETRIC_REPRESENTATION_CONTEXT(2)
PARAMETRIC_REPRESENTATION_CONTEXT() REPRESENTATION_CONTEXT('2D SPACE',''
  ) );
#4359 = ORIENTED_EDGE('',*,*,#1575,.F.);
#4360 = ADVANCED_FACE('',(#4361),#1561,.T.);
#4361 = FACE_BOUND('',#4362,.T.);
#4362 = EDGE_LOOP('',(#4363,#4364,#4387,#4408));
#4363 = ORIENTED_EDGE('',*,*,#4339,.T.);
#4364 = ORIENTED_EDGE('',*,*,#4365,.T.);
#4365 = EDGE_CURVE('',#4317,#4366,#4368,.T.);
#4366 = VERTEX_POINT('',#4367);
#4367 = CARTESIAN_POINT('',(1.35,21.65,-2.308602976481));
#4368 = SURFACE_CURVE('',#4369,(#4373,#4380),.PCURVE_S1.);
#4369 = B_SPLINE_CURVE_WITH_KNOTS('',2,(#4370,#4371,#4372),
  .UNSPECIFIED.,.F.,.F.,(3,3),(0.,1.),.PIECEWISE_BEZIER_KNOTS.);
#4370 = CARTESIAN_POINT('',(1.35,21.139602864583,-1.490198679606));
#4371 = CARTESIAN_POINT('',(1.35,21.65,-1.490198679606));
#4372 = CARTESIAN_POINT('',(1.35,21.65,-2.308602976481));
#4373 = PCURVE('',#1561,#4374);
#4374 = DEFINITIONAL_REPRESENTATION('',(#4375),#4379);
#4375 = LINE('',#4376,#4377);
#4376 = CARTESIAN_POINT('',(0.,-0.35));
#4377 = VECTOR('',#4378,1.);
#4378 = DIRECTION('',(1.,0.));
#4379 = ( GEOMETRIC_REPRESENTATION_CONTEXT(2)
PARAMETRIC_REPRESENTATION_CONTEXT() REPRESENTATION_CONTEXT('2D SPACE',''
  ) );
#4380 = PCURVE('',#4131,#4381);
#4381 = DEFINITIONAL_REPRESENTATION('',(#4382),#4386);
#4382 = B_SPLINE_CURVE_WITH_KNOTS('',2,(#4383,#4384,#4385),
  .UNSPECIFIED.,.F.,.F.,(3,3),(0.,1.),.PIECEWISE_BEZIER_KNOTS.);
#4383 = CARTESIAN_POINT('',(0.605,1.559801432292));
#4384 = CARTESIAN_POINT('',(1.115397135417,1.559801432292));
#4385 = CARTESIAN_POINT('',(1.115397135417,0.741397135417));
#4386 = ( GEOMETRIC_REPRESENTATION_CONTEXT(2)
PARAMETRIC_REPRESENTATION_CONTEXT() REPRESENTATION_CONTEXT('2D SPACE',''
  ) );
#4387 = ORIENTED_EDGE('',*,*,#4388,.F.);
#4388 = EDGE_CURVE('',#1516,#4366,#4389,.T.);
#4389 = SURFACE_CURVE('',#4390,(#4394,#4401),.PCURVE_S1.);
#4390 = LINE('',#4391,#4392);
#4391 = CARTESIAN_POINT('',(1.,21.65,-2.308602976481));
#4392 = VECTOR('',#4393,1.);
#4393 = DIRECTION('',(1.,0.,0.));
#4394 = PCURVE('',#1561,#4395);
#4395 = DEFINITIONAL_REPRESENTATION('',(#4396),#4400);
#4396 = LINE('',#4397,#4398);
#4397 = CARTESIAN_POINT('',(1.,0.));
#4398 = VECTOR('',#4399,1.);
#4399 = DIRECTION('',(0.,-1.));
#4400 = ( GEOMETRIC_REPRESENTATION_CONTEXT(2)
PARAMETRIC_REPRESENTATION_CONTEXT() REPRESENTATION_CONTEXT('2D SPACE',''
  ) );
#4401 = PCURVE('',#1531,#4402);
#4402 = DEFINITIONAL_REPRESENTATION('',(#4403),#4407);
#4403 = LINE('',#4404,#4405);
#4404 = CARTESIAN_POINT('',(0.,0.));
#4405 = VECTOR('',#4406,1.);
#4406 = DIRECTION('',(0.,-1.));
#4407 = ( GEOMETRIC_REPRESENTATION_CONTEXT(2)
PARAMETRIC_REPRESENTATION_CONTEXT() REPRESENTATION_CONTEXT('2D SPACE',''
  ) );
#4408 = ORIENTED_EDGE('',*,*,#1545,.F.);
#4409 = ADVANCED_FACE('',(#4410),#1531,.T.);
#4410 = FACE_BOUND('',#4411,.T.);
#4411 = EDGE_LOOP('',(#4412,#4413,#4436,#4457));
#4412 = ORIENTED_EDGE('',*,*,#4388,.T.);
#4413 = ORIENTED_EDGE('',*,*,#4414,.T.);
#4414 = EDGE_CURVE('',#4366,#4415,#4417,.T.);
#4415 = VERTEX_POINT('',#4416);
#4416 = CARTESIAN_POINT('',(1.35,21.519102864583,-2.897102976481));
#4417 = SURFACE_CURVE('',#4418,(#4422,#4429),.PCURVE_S1.);
#4418 = B_SPLINE_CURVE_WITH_KNOTS('',2,(#4419,#4420,#4421),
  .UNSPECIFIED.,.F.,.F.,(3,3),(0.,1.),.PIECEWISE_BEZIER_KNOTS.);
#4419 = CARTESIAN_POINT('',(1.35,21.65,-2.308602976481));
#4420 = CARTESIAN_POINT('',(1.35,21.65,-2.693602976481));
#4421 = CARTESIAN_POINT('',(1.35,21.519102864583,-2.897102976481));
#4422 = PCURVE('',#1531,#4423);
#4423 = DEFINITIONAL_REPRESENTATION('',(#4424),#4428);
#4424 = LINE('',#4425,#4426);
#4425 = CARTESIAN_POINT('',(0.,-0.35));
#4426 = VECTOR('',#4427,1.);
#4427 = DIRECTION('',(1.,0.));
#4428 = ( GEOMETRIC_REPRESENTATION_CONTEXT(2)
PARAMETRIC_REPRESENTATION_CONTEXT() REPRESENTATION_CONTEXT('2D SPACE',''
  ) );
#4429 = PCURVE('',#4131,#4430);
#4430 = DEFINITIONAL_REPRESENTATION('',(#4431),#4435);
#4431 = B_SPLINE_CURVE_WITH_KNOTS('',2,(#4432,#4433,#4434),
  .UNSPECIFIED.,.F.,.F.,(3,3),(0.,1.),.PIECEWISE_BEZIER_KNOTS.);
#4432 = CARTESIAN_POINT('',(1.115397135417,0.741397135417));
#4433 = CARTESIAN_POINT('',(1.115397135417,0.356397135417));
#4434 = CARTESIAN_POINT('',(0.9845,0.152897135417));
#4435 = ( GEOMETRIC_REPRESENTATION_CONTEXT(2)
PARAMETRIC_REPRESENTATION_CONTEXT() REPRESENTATION_CONTEXT('2D SPACE',''
  ) );
#4436 = ORIENTED_EDGE('',*,*,#4437,.F.);
#4437 = EDGE_CURVE('',#1486,#4415,#4438,.T.);
#4438 = SURFACE_CURVE('',#4439,(#4443,#4450),.PCURVE_S1.);
#4439 = LINE('',#4440,#4441);
#4440 = CARTESIAN_POINT('',(1.,21.519102864583,-2.897102976481));
#4441 = VECTOR('',#4442,1.);
#4442 = DIRECTION('',(1.,0.,0.));
#4443 = PCURVE('',#1531,#4444);
#4444 = DEFINITIONAL_REPRESENTATION('',(#4445),#4449);
#4445 = LINE('',#4446,#4447);
#4446 = CARTESIAN_POINT('',(1.,0.));
#4447 = VECTOR('',#4448,1.);
#4448 = DIRECTION('',(0.,-1.));
#4449 = ( GEOMETRIC_REPRESENTATION_CONTEXT(2)
PARAMETRIC_REPRESENTATION_CONTEXT() REPRESENTATION_CONTEXT('2D SPACE',''
  ) );
#4450 = PCURVE('',#1501,#4451);
#4451 = DEFINITIONAL_REPRESENTATION('',(#4452),#4456);
#4452 = LINE('',#4453,#4454);
#4453 = CARTESIAN_POINT('',(0.,0.));
#4454 = VECTOR('',#4455,1.);
#4455 = DIRECTION('',(0.,-1.));
#4456 = ( GEOMETRIC_REPRESENTATION_CONTEXT(2)
PARAMETRIC_REPRESENTATION_CONTEXT() REPRESENTATION_CONTEXT('2D SPACE',''
  ) );
#4457 = ORIENTED_EDGE('',*,*,#1515,.F.);
#4458 = ADVANCED_FACE('',(#4459),#1501,.T.);
#4459 = FACE_BOUND('',#4460,.T.);
#4460 = EDGE_LOOP('',(#4461,#4462,#4485,#4506));
#4461 = ORIENTED_EDGE('',*,*,#4437,.T.);
#4462 = ORIENTED_EDGE('',*,*,#4463,.T.);
#4463 = EDGE_CURVE('',#4415,#4464,#4466,.T.);
#4464 = VERTEX_POINT('',#4465);
#4465 = CARTESIAN_POINT('',(1.35,21.139602864583,-3.100602976481));
#4466 = SURFACE_CURVE('',#4467,(#4471,#4478),.PCURVE_S1.);
#4467 = B_SPLINE_CURVE_WITH_KNOTS('',2,(#4468,#4469,#4470),
  .UNSPECIFIED.,.F.,.F.,(3,3),(0.,1.),.PIECEWISE_BEZIER_KNOTS.);
#4468 = CARTESIAN_POINT('',(1.35,21.519102864583,-2.897102976481));
#4469 = CARTESIAN_POINT('',(1.35,21.388205729167,-3.100602976481));
#4470 = CARTESIAN_POINT('',(1.35,21.139602864583,-3.100602976481));
#4471 = PCURVE('',#1501,#4472);
#4472 = DEFINITIONAL_REPRESENTATION('',(#4473),#4477);
#4473 = LINE('',#4474,#4475);
#4474 = CARTESIAN_POINT('',(0.,-0.35));
#4475 = VECTOR('',#4476,1.);
#4476 = DIRECTION('',(1.,0.));
#4477 = ( GEOMETRIC_REPRESENTATION_CONTEXT(2)
PARAMETRIC_REPRESENTATION_CONTEXT() REPRESENTATION_CONTEXT('2D SPACE',''
  ) );
#4478 = PCURVE('',#4131,#4479);
#4479 = DEFINITIONAL_REPRESENTATION('',(#4480),#4484);
#4480 = B_SPLINE_CURVE_WITH_KNOTS('',2,(#4481,#4482,#4483),
  .UNSPECIFIED.,.F.,.F.,(3,3),(0.,1.),.PIECEWISE_BEZIER_KNOTS.);
#4481 = CARTESIAN_POINT('',(0.9845,0.152897135417));
#4482 = CARTESIAN_POINT('',(0.853602864583,-5.060286458333E-02));
#4483 = CARTESIAN_POINT('',(0.605,-5.060286458333E-02));
#4484 = ( GEOMETRIC_REPRESENTATION_CONTEXT(2)
PARAMETRIC_REPRESENTATION_CONTEXT() REPRESENTATION_CONTEXT('2D SPACE',''
  ) );
#4485 = ORIENTED_EDGE('',*,*,#4486,.F.);
#4486 = EDGE_CURVE('',#1456,#4464,#4487,.T.);
#4487 = SURFACE_CURVE('',#4488,(#4492,#4499),.PCURVE_S1.);
#4488 = LINE('',#4489,#4490);
#4489 = CARTESIAN_POINT('',(1.,21.139602864583,-3.100602976481));
#4490 = VECTOR('',#4491,1.);
#4491 = DIRECTION('',(1.,0.,0.));
#4492 = PCURVE('',#1501,#4493);
#4493 = DEFINITIONAL_REPRESENTATION('',(#4494),#4498);
#4494 = LINE('',#4495,#4496);
#4495 = CARTESIAN_POINT('',(1.,0.));
#4496 = VECTOR('',#4497,1.);
#4497 = DIRECTION('',(0.,-1.));
#4498 = ( GEOMETRIC_REPRESENTATION_CONTEXT(2)
PARAMETRIC_REPRESENTATION_CONTEXT() REPRESENTATION_CONTEXT('2D SPACE',''
  ) );
#4499 = PCURVE('',#1471,#4500);
#4500 = DEFINITIONAL_REPRESENTATION('',(#4501),#4505);
#4501 = LINE('',#4502,#4503);
#4502 = CARTESIAN_POINT('',(0.,0.));
#4503 = VECTOR('',#4504,1.);
#4504 = DIRECTION('',(0.,-1.));
#4505 = ( GEOMETRIC_REPRESENTATION_CONTEXT(2)
PARAMETRIC_REPRESENTATION_CONTEXT() REPRESENTATION_CONTEXT('2D SPACE',''
  ) );
#4506 = ORIENTED_EDGE('',*,*,#1485,.F.);
#4507 = ADVANCED_FACE('',(#4508),#1471,.T.);
#4508 = FACE_BOUND('',#4509,.T.);
#4509 = EDGE_LOOP('',(#4510,#4511,#4534,#4555));
#4510 = ORIENTED_EDGE('',*,*,#4486,.T.);
#4511 = ORIENTED_EDGE('',*,*,#4512,.T.);
#4512 = EDGE_CURVE('',#4464,#4513,#4515,.T.);
#4513 = VERTEX_POINT('',#4514);
#4514 = CARTESIAN_POINT('',(1.35,20.759003580729,-2.894900828044));
#4515 = SURFACE_CURVE('',#4516,(#4520,#4527),.PCURVE_S1.);
#4516 = B_SPLINE_CURVE_WITH_KNOTS('',2,(#4517,#4518,#4519),
  .UNSPECIFIED.,.F.,.F.,(3,3),(0.,1.),.PIECEWISE_BEZIER_KNOTS.);
#4517 = CARTESIAN_POINT('',(1.35,21.139602864583,-3.100602976481));
#4518 = CARTESIAN_POINT('',(1.35,20.888801432292,-3.100602976481));
#4519 = CARTESIAN_POINT('',(1.35,20.759003580729,-2.894900828044));
#4520 = PCURVE('',#1471,#4521);
#4521 = DEFINITIONAL_REPRESENTATION('',(#4522),#4526);
#4522 = LINE('',#4523,#4524);
#4523 = CARTESIAN_POINT('',(0.,-0.35));
#4524 = VECTOR('',#4525,1.);
#4525 = DIRECTION('',(1.,0.));
#4526 = ( GEOMETRIC_REPRESENTATION_CONTEXT(2)
PARAMETRIC_REPRESENTATION_CONTEXT() REPRESENTATION_CONTEXT('2D SPACE',''
  ) );
#4527 = PCURVE('',#4131,#4528);
#4528 = DEFINITIONAL_REPRESENTATION('',(#4529),#4533);
#4529 = B_SPLINE_CURVE_WITH_KNOTS('',2,(#4530,#4531,#4532),
  .UNSPECIFIED.,.F.,.F.,(3,3),(0.,1.),.PIECEWISE_BEZIER_KNOTS.);
#4530 = CARTESIAN_POINT('',(0.605,-5.060286458333E-02));
#4531 = CARTESIAN_POINT('',(0.354198567708,-5.060286458333E-02));
#4532 = CARTESIAN_POINT('',(0.224400716146,0.155099283854));
#4533 = ( GEOMETRIC_REPRESENTATION_CONTEXT(2)
PARAMETRIC_REPRESENTATION_CONTEXT() REPRESENTATION_CONTEXT('2D SPACE',''
  ) );
#4534 = ORIENTED_EDGE('',*,*,#4535,.F.);
#4535 = EDGE_CURVE('',#1426,#4513,#4536,.T.);
#4536 = SURFACE_CURVE('',#4537,(#4541,#4548),.PCURVE_S1.);
#4537 = LINE('',#4538,#4539);
#4538 = CARTESIAN_POINT('',(1.,20.759003580729,-2.894900828044));
#4539 = VECTOR('',#4540,1.);
#4540 = DIRECTION('',(1.,0.,0.));
#4541 = PCURVE('',#1471,#4542);
#4542 = DEFINITIONAL_REPRESENTATION('',(#4543),#4547);
#4543 = LINE('',#4544,#4545);
#4544 = CARTESIAN_POINT('',(1.,0.));
#4545 = VECTOR('',#4546,1.);
#4546 = DIRECTION('',(0.,-1.));
#4547 = ( GEOMETRIC_REPRESENTATION_CONTEXT(2)
PARAMETRIC_REPRESENTATION_CONTEXT() REPRESENTATION_CONTEXT('2D SPACE',''
  ) );
#4548 = PCURVE('',#1441,#4549);
#4549 = DEFINITIONAL_REPRESENTATION('',(#4550),#4554);
#4550 = LINE('',#4551,#4552);
#4551 = CARTESIAN_POINT('',(0.,0.));
#4552 = VECTOR('',#4553,1.);
#4553 = DIRECTION('',(0.,-1.));
#4554 = ( GEOMETRIC_REPRESENTATION_CONTEXT(2)
PARAMETRIC_REPRESENTATION_CONTEXT() REPRESENTATION_CONTEXT('2D SPACE',''
  ) );
#4555 = ORIENTED_EDGE('',*,*,#1455,.F.);
#4556 = ADVANCED_FACE('',(#4557),#1441,.T.);
#4557 = FACE_BOUND('',#4558,.T.);
#4558 = EDGE_LOOP('',(#4559,#4560,#4581,#4582));
#4559 = ORIENTED_EDGE('',*,*,#4535,.T.);
#4560 = ORIENTED_EDGE('',*,*,#4561,.T.);
#4561 = EDGE_CURVE('',#4513,#4093,#4562,.T.);
#4562 = SURFACE_CURVE('',#4563,(#4567,#4574),.PCURVE_S1.);
#4563 = B_SPLINE_CURVE_WITH_KNOTS('',2,(#4564,#4565,#4566),
  .UNSPECIFIED.,.F.,.F.,(3,3),(0.,1.),.PIECEWISE_BEZIER_KNOTS.);
#4564 = CARTESIAN_POINT('',(1.35,20.759003580729,-2.894900828044));
#4565 = CARTESIAN_POINT('',(1.35,20.629205729167,-2.689198679606));
#4566 = CARTESIAN_POINT('',(1.35,20.629205729167,-2.295397247314));
#4567 = PCURVE('',#1441,#4568);
#4568 = DEFINITIONAL_REPRESENTATION('',(#4569),#4573);
#4569 = LINE('',#4570,#4571);
#4570 = CARTESIAN_POINT('',(0.,-0.35));
#4571 = VECTOR('',#4572,1.);
#4572 = DIRECTION('',(1.,0.));
#4573 = ( GEOMETRIC_REPRESENTATION_CONTEXT(2)
PARAMETRIC_REPRESENTATION_CONTEXT() REPRESENTATION_CONTEXT('2D SPACE',''
  ) );
#4574 = PCURVE('',#4131,#4575);
#4575 = DEFINITIONAL_REPRESENTATION('',(#4576),#4580);
#4576 = B_SPLINE_CURVE_WITH_KNOTS('',2,(#4577,#4578,#4579),
  .UNSPECIFIED.,.F.,.F.,(3,3),(0.,1.),.PIECEWISE_BEZIER_KNOTS.);
#4577 = CARTESIAN_POINT('',(0.224400716146,0.155099283854));
#4578 = CARTESIAN_POINT('',(9.460286458333E-02,0.360801432292));
#4579 = CARTESIAN_POINT('',(9.460286458333E-02,0.754602864583));
#4580 = ( GEOMETRIC_REPRESENTATION_CONTEXT(2)
PARAMETRIC_REPRESENTATION_CONTEXT() REPRESENTATION_CONTEXT('2D SPACE',''
  ) );
#4581 = ORIENTED_EDGE('',*,*,#4092,.F.);
#4582 = ORIENTED_EDGE('',*,*,#1425,.F.);
#4583 = ADVANCED_FACE('',(#4584),#1713,.T.);
#4584 = FACE_BOUND('',#4585,.T.);
#4585 = EDGE_LOOP('',(#4586,#4609,#4637,#4658));
#4586 = ORIENTED_EDGE('',*,*,#4587,.T.);
#4587 = EDGE_CURVE('',#1696,#4588,#4590,.T.);
#4588 = VERTEX_POINT('',#4589);
#4589 = CARTESIAN_POINT('',(1.35,19.903198567708,-2.363602976481));
#4590 = SURFACE_CURVE('',#4591,(#4595,#4602),.PCURVE_S1.);
#4591 = LINE('',#4592,#4593);
#4592 = CARTESIAN_POINT('',(1.,19.903198567708,-2.363602976481));
#4593 = VECTOR('',#4594,1.);
#4594 = DIRECTION('',(1.,0.,0.));
#4595 = PCURVE('',#1713,#4596);
#4596 = DEFINITIONAL_REPRESENTATION('',(#4597),#4601);
#4597 = LINE('',#4598,#4599);
#4598 = CARTESIAN_POINT('',(0.,0.));
#4599 = VECTOR('',#4600,1.);
#4600 = DIRECTION('',(0.,-1.));
#4601 = ( GEOMETRIC_REPRESENTATION_CONTEXT(2)
PARAMETRIC_REPRESENTATION_CONTEXT() REPRESENTATION_CONTEXT('2D SPACE',''
  ) );
#4602 = PCURVE('',#1741,#4603);
#4603 = DEFINITIONAL_REPRESENTATION('',(#4604),#4608);
#4604 = LINE('',#4605,#4606);
#4605 = CARTESIAN_POINT('',(0.158397135417,0.));
#4606 = VECTOR('',#4607,1.);
#4607 = DIRECTION('',(0.,-1.));
#4608 = ( GEOMETRIC_REPRESENTATION_CONTEXT(2)
PARAMETRIC_REPRESENTATION_CONTEXT() REPRESENTATION_CONTEXT('2D SPACE',''
  ) );
#4609 = ORIENTED_EDGE('',*,*,#4610,.T.);
#4610 = EDGE_CURVE('',#4588,#4611,#4613,.T.);
#4611 = VERTEX_POINT('',#4612);
#4612 = CARTESIAN_POINT('',(1.35,20.433397135417,-2.363602976481));
#4613 = SURFACE_CURVE('',#4614,(#4618,#4625),.PCURVE_S1.);
#4614 = LINE('',#4615,#4616);
#4615 = CARTESIAN_POINT('',(1.35,19.903198567708,-2.363602976481));
#4616 = VECTOR('',#4617,1.);
#4617 = DIRECTION('',(0.,1.,0.));
#4618 = PCURVE('',#1713,#4619);
#4619 = DEFINITIONAL_REPRESENTATION('',(#4620),#4624);
#4620 = LINE('',#4621,#4622);
#4621 = CARTESIAN_POINT('',(0.,-0.35));
#4622 = VECTOR('',#4623,1.);
#4623 = DIRECTION('',(1.,0.));
#4624 = ( GEOMETRIC_REPRESENTATION_CONTEXT(2)
PARAMETRIC_REPRESENTATION_CONTEXT() REPRESENTATION_CONTEXT('2D SPACE',''
  ) );
#4625 = PCURVE('',#4626,#4631);
#4626 = PLANE('',#4627);
#4627 = AXIS2_PLACEMENT_3D('',#4628,#4629,#4630);
#4628 = CARTESIAN_POINT('',(1.35,19.802,-3.050000111898));
#4629 = DIRECTION('',(1.,0.,0.));
#4630 = DIRECTION('',(0.,1.,0.));
#4631 = DEFINITIONAL_REPRESENTATION('',(#4632),#4636);
#4632 = LINE('',#4633,#4634);
#4633 = CARTESIAN_POINT('',(0.101198567708,0.686397135417));
#4634 = VECTOR('',#4635,1.);
#4635 = DIRECTION('',(1.,0.));
#4636 = ( GEOMETRIC_REPRESENTATION_CONTEXT(2)
PARAMETRIC_REPRESENTATION_CONTEXT() REPRESENTATION_CONTEXT('2D SPACE',''
  ) );
#4637 = ORIENTED_EDGE('',*,*,#4638,.F.);
#4638 = EDGE_CURVE('',#1698,#4611,#4639,.T.);
#4639 = SURFACE_CURVE('',#4640,(#4644,#4651),.PCURVE_S1.);
#4640 = LINE('',#4641,#4642);
#4641 = CARTESIAN_POINT('',(1.,20.433397135417,-2.363602976481));
#4642 = VECTOR('',#4643,1.);
#4643 = DIRECTION('',(1.,0.,0.));
#4644 = PCURVE('',#1713,#4645);
#4645 = DEFINITIONAL_REPRESENTATION('',(#4646),#4650);
#4646 = LINE('',#4647,#4648);
#4647 = CARTESIAN_POINT('',(0.530198567708,0.));
#4648 = VECTOR('',#4649,1.);
#4649 = DIRECTION('',(0.,-1.));
#4650 = ( GEOMETRIC_REPRESENTATION_CONTEXT(2)
PARAMETRIC_REPRESENTATION_CONTEXT() REPRESENTATION_CONTEXT('2D SPACE',''
  ) );
#4651 = PCURVE('',#1795,#4652);
#4652 = DEFINITIONAL_REPRESENTATION('',(#4653),#4657);
#4653 = LINE('',#4654,#4655);
#4654 = CARTESIAN_POINT('',(0.,0.));
#4655 = VECTOR('',#4656,1.);
#4656 = DIRECTION('',(0.,-1.));
#4657 = ( GEOMETRIC_REPRESENTATION_CONTEXT(2)
PARAMETRIC_REPRESENTATION_CONTEXT() REPRESENTATION_CONTEXT('2D SPACE',''
  ) );
#4658 = ORIENTED_EDGE('',*,*,#1695,.F.);
#4659 = ADVANCED_FACE('',(#4660),#1795,.T.);
#4660 = FACE_BOUND('',#4661,.T.);
#4661 = EDGE_LOOP('',(#4662,#4663,#4686,#4707));
#4662 = ORIENTED_EDGE('',*,*,#4638,.T.);
#4663 = ORIENTED_EDGE('',*,*,#4664,.T.);
#4664 = EDGE_CURVE('',#4611,#4665,#4667,.T.);
#4665 = VERTEX_POINT('',#4666);
#4666 = CARTESIAN_POINT('',(1.35,20.433397135417,-2.522000111898));
#4667 = SURFACE_CURVE('',#4668,(#4672,#4679),.PCURVE_S1.);
#4668 = LINE('',#4669,#4670);
#4669 = CARTESIAN_POINT('',(1.35,20.433397135417,-2.363602976481));
#4670 = VECTOR('',#4671,1.);
#4671 = DIRECTION('',(0.,0.,-1.));
#4672 = PCURVE('',#1795,#4673);
#4673 = DEFINITIONAL_REPRESENTATION('',(#4674),#4678);
#4674 = LINE('',#4675,#4676);
#4675 = CARTESIAN_POINT('',(0.,-0.35));
#4676 = VECTOR('',#4677,1.);
#4677 = DIRECTION('',(1.,0.));
#4678 = ( GEOMETRIC_REPRESENTATION_CONTEXT(2)
PARAMETRIC_REPRESENTATION_CONTEXT() REPRESENTATION_CONTEXT('2D SPACE',''
  ) );
#4679 = PCURVE('',#4626,#4680);
#4680 = DEFINITIONAL_REPRESENTATION('',(#4681),#4685);
#4681 = LINE('',#4682,#4683);
#4682 = CARTESIAN_POINT('',(0.631397135417,0.686397135417));
#4683 = VECTOR('',#4684,1.);
#4684 = DIRECTION('',(0.,-1.));
#4685 = ( GEOMETRIC_REPRESENTATION_CONTEXT(2)
PARAMETRIC_REPRESENTATION_CONTEXT() REPRESENTATION_CONTEXT('2D SPACE',''
  ) );
#4686 = ORIENTED_EDGE('',*,*,#4687,.F.);
#4687 = EDGE_CURVE('',#1754,#4665,#4688,.T.);
#4688 = SURFACE_CURVE('',#4689,(#4693,#4700),.PCURVE_S1.);
#4689 = LINE('',#4690,#4691);
#4690 = CARTESIAN_POINT('',(1.,20.433397135417,-2.522000111898));
#4691 = VECTOR('',#4692,1.);
#4692 = DIRECTION('',(1.,0.,0.));
#4693 = PCURVE('',#1795,#4694);
#4694 = DEFINITIONAL_REPRESENTATION('',(#4695),#4699);
#4695 = LINE('',#4696,#4697);
#4696 = CARTESIAN_POINT('',(0.158397135417,0.));
#4697 = VECTOR('',#4698,1.);
#4698 = DIRECTION('',(0.,-1.));
#4699 = ( GEOMETRIC_REPRESENTATION_CONTEXT(2)
PARAMETRIC_REPRESENTATION_CONTEXT() REPRESENTATION_CONTEXT('2D SPACE',''
  ) );
#4700 = PCURVE('',#1769,#4701);
#4701 = DEFINITIONAL_REPRESENTATION('',(#4702),#4706);
#4702 = LINE('',#4703,#4704);
#4703 = CARTESIAN_POINT('',(0.,-0.));
#4704 = VECTOR('',#4705,1.);
#4705 = DIRECTION('',(0.,-1.));
#4706 = ( GEOMETRIC_REPRESENTATION_CONTEXT(2)
PARAMETRIC_REPRESENTATION_CONTEXT() REPRESENTATION_CONTEXT('2D SPACE',''
  ) );
#4707 = ORIENTED_EDGE('',*,*,#1781,.F.);
#4708 = ADVANCED_FACE('',(#4709),#1769,.T.);
#4709 = FACE_BOUND('',#4710,.T.);
#4710 = EDGE_LOOP('',(#4711,#4712,#4735,#4756));
#4711 = ORIENTED_EDGE('',*,*,#4687,.T.);
#4712 = ORIENTED_EDGE('',*,*,#4713,.T.);
#4713 = EDGE_CURVE('',#4665,#4714,#4716,.T.);
#4714 = VERTEX_POINT('',#4715);
#4715 = CARTESIAN_POINT('',(1.35,19.903198567708,-2.522000111898));
#4716 = SURFACE_CURVE('',#4717,(#4721,#4728),.PCURVE_S1.);
#4717 = LINE('',#4718,#4719);
#4718 = CARTESIAN_POINT('',(1.35,20.433397135417,-2.522000111898));
#4719 = VECTOR('',#4720,1.);
#4720 = DIRECTION('',(0.,-1.,0.));
#4721 = PCURVE('',#1769,#4722);
#4722 = DEFINITIONAL_REPRESENTATION('',(#4723),#4727);
#4723 = LINE('',#4724,#4725);
#4724 = CARTESIAN_POINT('',(0.,-0.35));
#4725 = VECTOR('',#4726,1.);
#4726 = DIRECTION('',(1.,0.));
#4727 = ( GEOMETRIC_REPRESENTATION_CONTEXT(2)
PARAMETRIC_REPRESENTATION_CONTEXT() REPRESENTATION_CONTEXT('2D SPACE',''
  ) );
#4728 = PCURVE('',#4626,#4729);
#4729 = DEFINITIONAL_REPRESENTATION('',(#4730),#4734);
#4730 = LINE('',#4731,#4732);
#4731 = CARTESIAN_POINT('',(0.631397135417,0.528));
#4732 = VECTOR('',#4733,1.);
#4733 = DIRECTION('',(-1.,0.));
#4734 = ( GEOMETRIC_REPRESENTATION_CONTEXT(2)
PARAMETRIC_REPRESENTATION_CONTEXT() REPRESENTATION_CONTEXT('2D SPACE',''
  ) );
#4735 = ORIENTED_EDGE('',*,*,#4736,.F.);
#4736 = EDGE_CURVE('',#1726,#4714,#4737,.T.);
#4737 = SURFACE_CURVE('',#4738,(#4742,#4749),.PCURVE_S1.);
#4738 = LINE('',#4739,#4740);
#4739 = CARTESIAN_POINT('',(1.,19.903198567708,-2.522000111898));
#4740 = VECTOR('',#4741,1.);
#4741 = DIRECTION('',(1.,0.,0.));
#4742 = PCURVE('',#1769,#4743);
#4743 = DEFINITIONAL_REPRESENTATION('',(#4744),#4748);
#4744 = LINE('',#4745,#4746);
#4745 = CARTESIAN_POINT('',(0.530198567708,0.));
#4746 = VECTOR('',#4747,1.);
#4747 = DIRECTION('',(0.,-1.));
#4748 = ( GEOMETRIC_REPRESENTATION_CONTEXT(2)
PARAMETRIC_REPRESENTATION_CONTEXT() REPRESENTATION_CONTEXT('2D SPACE',''
  ) );
#4749 = PCURVE('',#1741,#4750);
#4750 = DEFINITIONAL_REPRESENTATION('',(#4751),#4755);
#4751 = LINE('',#4752,#4753);
#4752 = CARTESIAN_POINT('',(0.,0.));
#4753 = VECTOR('',#4754,1.);
#4754 = DIRECTION('',(0.,-1.));
#4755 = ( GEOMETRIC_REPRESENTATION_CONTEXT(2)
PARAMETRIC_REPRESENTATION_CONTEXT() REPRESENTATION_CONTEXT('2D SPACE',''
  ) );
#4756 = ORIENTED_EDGE('',*,*,#1753,.F.);
#4757 = ADVANCED_FACE('',(#4758),#1741,.T.);
#4758 = FACE_BOUND('',#4759,.T.);
#4759 = EDGE_LOOP('',(#4760,#4761,#4782,#4783));
#4760 = ORIENTED_EDGE('',*,*,#4736,.T.);
#4761 = ORIENTED_EDGE('',*,*,#4762,.T.);
#4762 = EDGE_CURVE('',#4714,#4588,#4763,.T.);
#4763 = SURFACE_CURVE('',#4764,(#4768,#4775),.PCURVE_S1.);
#4764 = LINE('',#4765,#4766);
#4765 = CARTESIAN_POINT('',(1.35,19.903198567708,-2.522000111898));
#4766 = VECTOR('',#4767,1.);
#4767 = DIRECTION('',(0.,0.,1.));
#4768 = PCURVE('',#1741,#4769);
#4769 = DEFINITIONAL_REPRESENTATION('',(#4770),#4774);
#4770 = LINE('',#4771,#4772);
#4771 = CARTESIAN_POINT('',(0.,-0.35));
#4772 = VECTOR('',#4773,1.);
#4773 = DIRECTION('',(1.,0.));
#4774 = ( GEOMETRIC_REPRESENTATION_CONTEXT(2)
PARAMETRIC_REPRESENTATION_CONTEXT() REPRESENTATION_CONTEXT('2D SPACE',''
  ) );
#4775 = PCURVE('',#4626,#4776);
#4776 = DEFINITIONAL_REPRESENTATION('',(#4777),#4781);
#4777 = LINE('',#4778,#4779);
#4778 = CARTESIAN_POINT('',(0.101198567708,0.528));
#4779 = VECTOR('',#4780,1.);
#4780 = DIRECTION('',(0.,1.));
#4781 = ( GEOMETRIC_REPRESENTATION_CONTEXT(2)
PARAMETRIC_REPRESENTATION_CONTEXT() REPRESENTATION_CONTEXT('2D SPACE',''
  ) );
#4782 = ORIENTED_EDGE('',*,*,#4587,.F.);
#4783 = ORIENTED_EDGE('',*,*,#1725,.F.);
#4784 = ADVANCED_FACE('',(#4785),#1827,.T.);
#4785 = FACE_BOUND('',#4786,.T.);
#4786 = EDGE_LOOP('',(#4787,#4810,#4838,#4859));
#4787 = ORIENTED_EDGE('',*,*,#4788,.T.);
#4788 = EDGE_CURVE('',#1810,#4789,#4791,.T.);
#4789 = VERTEX_POINT('',#4790);
#4790 = CARTESIAN_POINT('',(1.35,19.148602864583,-3.050000111898));
#4791 = SURFACE_CURVE('',#4792,(#4796,#4803),.PCURVE_S1.);
#4792 = LINE('',#4793,#4794);
#4793 = CARTESIAN_POINT('',(1.,19.148602864583,-3.050000111898));
#4794 = VECTOR('',#4795,1.);
#4795 = DIRECTION('',(1.,0.,0.));
#4796 = PCURVE('',#1827,#4797);
#4797 = DEFINITIONAL_REPRESENTATION('',(#4798),#4802);
#4798 = LINE('',#4799,#4800);
#4799 = CARTESIAN_POINT('',(0.,0.));
#4800 = VECTOR('',#4801,1.);
#4801 = DIRECTION('',(0.,-1.));
#4802 = ( GEOMETRIC_REPRESENTATION_CONTEXT(2)
PARAMETRIC_REPRESENTATION_CONTEXT() REPRESENTATION_CONTEXT('2D SPACE',''
  ) );
#4803 = PCURVE('',#1855,#4804);
#4804 = DEFINITIONAL_REPRESENTATION('',(#4805),#4809);
#4805 = LINE('',#4806,#4807);
#4806 = CARTESIAN_POINT('',(0.193595703125,0.));
#4807 = VECTOR('',#4808,1.);
#4808 = DIRECTION('',(0.,-1.));
#4809 = ( GEOMETRIC_REPRESENTATION_CONTEXT(2)
PARAMETRIC_REPRESENTATION_CONTEXT() REPRESENTATION_CONTEXT('2D SPACE',''
  ) );
#4810 = ORIENTED_EDGE('',*,*,#4811,.T.);
#4811 = EDGE_CURVE('',#4789,#4812,#4814,.T.);
#4812 = VERTEX_POINT('',#4813);
#4813 = CARTESIAN_POINT('',(1.35,19.148602864583,-1.939000111898));
#4814 = SURFACE_CURVE('',#4815,(#4819,#4826),.PCURVE_S1.);
#4815 = LINE('',#4816,#4817);
#4816 = CARTESIAN_POINT('',(1.35,19.148602864583,-3.050000111898));
#4817 = VECTOR('',#4818,1.);
#4818 = DIRECTION('',(0.,0.,1.));
#4819 = PCURVE('',#1827,#4820);
#4820 = DEFINITIONAL_REPRESENTATION('',(#4821),#4825);
#4821 = LINE('',#4822,#4823);
#4822 = CARTESIAN_POINT('',(0.,-0.35));
#4823 = VECTOR('',#4824,1.);
#4824 = DIRECTION('',(1.,0.));
#4825 = ( GEOMETRIC_REPRESENTATION_CONTEXT(2)
PARAMETRIC_REPRESENTATION_CONTEXT() REPRESENTATION_CONTEXT('2D SPACE',''
  ) );
#4826 = PCURVE('',#4827,#4832);
#4827 = PLANE('',#4828);
#4828 = AXIS2_PLACEMENT_3D('',#4829,#4830,#4831);
#4829 = CARTESIAN_POINT('',(1.35,18.578801432292,-3.050000111898));
#4830 = DIRECTION('',(1.,0.,0.));
#4831 = DIRECTION('',(0.,1.,0.));
#4832 = DEFINITIONAL_REPRESENTATION('',(#4833),#4837);
#4833 = LINE('',#4834,#4835);
#4834 = CARTESIAN_POINT('',(0.569801432292,0.));
#4835 = VECTOR('',#4836,1.);
#4836 = DIRECTION('',(0.,1.));
#4837 = ( GEOMETRIC_REPRESENTATION_CONTEXT(2)
PARAMETRIC_REPRESENTATION_CONTEXT() REPRESENTATION_CONTEXT('2D SPACE',''
  ) );
#4838 = ORIENTED_EDGE('',*,*,#4839,.F.);
#4839 = EDGE_CURVE('',#1812,#4812,#4840,.T.);
#4840 = SURFACE_CURVE('',#4841,(#4845,#4852),.PCURVE_S1.);
#4841 = LINE('',#4842,#4843);
#4842 = CARTESIAN_POINT('',(1.,19.148602864583,-1.939000111898));
#4843 = VECTOR('',#4844,1.);
#4844 = DIRECTION('',(1.,0.,0.));
#4845 = PCURVE('',#1827,#4846);
#4846 = DEFINITIONAL_REPRESENTATION('',(#4847),#4851);
#4847 = LINE('',#4848,#4849);
#4848 = CARTESIAN_POINT('',(1.111,0.));
#4849 = VECTOR('',#4850,1.);
#4850 = DIRECTION('',(0.,-1.));
#4851 = ( GEOMETRIC_REPRESENTATION_CONTEXT(2)
PARAMETRIC_REPRESENTATION_CONTEXT() REPRESENTATION_CONTEXT('2D SPACE',''
  ) );
#4852 = PCURVE('',#2025,#4853);
#4853 = DEFINITIONAL_REPRESENTATION('',(#4854),#4858);
#4854 = LINE('',#4855,#4856);
#4855 = CARTESIAN_POINT('',(0.,-0.));
#4856 = VECTOR('',#4857,1.);
#4857 = DIRECTION('',(0.,-1.));
#4858 = ( GEOMETRIC_REPRESENTATION_CONTEXT(2)
PARAMETRIC_REPRESENTATION_CONTEXT() REPRESENTATION_CONTEXT('2D SPACE',''
  ) );
#4859 = ORIENTED_EDGE('',*,*,#1809,.F.);
#4860 = ADVANCED_FACE('',(#4861),#2025,.T.);
#4861 = FACE_BOUND('',#4862,.T.);
#4862 = EDGE_LOOP('',(#4863,#4864,#4887,#4908));
#4863 = ORIENTED_EDGE('',*,*,#4839,.T.);
#4864 = ORIENTED_EDGE('',*,*,#4865,.T.);
#4865 = EDGE_CURVE('',#4812,#4866,#4868,.T.);
#4866 = VERTEX_POINT('',#4867);
#4867 = CARTESIAN_POINT('',(1.35,18.803198567708,-1.939000111898));
#4868 = SURFACE_CURVE('',#4869,(#4873,#4880),.PCURVE_S1.);
#4869 = LINE('',#4870,#4871);
#4870 = CARTESIAN_POINT('',(1.35,19.148602864583,-1.939000111898));
#4871 = VECTOR('',#4872,1.);
#4872 = DIRECTION('',(0.,-1.,0.));
#4873 = PCURVE('',#2025,#4874);
#4874 = DEFINITIONAL_REPRESENTATION('',(#4875),#4879);
#4875 = LINE('',#4876,#4877);
#4876 = CARTESIAN_POINT('',(0.,-0.35));
#4877 = VECTOR('',#4878,1.);
#4878 = DIRECTION('',(1.,0.));
#4879 = ( GEOMETRIC_REPRESENTATION_CONTEXT(2)
PARAMETRIC_REPRESENTATION_CONTEXT() REPRESENTATION_CONTEXT('2D SPACE',''
  ) );
#4880 = PCURVE('',#4827,#4881);
#4881 = DEFINITIONAL_REPRESENTATION('',(#4882),#4886);
#4882 = LINE('',#4883,#4884);
#4883 = CARTESIAN_POINT('',(0.569801432292,1.111));
#4884 = VECTOR('',#4885,1.);
#4885 = DIRECTION('',(-1.,0.));
#4886 = ( GEOMETRIC_REPRESENTATION_CONTEXT(2)
PARAMETRIC_REPRESENTATION_CONTEXT() REPRESENTATION_CONTEXT('2D SPACE',''
  ) );
#4887 = ORIENTED_EDGE('',*,*,#4888,.F.);
#4888 = EDGE_CURVE('',#1984,#4866,#4889,.T.);
#4889 = SURFACE_CURVE('',#4890,(#4894,#4901),.PCURVE_S1.);
#4890 = LINE('',#4891,#4892);
#4891 = CARTESIAN_POINT('',(1.,18.803198567708,-1.939000111898));
#4892 = VECTOR('',#4893,1.);
#4893 = DIRECTION('',(1.,0.,0.));
#4894 = PCURVE('',#2025,#4895);
#4895 = DEFINITIONAL_REPRESENTATION('',(#4896),#4900);
#4896 = LINE('',#4897,#4898);
#4897 = CARTESIAN_POINT('',(0.345404296875,0.));
#4898 = VECTOR('',#4899,1.);
#4899 = DIRECTION('',(0.,-1.));
#4900 = ( GEOMETRIC_REPRESENTATION_CONTEXT(2)
PARAMETRIC_REPRESENTATION_CONTEXT() REPRESENTATION_CONTEXT('2D SPACE',''
  ) );
#4901 = PCURVE('',#1999,#4902);
#4902 = DEFINITIONAL_REPRESENTATION('',(#4903),#4907);
#4903 = LINE('',#4904,#4905);
#4904 = CARTESIAN_POINT('',(0.,0.));
#4905 = VECTOR('',#4906,1.);
#4906 = DIRECTION('',(0.,-1.));
#4907 = ( GEOMETRIC_REPRESENTATION_CONTEXT(2)
PARAMETRIC_REPRESENTATION_CONTEXT() REPRESENTATION_CONTEXT('2D SPACE',''
  ) );
#4908 = ORIENTED_EDGE('',*,*,#2011,.F.);
#4909 = ADVANCED_FACE('',(#4910),#1999,.T.);
#4910 = FACE_BOUND('',#4911,.T.);
#4911 = EDGE_LOOP('',(#4912,#4913,#4936,#4957));
#4912 = ORIENTED_EDGE('',*,*,#4888,.T.);
#4913 = ORIENTED_EDGE('',*,*,#4914,.T.);
#4914 = EDGE_CURVE('',#4866,#4915,#4917,.T.);
#4915 = VERTEX_POINT('',#4916);
#4916 = CARTESIAN_POINT('',(1.35,18.803198567708,-1.800397247314));
#4917 = SURFACE_CURVE('',#4918,(#4922,#4929),.PCURVE_S1.);
#4918 = LINE('',#4919,#4920);
#4919 = CARTESIAN_POINT('',(1.35,18.803198567708,-1.939000111898));
#4920 = VECTOR('',#4921,1.);
#4921 = DIRECTION('',(0.,0.,1.));
#4922 = PCURVE('',#1999,#4923);
#4923 = DEFINITIONAL_REPRESENTATION('',(#4924),#4928);
#4924 = LINE('',#4925,#4926);
#4925 = CARTESIAN_POINT('',(0.,-0.35));
#4926 = VECTOR('',#4927,1.);
#4927 = DIRECTION('',(1.,0.));
#4928 = ( GEOMETRIC_REPRESENTATION_CONTEXT(2)
PARAMETRIC_REPRESENTATION_CONTEXT() REPRESENTATION_CONTEXT('2D SPACE',''
  ) );
#4929 = PCURVE('',#4827,#4930);
#4930 = DEFINITIONAL_REPRESENTATION('',(#4931),#4935);
#4931 = LINE('',#4932,#4933);
#4932 = CARTESIAN_POINT('',(0.224397135417,1.111));
#4933 = VECTOR('',#4934,1.);
#4934 = DIRECTION('',(0.,1.));
#4935 = ( GEOMETRIC_REPRESENTATION_CONTEXT(2)
PARAMETRIC_REPRESENTATION_CONTEXT() REPRESENTATION_CONTEXT('2D SPACE',''
  ) );
#4936 = ORIENTED_EDGE('',*,*,#4937,.F.);
#4937 = EDGE_CURVE('',#1954,#4915,#4938,.T.);
#4938 = SURFACE_CURVE('',#4939,(#4943,#4950),.PCURVE_S1.);
#4939 = LINE('',#4940,#4941);
#4940 = CARTESIAN_POINT('',(1.,18.803198567708,-1.800397247314));
#4941 = VECTOR('',#4942,1.);
#4942 = DIRECTION('',(1.,0.,0.));
#4943 = PCURVE('',#1999,#4944);
#4944 = DEFINITIONAL_REPRESENTATION('',(#4945),#4949);
#4945 = LINE('',#4946,#4947);
#4946 = CARTESIAN_POINT('',(0.138602864583,0.));
#4947 = VECTOR('',#4948,1.);
#4948 = DIRECTION('',(0.,-1.));
#4949 = ( GEOMETRIC_REPRESENTATION_CONTEXT(2)
PARAMETRIC_REPRESENTATION_CONTEXT() REPRESENTATION_CONTEXT('2D SPACE',''
  ) );
#4950 = PCURVE('',#1969,#4951);
#4951 = DEFINITIONAL_REPRESENTATION('',(#4952),#4956);
#4952 = LINE('',#4953,#4954);
#4953 = CARTESIAN_POINT('',(0.,0.));
#4954 = VECTOR('',#4955,1.);
#4955 = DIRECTION('',(0.,-1.));
#4956 = ( GEOMETRIC_REPRESENTATION_CONTEXT(2)
PARAMETRIC_REPRESENTATION_CONTEXT() REPRESENTATION_CONTEXT('2D SPACE',''
  ) );
#4957 = ORIENTED_EDGE('',*,*,#1983,.F.);
#4958 = ADVANCED_FACE('',(#4959),#1969,.T.);
#4959 = FACE_BOUND('',#4960,.T.);
#4960 = EDGE_LOOP('',(#4961,#4962,#4985,#5006));
#4961 = ORIENTED_EDGE('',*,*,#4937,.T.);
#4962 = ORIENTED_EDGE('',*,*,#4963,.T.);
#4963 = EDGE_CURVE('',#4915,#4964,#4966,.T.);
#4964 = VERTEX_POINT('',#4965);
#4965 = CARTESIAN_POINT('',(1.35,19.095801432292,-1.721202260335));
#4966 = SURFACE_CURVE('',#4967,(#4971,#4978),.PCURVE_S1.);
#4967 = B_SPLINE_CURVE_WITH_KNOTS('',2,(#4968,#4969,#4970),
  .UNSPECIFIED.,.F.,.F.,(3,3),(0.,1.),.PIECEWISE_BEZIER_KNOTS.);
#4968 = CARTESIAN_POINT('',(1.35,18.803198567708,-1.800397247314));
#4969 = CARTESIAN_POINT('',(1.35,19.027602864583,-1.771801544189));
#4970 = CARTESIAN_POINT('',(1.35,19.095801432292,-1.721202260335));
#4971 = PCURVE('',#1969,#4972);
#4972 = DEFINITIONAL_REPRESENTATION('',(#4973),#4977);
#4973 = LINE('',#4974,#4975);
#4974 = CARTESIAN_POINT('',(0.,-0.35));
#4975 = VECTOR('',#4976,1.);
#4976 = DIRECTION('',(1.,0.));
#4977 = ( GEOMETRIC_REPRESENTATION_CONTEXT(2)
PARAMETRIC_REPRESENTATION_CONTEXT() REPRESENTATION_CONTEXT('2D SPACE',''
  ) );
#4978 = PCURVE('',#4827,#4979);
#4979 = DEFINITIONAL_REPRESENTATION('',(#4980),#4984);
#4980 = B_SPLINE_CURVE_WITH_KNOTS('',2,(#4981,#4982,#4983),
  .UNSPECIFIED.,.F.,.F.,(3,3),(0.,1.),.PIECEWISE_BEZIER_KNOTS.);
#4981 = CARTESIAN_POINT('',(0.224397135417,1.249602864583));
#4982 = CARTESIAN_POINT('',(0.448801432292,1.278198567708));
#4983 = CARTESIAN_POINT('',(0.517,1.328797851563));
#4984 = ( GEOMETRIC_REPRESENTATION_CONTEXT(2)
PARAMETRIC_REPRESENTATION_CONTEXT() REPRESENTATION_CONTEXT('2D SPACE',''
  ) );
#4985 = ORIENTED_EDGE('',*,*,#4986,.F.);
#4986 = EDGE_CURVE('',#1924,#4964,#4987,.T.);
#4987 = SURFACE_CURVE('',#4988,(#4992,#4999),.PCURVE_S1.);
#4988 = LINE('',#4989,#4990);
#4989 = CARTESIAN_POINT('',(1.,19.095801432292,-1.721202260335));
#4990 = VECTOR('',#4991,1.);
#4991 = DIRECTION('',(1.,0.,0.));
#4992 = PCURVE('',#1969,#4993);
#4993 = DEFINITIONAL_REPRESENTATION('',(#4994),#4998);
#4994 = LINE('',#4995,#4996);
#4995 = CARTESIAN_POINT('',(1.,0.));
#4996 = VECTOR('',#4997,1.);
#4997 = DIRECTION('',(0.,-1.));
#4998 = ( GEOMETRIC_REPRESENTATION_CONTEXT(2)
PARAMETRIC_REPRESENTATION_CONTEXT() REPRESENTATION_CONTEXT('2D SPACE',''
  ) );
#4999 = PCURVE('',#1939,#5000);
#5000 = DEFINITIONAL_REPRESENTATION('',(#5001),#5005);
#5001 = LINE('',#5002,#5003);
#5002 = CARTESIAN_POINT('',(0.,0.));
#5003 = VECTOR('',#5004,1.);
#5004 = DIRECTION('',(0.,-1.));
#5005 = ( GEOMETRIC_REPRESENTATION_CONTEXT(2)
PARAMETRIC_REPRESENTATION_CONTEXT() REPRESENTATION_CONTEXT('2D SPACE',''
  ) );
#5006 = ORIENTED_EDGE('',*,*,#1953,.F.);
#5007 = ADVANCED_FACE('',(#5008),#1939,.T.);
#5008 = FACE_BOUND('',#5009,.T.);
#5009 = EDGE_LOOP('',(#5010,#5011,#5034,#5055));
#5010 = ORIENTED_EDGE('',*,*,#4986,.T.);
#5011 = ORIENTED_EDGE('',*,*,#5012,.T.);
#5012 = EDGE_CURVE('',#4964,#5013,#5015,.T.);
#5013 = VERTEX_POINT('',#5014);
#5014 = CARTESIAN_POINT('',(1.35,19.214602864583,-1.490198679606));
#5015 = SURFACE_CURVE('',#5016,(#5020,#5027),.PCURVE_S1.);
#5016 = B_SPLINE_CURVE_WITH_KNOTS('',2,(#5017,#5018,#5019),
  .UNSPECIFIED.,.F.,.F.,(3,3),(0.,1.),.PIECEWISE_BEZIER_KNOTS.);
#5017 = CARTESIAN_POINT('',(1.35,19.095801432292,-1.721202260335));
#5018 = CARTESIAN_POINT('',(1.35,19.164,-1.670602976481));
#5019 = CARTESIAN_POINT('',(1.35,19.214602864583,-1.490198679606));
#5020 = PCURVE('',#1939,#5021);
#5021 = DEFINITIONAL_REPRESENTATION('',(#5022),#5026);
#5022 = LINE('',#5023,#5024);
#5023 = CARTESIAN_POINT('',(0.,-0.35));
#5024 = VECTOR('',#5025,1.);
#5025 = DIRECTION('',(1.,0.));
#5026 = ( GEOMETRIC_REPRESENTATION_CONTEXT(2)
PARAMETRIC_REPRESENTATION_CONTEXT() REPRESENTATION_CONTEXT('2D SPACE',''
  ) );
#5027 = PCURVE('',#4827,#5028);
#5028 = DEFINITIONAL_REPRESENTATION('',(#5029),#5033);
#5029 = B_SPLINE_CURVE_WITH_KNOTS('',2,(#5030,#5031,#5032),
  .UNSPECIFIED.,.F.,.F.,(3,3),(0.,1.),.PIECEWISE_BEZIER_KNOTS.);
#5030 = CARTESIAN_POINT('',(0.517,1.328797851563));
#5031 = CARTESIAN_POINT('',(0.585198567708,1.379397135417));
#5032 = CARTESIAN_POINT('',(0.635801432292,1.559801432292));
#5033 = ( GEOMETRIC_REPRESENTATION_CONTEXT(2)
PARAMETRIC_REPRESENTATION_CONTEXT() REPRESENTATION_CONTEXT('2D SPACE',''
  ) );
#5034 = ORIENTED_EDGE('',*,*,#5035,.F.);
#5035 = EDGE_CURVE('',#1896,#5013,#5036,.T.);
#5036 = SURFACE_CURVE('',#5037,(#5041,#5048),.PCURVE_S1.);
#5037 = LINE('',#5038,#5039);
#5038 = CARTESIAN_POINT('',(1.,19.214602864583,-1.490198679606));
#5039 = VECTOR('',#5040,1.);
#5040 = DIRECTION('',(1.,0.,0.));
#5041 = PCURVE('',#1939,#5042);
#5042 = DEFINITIONAL_REPRESENTATION('',(#5043),#5047);
#5043 = LINE('',#5044,#5045);
#5044 = CARTESIAN_POINT('',(1.,0.));
#5045 = VECTOR('',#5046,1.);
#5046 = DIRECTION('',(0.,-1.));
#5047 = ( GEOMETRIC_REPRESENTATION_CONTEXT(2)
PARAMETRIC_REPRESENTATION_CONTEXT() REPRESENTATION_CONTEXT('2D SPACE',''
  ) );
#5048 = PCURVE('',#1911,#5049);
#5049 = DEFINITIONAL_REPRESENTATION('',(#5050),#5054);
#5050 = LINE('',#5051,#5052);
#5051 = CARTESIAN_POINT('',(0.,0.));
#5052 = VECTOR('',#5053,1.);
#5053 = DIRECTION('',(0.,-1.));
#5054 = ( GEOMETRIC_REPRESENTATION_CONTEXT(2)
PARAMETRIC_REPRESENTATION_CONTEXT() REPRESENTATION_CONTEXT('2D SPACE',''
  ) );
#5055 = ORIENTED_EDGE('',*,*,#1923,.F.);
#5056 = ADVANCED_FACE('',(#5057),#1911,.T.);
#5057 = FACE_BOUND('',#5058,.T.);
#5058 = EDGE_LOOP('',(#5059,#5060,#5083,#5104));
#5059 = ORIENTED_EDGE('',*,*,#5035,.T.);
#5060 = ORIENTED_EDGE('',*,*,#5061,.T.);
#5061 = EDGE_CURVE('',#5013,#5062,#5064,.T.);
#5062 = VERTEX_POINT('',#5063);
#5063 = CARTESIAN_POINT('',(1.35,19.342198567708,-1.490198679606));
#5064 = SURFACE_CURVE('',#5065,(#5069,#5076),.PCURVE_S1.);
#5065 = LINE('',#5066,#5067);
#5066 = CARTESIAN_POINT('',(1.35,19.214602864583,-1.490198679606));
#5067 = VECTOR('',#5068,1.);
#5068 = DIRECTION('',(0.,1.,0.));
#5069 = PCURVE('',#1911,#5070);
#5070 = DEFINITIONAL_REPRESENTATION('',(#5071),#5075);
#5071 = LINE('',#5072,#5073);
#5072 = CARTESIAN_POINT('',(0.,-0.35));
#5073 = VECTOR('',#5074,1.);
#5074 = DIRECTION('',(1.,0.));
#5075 = ( GEOMETRIC_REPRESENTATION_CONTEXT(2)
PARAMETRIC_REPRESENTATION_CONTEXT() REPRESENTATION_CONTEXT('2D SPACE',''
  ) );
#5076 = PCURVE('',#4827,#5077);
#5077 = DEFINITIONAL_REPRESENTATION('',(#5078),#5082);
#5078 = LINE('',#5079,#5080);
#5079 = CARTESIAN_POINT('',(0.635801432292,1.559801432292));
#5080 = VECTOR('',#5081,1.);
#5081 = DIRECTION('',(1.,0.));
#5082 = ( GEOMETRIC_REPRESENTATION_CONTEXT(2)
PARAMETRIC_REPRESENTATION_CONTEXT() REPRESENTATION_CONTEXT('2D SPACE',''
  ) );
#5083 = ORIENTED_EDGE('',*,*,#5084,.F.);
#5084 = EDGE_CURVE('',#1868,#5062,#5085,.T.);
#5085 = SURFACE_CURVE('',#5086,(#5090,#5097),.PCURVE_S1.);
#5086 = LINE('',#5087,#5088);
#5087 = CARTESIAN_POINT('',(1.,19.342198567708,-1.490198679606));
#5088 = VECTOR('',#5089,1.);
#5089 = DIRECTION('',(1.,0.,0.));
#5090 = PCURVE('',#1911,#5091);
#5091 = DEFINITIONAL_REPRESENTATION('',(#5092),#5096);
#5092 = LINE('',#5093,#5094);
#5093 = CARTESIAN_POINT('',(0.127595703125,0.));
#5094 = VECTOR('',#5095,1.);
#5095 = DIRECTION('',(0.,-1.));
#5096 = ( GEOMETRIC_REPRESENTATION_CONTEXT(2)
PARAMETRIC_REPRESENTATION_CONTEXT() REPRESENTATION_CONTEXT('2D SPACE',''
  ) );
#5097 = PCURVE('',#1883,#5098);
#5098 = DEFINITIONAL_REPRESENTATION('',(#5099),#5103);
#5099 = LINE('',#5100,#5101);
#5100 = CARTESIAN_POINT('',(0.,0.));
#5101 = VECTOR('',#5102,1.);
#5102 = DIRECTION('',(0.,-1.));
#5103 = ( GEOMETRIC_REPRESENTATION_CONTEXT(2)
PARAMETRIC_REPRESENTATION_CONTEXT() REPRESENTATION_CONTEXT('2D SPACE',''
  ) );
#5104 = ORIENTED_EDGE('',*,*,#1895,.F.);
#5105 = ADVANCED_FACE('',(#5106),#1883,.T.);
#5106 = FACE_BOUND('',#5107,.T.);
#5107 = EDGE_LOOP('',(#5108,#5109,#5132,#5153));
#5108 = ORIENTED_EDGE('',*,*,#5084,.T.);
#5109 = ORIENTED_EDGE('',*,*,#5110,.T.);
#5110 = EDGE_CURVE('',#5062,#5111,#5113,.T.);
#5111 = VERTEX_POINT('',#5112);
#5112 = CARTESIAN_POINT('',(1.35,19.342198567708,-3.050000111898));
#5113 = SURFACE_CURVE('',#5114,(#5118,#5125),.PCURVE_S1.);
#5114 = LINE('',#5115,#5116);
#5115 = CARTESIAN_POINT('',(1.35,19.342198567708,-1.490198679606));
#5116 = VECTOR('',#5117,1.);
#5117 = DIRECTION('',(0.,0.,-1.));
#5118 = PCURVE('',#1883,#5119);
#5119 = DEFINITIONAL_REPRESENTATION('',(#5120),#5124);
#5120 = LINE('',#5121,#5122);
#5121 = CARTESIAN_POINT('',(0.,-0.35));
#5122 = VECTOR('',#5123,1.);
#5123 = DIRECTION('',(1.,0.));
#5124 = ( GEOMETRIC_REPRESENTATION_CONTEXT(2)
PARAMETRIC_REPRESENTATION_CONTEXT() REPRESENTATION_CONTEXT('2D SPACE',''
  ) );
#5125 = PCURVE('',#4827,#5126);
#5126 = DEFINITIONAL_REPRESENTATION('',(#5127),#5131);
#5127 = LINE('',#5128,#5129);
#5128 = CARTESIAN_POINT('',(0.763397135417,1.559801432292));
#5129 = VECTOR('',#5130,1.);
#5130 = DIRECTION('',(0.,-1.));
#5131 = ( GEOMETRIC_REPRESENTATION_CONTEXT(2)
PARAMETRIC_REPRESENTATION_CONTEXT() REPRESENTATION_CONTEXT('2D SPACE',''
  ) );
#5132 = ORIENTED_EDGE('',*,*,#5133,.F.);
#5133 = EDGE_CURVE('',#1840,#5111,#5134,.T.);
#5134 = SURFACE_CURVE('',#5135,(#5139,#5146),.PCURVE_S1.);
#5135 = LINE('',#5136,#5137);
#5136 = CARTESIAN_POINT('',(1.,19.342198567708,-3.050000111898));
#5137 = VECTOR('',#5138,1.);
#5138 = DIRECTION('',(1.,0.,0.));
#5139 = PCURVE('',#1883,#5140);
#5140 = DEFINITIONAL_REPRESENTATION('',(#5141),#5145);
#5141 = LINE('',#5142,#5143);
#5142 = CARTESIAN_POINT('',(1.559801432292,0.));
#5143 = VECTOR('',#5144,1.);
#5144 = DIRECTION('',(0.,-1.));
#5145 = ( GEOMETRIC_REPRESENTATION_CONTEXT(2)
PARAMETRIC_REPRESENTATION_CONTEXT() REPRESENTATION_CONTEXT('2D SPACE',''
  ) );
#5146 = PCURVE('',#1855,#5147);
#5147 = DEFINITIONAL_REPRESENTATION('',(#5148),#5152);
#5148 = LINE('',#5149,#5150);
#5149 = CARTESIAN_POINT('',(0.,-0.));
#5150 = VECTOR('',#5151,1.);
#5151 = DIRECTION('',(0.,-1.));
#5152 = ( GEOMETRIC_REPRESENTATION_CONTEXT(2)
PARAMETRIC_REPRESENTATION_CONTEXT() REPRESENTATION_CONTEXT('2D SPACE',''
  ) );
#5153 = ORIENTED_EDGE('',*,*,#1867,.F.);
#5154 = ADVANCED_FACE('',(#5155),#1855,.T.);
#5155 = FACE_BOUND('',#5156,.T.);
#5156 = EDGE_LOOP('',(#5157,#5158,#5179,#5180));
#5157 = ORIENTED_EDGE('',*,*,#5133,.T.);
#5158 = ORIENTED_EDGE('',*,*,#5159,.T.);
#5159 = EDGE_CURVE('',#5111,#4789,#5160,.T.);
#5160 = SURFACE_CURVE('',#5161,(#5165,#5172),.PCURVE_S1.);
#5161 = LINE('',#5162,#5163);
#5162 = CARTESIAN_POINT('',(1.35,19.342198567708,-3.050000111898));
#5163 = VECTOR('',#5164,1.);
#5164 = DIRECTION('',(0.,-1.,0.));
#5165 = PCURVE('',#1855,#5166);
#5166 = DEFINITIONAL_REPRESENTATION('',(#5167),#5171);
#5167 = LINE('',#5168,#5169);
#5168 = CARTESIAN_POINT('',(0.,-0.35));
#5169 = VECTOR('',#5170,1.);
#5170 = DIRECTION('',(1.,0.));
#5171 = ( GEOMETRIC_REPRESENTATION_CONTEXT(2)
PARAMETRIC_REPRESENTATION_CONTEXT() REPRESENTATION_CONTEXT('2D SPACE',''
  ) );
#5172 = PCURVE('',#4827,#5173);
#5173 = DEFINITIONAL_REPRESENTATION('',(#5174),#5178);
#5174 = LINE('',#5175,#5176);
#5175 = CARTESIAN_POINT('',(0.763397135417,0.));
#5176 = VECTOR('',#5177,1.);
#5177 = DIRECTION('',(-1.,0.));
#5178 = ( GEOMETRIC_REPRESENTATION_CONTEXT(2)
PARAMETRIC_REPRESENTATION_CONTEXT() REPRESENTATION_CONTEXT('2D SPACE',''
  ) );
#5179 = ORIENTED_EDGE('',*,*,#4788,.F.);
#5180 = ORIENTED_EDGE('',*,*,#1839,.F.);
#5181 = ADVANCED_FACE('',(#5182),#2057,.T.);
#5182 = FACE_BOUND('',#5183,.T.);
#5183 = EDGE_LOOP('',(#5184,#5207,#5235,#5256));
#5184 = ORIENTED_EDGE('',*,*,#5185,.T.);
#5185 = EDGE_CURVE('',#2040,#5186,#5188,.T.);
#5186 = VERTEX_POINT('',#5187);
#5187 = CARTESIAN_POINT('',(1.35,17.107,-2.266801544189));
#5188 = SURFACE_CURVE('',#5189,(#5193,#5200),.PCURVE_S1.);
#5189 = LINE('',#5190,#5191);
#5190 = CARTESIAN_POINT('',(1.,17.107,-2.266801544189));
#5191 = VECTOR('',#5192,1.);
#5192 = DIRECTION('',(1.,0.,0.));
#5193 = PCURVE('',#2057,#5194);
#5194 = DEFINITIONAL_REPRESENTATION('',(#5195),#5199);
#5195 = LINE('',#5196,#5197);
#5196 = CARTESIAN_POINT('',(0.,0.));
#5197 = VECTOR('',#5198,1.);
#5198 = DIRECTION('',(0.,-1.));
#5199 = ( GEOMETRIC_REPRESENTATION_CONTEXT(2)
PARAMETRIC_REPRESENTATION_CONTEXT() REPRESENTATION_CONTEXT('2D SPACE',''
  ) );
#5200 = PCURVE('',#2087,#5201);
#5201 = DEFINITIONAL_REPRESENTATION('',(#5202),#5206);
#5202 = LINE('',#5203,#5204);
#5203 = CARTESIAN_POINT('',(1.,0.));
#5204 = VECTOR('',#5205,1.);
#5205 = DIRECTION('',(0.,-1.));
#5206 = ( GEOMETRIC_REPRESENTATION_CONTEXT(2)
PARAMETRIC_REPRESENTATION_CONTEXT() REPRESENTATION_CONTEXT('2D SPACE',''
  ) );
#5207 = ORIENTED_EDGE('',*,*,#5208,.T.);
#5208 = EDGE_CURVE('',#5186,#5209,#5211,.T.);
#5209 = VERTEX_POINT('',#5210);
#5210 = CARTESIAN_POINT('',(1.35,17.125698567708,-2.049000111898));
#5211 = SURFACE_CURVE('',#5212,(#5216,#5223),.PCURVE_S1.);
#5212 = B_SPLINE_CURVE_WITH_KNOTS('',2,(#5213,#5214,#5215),
  .UNSPECIFIED.,.F.,.F.,(3,3),(0.,1.),.PIECEWISE_BEZIER_KNOTS.);
#5213 = CARTESIAN_POINT('',(1.35,17.107,-2.266801544189));
#5214 = CARTESIAN_POINT('',(1.35,17.107,-2.156801544189));
#5215 = CARTESIAN_POINT('',(1.35,17.125698567708,-2.049000111898));
#5216 = PCURVE('',#2057,#5217);
#5217 = DEFINITIONAL_REPRESENTATION('',(#5218),#5222);
#5218 = LINE('',#5219,#5220);
#5219 = CARTESIAN_POINT('',(0.,-0.35));
#5220 = VECTOR('',#5221,1.);
#5221 = DIRECTION('',(1.,0.));
#5222 = ( GEOMETRIC_REPRESENTATION_CONTEXT(2)
PARAMETRIC_REPRESENTATION_CONTEXT() REPRESENTATION_CONTEXT('2D SPACE',''
  ) );
#5223 = PCURVE('',#5224,#5229);
#5224 = PLANE('',#5225);
#5225 = AXIS2_PLACEMENT_3D('',#5226,#5227,#5228);
#5226 = CARTESIAN_POINT('',(1.35,17.019,-3.050000111898));
#5227 = DIRECTION('',(1.,0.,0.));
#5228 = DIRECTION('',(0.,1.,0.));
#5229 = DEFINITIONAL_REPRESENTATION('',(#5230),#5234);
#5230 = B_SPLINE_CURVE_WITH_KNOTS('',2,(#5231,#5232,#5233),
  .UNSPECIFIED.,.F.,.F.,(3,3),(0.,1.),.PIECEWISE_BEZIER_KNOTS.);
#5231 = CARTESIAN_POINT('',(8.8E-02,0.783198567708));
#5232 = CARTESIAN_POINT('',(8.8E-02,0.893198567708));
#5233 = CARTESIAN_POINT('',(0.106698567708,1.001));
#5234 = ( GEOMETRIC_REPRESENTATION_CONTEXT(2)
PARAMETRIC_REPRESENTATION_CONTEXT() REPRESENTATION_CONTEXT('2D SPACE',''
  ) );
#5235 = ORIENTED_EDGE('',*,*,#5236,.F.);
#5236 = EDGE_CURVE('',#2042,#5209,#5237,.T.);
#5237 = SURFACE_CURVE('',#5238,(#5242,#5249),.PCURVE_S1.);
#5238 = LINE('',#5239,#5240);
#5239 = CARTESIAN_POINT('',(1.,17.125698567708,-2.049000111898));
#5240 = VECTOR('',#5241,1.);
#5241 = DIRECTION('',(1.,0.,0.));
#5242 = PCURVE('',#2057,#5243);
#5243 = DEFINITIONAL_REPRESENTATION('',(#5244),#5248);
#5244 = LINE('',#5245,#5246);
#5245 = CARTESIAN_POINT('',(1.,0.));
#5246 = VECTOR('',#5247,1.);
#5247 = DIRECTION('',(0.,-1.));
#5248 = ( GEOMETRIC_REPRESENTATION_CONTEXT(2)
PARAMETRIC_REPRESENTATION_CONTEXT() REPRESENTATION_CONTEXT('2D SPACE',''
  ) );
#5249 = PCURVE('',#2681,#5250);
#5250 = DEFINITIONAL_REPRESENTATION('',(#5251),#5255);
#5251 = LINE('',#5252,#5253);
#5252 = CARTESIAN_POINT('',(0.,0.));
#5253 = VECTOR('',#5254,1.);
#5254 = DIRECTION('',(0.,-1.));
#5255 = ( GEOMETRIC_REPRESENTATION_CONTEXT(2)
PARAMETRIC_REPRESENTATION_CONTEXT() REPRESENTATION_CONTEXT('2D SPACE',''
  ) );
#5256 = ORIENTED_EDGE('',*,*,#2039,.F.);
#5257 = ADVANCED_FACE('',(#5258),#2681,.T.);
#5258 = FACE_BOUND('',#5259,.T.);
#5259 = EDGE_LOOP('',(#5260,#5261,#5284,#5305));
#5260 = ORIENTED_EDGE('',*,*,#5236,.T.);
#5261 = ORIENTED_EDGE('',*,*,#5262,.T.);
#5262 = EDGE_CURVE('',#5209,#5263,#5265,.T.);
#5263 = VERTEX_POINT('',#5264);
#5264 = CARTESIAN_POINT('',(1.35,17.197198567708,-1.824599395752));
#5265 = SURFACE_CURVE('',#5266,(#5270,#5277),.PCURVE_S1.);
#5266 = B_SPLINE_CURVE_WITH_KNOTS('',2,(#5267,#5268,#5269),
  .UNSPECIFIED.,.F.,.F.,(3,3),(0.,1.),.PIECEWISE_BEZIER_KNOTS.);
#5267 = CARTESIAN_POINT('',(1.35,17.125698567708,-2.049000111898));
#5268 = CARTESIAN_POINT('',(1.35,17.144397135417,-1.941198679606));
#5269 = CARTESIAN_POINT('',(1.35,17.197198567708,-1.824599395752));
#5270 = PCURVE('',#2681,#5271);
#5271 = DEFINITIONAL_REPRESENTATION('',(#5272),#5276);
#5272 = LINE('',#5273,#5274);
#5273 = CARTESIAN_POINT('',(0.,-0.35));
#5274 = VECTOR('',#5275,1.);
#5275 = DIRECTION('',(1.,0.));
#5276 = ( GEOMETRIC_REPRESENTATION_CONTEXT(2)
PARAMETRIC_REPRESENTATION_CONTEXT() REPRESENTATION_CONTEXT('2D SPACE',''
  ) );
#5277 = PCURVE('',#5224,#5278);
#5278 = DEFINITIONAL_REPRESENTATION('',(#5279),#5283);
#5279 = B_SPLINE_CURVE_WITH_KNOTS('',2,(#5280,#5281,#5282),
  .UNSPECIFIED.,.F.,.F.,(3,3),(0.,1.),.PIECEWISE_BEZIER_KNOTS.);
#5280 = CARTESIAN_POINT('',(0.106698567708,1.001));
#5281 = CARTESIAN_POINT('',(0.125397135417,1.108801432292));
#5282 = CARTESIAN_POINT('',(0.178198567708,1.225400716146));
#5283 = ( GEOMETRIC_REPRESENTATION_CONTEXT(2)
PARAMETRIC_REPRESENTATION_CONTEXT() REPRESENTATION_CONTEXT('2D SPACE',''
  ) );
#5284 = ORIENTED_EDGE('',*,*,#5285,.F.);
#5285 = EDGE_CURVE('',#2638,#5263,#5286,.T.);
#5286 = SURFACE_CURVE('',#5287,(#5291,#5298),.PCURVE_S1.);
#5287 = LINE('',#5288,#5289);
#5288 = CARTESIAN_POINT('',(1.,17.197198567708,-1.824599395752));
#5289 = VECTOR('',#5290,1.);
#5290 = DIRECTION('',(1.,0.,0.));
#5291 = PCURVE('',#2681,#5292);
#5292 = DEFINITIONAL_REPRESENTATION('',(#5293),#5297);
#5293 = LINE('',#5294,#5295);
#5294 = CARTESIAN_POINT('',(1.,0.));
#5295 = VECTOR('',#5296,1.);
#5296 = DIRECTION('',(0.,-1.));
#5297 = ( GEOMETRIC_REPRESENTATION_CONTEXT(2)
PARAMETRIC_REPRESENTATION_CONTEXT() REPRESENTATION_CONTEXT('2D SPACE',''
  ) );
#5298 = PCURVE('',#2653,#5299);
#5299 = DEFINITIONAL_REPRESENTATION('',(#5300),#5304);
#5300 = LINE('',#5301,#5302);
#5301 = CARTESIAN_POINT('',(0.,0.));
#5302 = VECTOR('',#5303,1.);
#5303 = DIRECTION('',(0.,-1.));
#5304 = ( GEOMETRIC_REPRESENTATION_CONTEXT(2)
PARAMETRIC_REPRESENTATION_CONTEXT() REPRESENTATION_CONTEXT('2D SPACE',''
  ) );
#5305 = ORIENTED_EDGE('',*,*,#2667,.F.);
#5306 = ADVANCED_FACE('',(#5307),#2653,.T.);
#5307 = FACE_BOUND('',#5308,.T.);
#5308 = EDGE_LOOP('',(#5309,#5310,#5333,#5354));
#5309 = ORIENTED_EDGE('',*,*,#5285,.T.);
#5310 = ORIENTED_EDGE('',*,*,#5311,.T.);
#5311 = EDGE_CURVE('',#5263,#5312,#5314,.T.);
#5312 = VERTEX_POINT('',#5313);
#5313 = CARTESIAN_POINT('',(1.35,17.328099283854,-1.621099395752));
#5314 = SURFACE_CURVE('',#5315,(#5319,#5326),.PCURVE_S1.);
#5315 = B_SPLINE_CURVE_WITH_KNOTS('',2,(#5316,#5317,#5318),
  .UNSPECIFIED.,.F.,.F.,(3,3),(0.,1.),.PIECEWISE_BEZIER_KNOTS.);
#5316 = CARTESIAN_POINT('',(1.35,17.197198567708,-1.824599395752));
#5317 = CARTESIAN_POINT('',(1.35,17.25,-1.708000111898));
#5318 = CARTESIAN_POINT('',(1.35,17.328099283854,-1.621099395752));
#5319 = PCURVE('',#2653,#5320);
#5320 = DEFINITIONAL_REPRESENTATION('',(#5321),#5325);
#5321 = LINE('',#5322,#5323);
#5322 = CARTESIAN_POINT('',(0.,-0.35));
#5323 = VECTOR('',#5324,1.);
#5324 = DIRECTION('',(1.,0.));
#5325 = ( GEOMETRIC_REPRESENTATION_CONTEXT(2)
PARAMETRIC_REPRESENTATION_CONTEXT() REPRESENTATION_CONTEXT('2D SPACE',''
  ) );
#5326 = PCURVE('',#5224,#5327);
#5327 = DEFINITIONAL_REPRESENTATION('',(#5328),#5332);
#5328 = B_SPLINE_CURVE_WITH_KNOTS('',2,(#5329,#5330,#5331),
  .UNSPECIFIED.,.F.,.F.,(3,3),(0.,1.),.PIECEWISE_BEZIER_KNOTS.);
#5329 = CARTESIAN_POINT('',(0.178198567708,1.225400716146));
#5330 = CARTESIAN_POINT('',(0.231,1.342));
#5331 = CARTESIAN_POINT('',(0.309099283854,1.428900716146));
#5332 = ( GEOMETRIC_REPRESENTATION_CONTEXT(2)
PARAMETRIC_REPRESENTATION_CONTEXT() REPRESENTATION_CONTEXT('2D SPACE',''
  ) );
#5333 = ORIENTED_EDGE('',*,*,#5334,.F.);
#5334 = EDGE_CURVE('',#2608,#5312,#5335,.T.);
#5335 = SURFACE_CURVE('',#5336,(#5340,#5347),.PCURVE_S1.);
#5336 = LINE('',#5337,#5338);
#5337 = CARTESIAN_POINT('',(1.,17.328099283854,-1.621099395752));
#5338 = VECTOR('',#5339,1.);
#5339 = DIRECTION('',(1.,0.,0.));
#5340 = PCURVE('',#2653,#5341);
#5341 = DEFINITIONAL_REPRESENTATION('',(#5342),#5346);
#5342 = LINE('',#5343,#5344);
#5343 = CARTESIAN_POINT('',(1.,0.));
#5344 = VECTOR('',#5345,1.);
#5345 = DIRECTION('',(0.,-1.));
#5346 = ( GEOMETRIC_REPRESENTATION_CONTEXT(2)
PARAMETRIC_REPRESENTATION_CONTEXT() REPRESENTATION_CONTEXT('2D SPACE',''
  ) );
#5347 = PCURVE('',#2623,#5348);
#5348 = DEFINITIONAL_REPRESENTATION('',(#5349),#5353);
#5349 = LINE('',#5350,#5351);
#5350 = CARTESIAN_POINT('',(0.,0.));
#5351 = VECTOR('',#5352,1.);
#5352 = DIRECTION('',(0.,-1.));
#5353 = ( GEOMETRIC_REPRESENTATION_CONTEXT(2)
PARAMETRIC_REPRESENTATION_CONTEXT() REPRESENTATION_CONTEXT('2D SPACE',''
  ) );
#5354 = ORIENTED_EDGE('',*,*,#2637,.F.);
#5355 = ADVANCED_FACE('',(#5356),#2623,.T.);
#5356 = FACE_BOUND('',#5357,.T.);
#5357 = EDGE_LOOP('',(#5358,#5359,#5382,#5403));
#5358 = ORIENTED_EDGE('',*,*,#5334,.T.);
#5359 = ORIENTED_EDGE('',*,*,#5360,.T.);
#5360 = EDGE_CURVE('',#5312,#5361,#5363,.T.);
#5361 = VERTEX_POINT('',#5362);
#5362 = CARTESIAN_POINT('',(1.35,17.539297851562,-1.477000111898));
#5363 = SURFACE_CURVE('',#5364,(#5368,#5375),.PCURVE_S1.);
#5364 = B_SPLINE_CURVE_WITH_KNOTS('',2,(#5365,#5366,#5367),
  .UNSPECIFIED.,.F.,.F.,(3,3),(0.,1.),.PIECEWISE_BEZIER_KNOTS.);
#5365 = CARTESIAN_POINT('',(1.35,17.328099283854,-1.621099395752));
#5366 = CARTESIAN_POINT('',(1.35,17.406198567708,-1.534198679606));
#5367 = CARTESIAN_POINT('',(1.35,17.539297851562,-1.477000111898));
#5368 = PCURVE('',#2623,#5369);
#5369 = DEFINITIONAL_REPRESENTATION('',(#5370),#5374);
#5370 = LINE('',#5371,#5372);
#5371 = CARTESIAN_POINT('',(0.,-0.35));
#5372 = VECTOR('',#5373,1.);
#5373 = DIRECTION('',(1.,0.));
#5374 = ( GEOMETRIC_REPRESENTATION_CONTEXT(2)
PARAMETRIC_REPRESENTATION_CONTEXT() REPRESENTATION_CONTEXT('2D SPACE',''
  ) );
#5375 = PCURVE('',#5224,#5376);
#5376 = DEFINITIONAL_REPRESENTATION('',(#5377),#5381);
#5377 = B_SPLINE_CURVE_WITH_KNOTS('',2,(#5378,#5379,#5380),
  .UNSPECIFIED.,.F.,.F.,(3,3),(0.,1.),.PIECEWISE_BEZIER_KNOTS.);
#5378 = CARTESIAN_POINT('',(0.309099283854,1.428900716146));
#5379 = CARTESIAN_POINT('',(0.387198567708,1.515801432292));
#5380 = CARTESIAN_POINT('',(0.520297851563,1.573));
#5381 = ( GEOMETRIC_REPRESENTATION_CONTEXT(2)
PARAMETRIC_REPRESENTATION_CONTEXT() REPRESENTATION_CONTEXT('2D SPACE',''
  ) );
#5382 = ORIENTED_EDGE('',*,*,#5383,.F.);
#5383 = EDGE_CURVE('',#2578,#5361,#5384,.T.);
#5384 = SURFACE_CURVE('',#5385,(#5389,#5396),.PCURVE_S1.);
#5385 = LINE('',#5386,#5387);
#5386 = CARTESIAN_POINT('',(1.,17.539297851563,-1.477000111898));
#5387 = VECTOR('',#5388,1.);
#5388 = DIRECTION('',(1.,0.,0.));
#5389 = PCURVE('',#2623,#5390);
#5390 = DEFINITIONAL_REPRESENTATION('',(#5391),#5395);
#5391 = LINE('',#5392,#5393);
#5392 = CARTESIAN_POINT('',(1.,0.));
#5393 = VECTOR('',#5394,1.);
#5394 = DIRECTION('',(0.,-1.));
#5395 = ( GEOMETRIC_REPRESENTATION_CONTEXT(2)
PARAMETRIC_REPRESENTATION_CONTEXT() REPRESENTATION_CONTEXT('2D SPACE',''
  ) );
#5396 = PCURVE('',#2593,#5397);
#5397 = DEFINITIONAL_REPRESENTATION('',(#5398),#5402);
#5398 = LINE('',#5399,#5400);
#5399 = CARTESIAN_POINT('',(0.,0.));
#5400 = VECTOR('',#5401,1.);
#5401 = DIRECTION('',(0.,-1.));
#5402 = ( GEOMETRIC_REPRESENTATION_CONTEXT(2)
PARAMETRIC_REPRESENTATION_CONTEXT() REPRESENTATION_CONTEXT('2D SPACE',''
  ) );
#5403 = ORIENTED_EDGE('',*,*,#2607,.F.);
#5404 = ADVANCED_FACE('',(#5405),#2593,.T.);
#5405 = FACE_BOUND('',#5406,.T.);
#5406 = EDGE_LOOP('',(#5407,#5408,#5431,#5452));
#5407 = ORIENTED_EDGE('',*,*,#5383,.T.);
#5408 = ORIENTED_EDGE('',*,*,#5409,.T.);
#5409 = EDGE_CURVE('',#5361,#5410,#5412,.T.);
#5410 = VERTEX_POINT('',#5411);
#5411 = CARTESIAN_POINT('',(1.35,17.839602864583,-1.419801544189));
#5412 = SURFACE_CURVE('',#5413,(#5417,#5424),.PCURVE_S1.);
#5413 = B_SPLINE_CURVE_WITH_KNOTS('',2,(#5414,#5415,#5416),
  .UNSPECIFIED.,.F.,.F.,(3,3),(0.,1.),.PIECEWISE_BEZIER_KNOTS.);
#5414 = CARTESIAN_POINT('',(1.35,17.539297851562,-1.477000111898));
#5415 = CARTESIAN_POINT('',(1.35,17.672397135417,-1.419801544189));
#5416 = CARTESIAN_POINT('',(1.35,17.839602864583,-1.419801544189));
#5417 = PCURVE('',#2593,#5418);
#5418 = DEFINITIONAL_REPRESENTATION('',(#5419),#5423);
#5419 = LINE('',#5420,#5421);
#5420 = CARTESIAN_POINT('',(0.,-0.35));
#5421 = VECTOR('',#5422,1.);
#5422 = DIRECTION('',(1.,0.));
#5423 = ( GEOMETRIC_REPRESENTATION_CONTEXT(2)
PARAMETRIC_REPRESENTATION_CONTEXT() REPRESENTATION_CONTEXT('2D SPACE',''
  ) );
#5424 = PCURVE('',#5224,#5425);
#5425 = DEFINITIONAL_REPRESENTATION('',(#5426),#5430);
#5426 = B_SPLINE_CURVE_WITH_KNOTS('',2,(#5427,#5428,#5429),
  .UNSPECIFIED.,.F.,.F.,(3,3),(0.,1.),.PIECEWISE_BEZIER_KNOTS.);
#5427 = CARTESIAN_POINT('',(0.520297851563,1.573));
#5428 = CARTESIAN_POINT('',(0.653397135417,1.630198567708));
#5429 = CARTESIAN_POINT('',(0.820602864583,1.630198567708));
#5430 = ( GEOMETRIC_REPRESENTATION_CONTEXT(2)
PARAMETRIC_REPRESENTATION_CONTEXT() REPRESENTATION_CONTEXT('2D SPACE',''
  ) );
#5431 = ORIENTED_EDGE('',*,*,#5432,.F.);
#5432 = EDGE_CURVE('',#2548,#5410,#5433,.T.);
#5433 = SURFACE_CURVE('',#5434,(#5438,#5445),.PCURVE_S1.);
#5434 = LINE('',#5435,#5436);
#5435 = CARTESIAN_POINT('',(1.,17.839602864583,-1.419801544189));
#5436 = VECTOR('',#5437,1.);
#5437 = DIRECTION('',(1.,0.,0.));
#5438 = PCURVE('',#2593,#5439);
#5439 = DEFINITIONAL_REPRESENTATION('',(#5440),#5444);
#5440 = LINE('',#5441,#5442);
#5441 = CARTESIAN_POINT('',(1.,0.));
#5442 = VECTOR('',#5443,1.);
#5443 = DIRECTION('',(0.,-1.));
#5444 = ( GEOMETRIC_REPRESENTATION_CONTEXT(2)
PARAMETRIC_REPRESENTATION_CONTEXT() REPRESENTATION_CONTEXT('2D SPACE',''
  ) );
#5445 = PCURVE('',#2563,#5446);
#5446 = DEFINITIONAL_REPRESENTATION('',(#5447),#5451);
#5447 = LINE('',#5448,#5449);
#5448 = CARTESIAN_POINT('',(0.,0.));
#5449 = VECTOR('',#5450,1.);
#5450 = DIRECTION('',(0.,-1.));
#5451 = ( GEOMETRIC_REPRESENTATION_CONTEXT(2)
PARAMETRIC_REPRESENTATION_CONTEXT() REPRESENTATION_CONTEXT('2D SPACE',''
  ) );
#5452 = ORIENTED_EDGE('',*,*,#2577,.F.);
#5453 = ADVANCED_FACE('',(#5454),#2563,.T.);
#5454 = FACE_BOUND('',#5455,.T.);
#5455 = EDGE_LOOP('',(#5456,#5457,#5480,#5501));
#5456 = ORIENTED_EDGE('',*,*,#5432,.T.);
#5457 = ORIENTED_EDGE('',*,*,#5458,.T.);
#5458 = EDGE_CURVE('',#5410,#5459,#5461,.T.);
#5459 = VERTEX_POINT('',#5460);
#5460 = CARTESIAN_POINT('',(1.35,18.457801432292,-1.943397247314));
#5461 = SURFACE_CURVE('',#5462,(#5466,#5473),.PCURVE_S1.);
#5462 = B_SPLINE_CURVE_WITH_KNOTS('',2,(#5463,#5464,#5465),
  .UNSPECIFIED.,.F.,.F.,(3,3),(0.,1.),.PIECEWISE_BEZIER_KNOTS.);
#5463 = CARTESIAN_POINT('',(1.35,17.839602864583,-1.419801544189));
#5464 = CARTESIAN_POINT('',(1.35,18.363198567708,-1.419801544189));
#5465 = CARTESIAN_POINT('',(1.35,18.457801432292,-1.943397247314));
#5466 = PCURVE('',#2563,#5467);
#5467 = DEFINITIONAL_REPRESENTATION('',(#5468),#5472);
#5468 = LINE('',#5469,#5470);
#5469 = CARTESIAN_POINT('',(0.,-0.35));
#5470 = VECTOR('',#5471,1.);
#5471 = DIRECTION('',(1.,0.));
#5472 = ( GEOMETRIC_REPRESENTATION_CONTEXT(2)
PARAMETRIC_REPRESENTATION_CONTEXT() REPRESENTATION_CONTEXT('2D SPACE',''
  ) );
#5473 = PCURVE('',#5224,#5474);
#5474 = DEFINITIONAL_REPRESENTATION('',(#5475),#5479);
#5475 = B_SPLINE_CURVE_WITH_KNOTS('',2,(#5476,#5477,#5478),
  .UNSPECIFIED.,.F.,.F.,(3,3),(0.,1.),.PIECEWISE_BEZIER_KNOTS.);
#5476 = CARTESIAN_POINT('',(0.820602864583,1.630198567708));
#5477 = CARTESIAN_POINT('',(1.344198567708,1.630198567708));
#5478 = CARTESIAN_POINT('',(1.438801432292,1.106602864583));
#5479 = ( GEOMETRIC_REPRESENTATION_CONTEXT(2)
PARAMETRIC_REPRESENTATION_CONTEXT() REPRESENTATION_CONTEXT('2D SPACE',''
  ) );
#5480 = ORIENTED_EDGE('',*,*,#5481,.F.);
#5481 = EDGE_CURVE('',#2520,#5459,#5482,.T.);
#5482 = SURFACE_CURVE('',#5483,(#5487,#5494),.PCURVE_S1.);
#5483 = LINE('',#5484,#5485);
#5484 = CARTESIAN_POINT('',(1.,18.457801432292,-1.943397247314));
#5485 = VECTOR('',#5486,1.);
#5486 = DIRECTION('',(1.,0.,0.));
#5487 = PCURVE('',#2563,#5488);
#5488 = DEFINITIONAL_REPRESENTATION('',(#5489),#5493);
#5489 = LINE('',#5490,#5491);
#5490 = CARTESIAN_POINT('',(1.,0.));
#5491 = VECTOR('',#5492,1.);
#5492 = DIRECTION('',(0.,-1.));
#5493 = ( GEOMETRIC_REPRESENTATION_CONTEXT(2)
PARAMETRIC_REPRESENTATION_CONTEXT() REPRESENTATION_CONTEXT('2D SPACE',''
  ) );
#5494 = PCURVE('',#2535,#5495);
#5495 = DEFINITIONAL_REPRESENTATION('',(#5496),#5500);
#5496 = LINE('',#5497,#5498);
#5497 = CARTESIAN_POINT('',(0.,-0.));
#5498 = VECTOR('',#5499,1.);
#5499 = DIRECTION('',(0.,-1.));
#5500 = ( GEOMETRIC_REPRESENTATION_CONTEXT(2)
PARAMETRIC_REPRESENTATION_CONTEXT() REPRESENTATION_CONTEXT('2D SPACE',''
  ) );
#5501 = ORIENTED_EDGE('',*,*,#2547,.F.);
#5502 = ADVANCED_FACE('',(#5503),#2535,.T.);
#5503 = FACE_BOUND('',#5504,.T.);
#5504 = EDGE_LOOP('',(#5505,#5506,#5529,#5550));
#5505 = ORIENTED_EDGE('',*,*,#5481,.T.);
#5506 = ORIENTED_EDGE('',*,*,#5507,.T.);
#5507 = EDGE_CURVE('',#5459,#5508,#5510,.T.);
#5508 = VERTEX_POINT('',#5509);
#5509 = CARTESIAN_POINT('',(1.35,18.248801432292,-1.943397247314));
#5510 = SURFACE_CURVE('',#5511,(#5515,#5522),.PCURVE_S1.);
#5511 = LINE('',#5512,#5513);
#5512 = CARTESIAN_POINT('',(1.35,18.457801432292,-1.943397247314));
#5513 = VECTOR('',#5514,1.);
#5514 = DIRECTION('',(0.,-1.,0.));
#5515 = PCURVE('',#2535,#5516);
#5516 = DEFINITIONAL_REPRESENTATION('',(#5517),#5521);
#5517 = LINE('',#5518,#5519);
#5518 = CARTESIAN_POINT('',(0.,-0.35));
#5519 = VECTOR('',#5520,1.);
#5520 = DIRECTION('',(1.,0.));
#5521 = ( GEOMETRIC_REPRESENTATION_CONTEXT(2)
PARAMETRIC_REPRESENTATION_CONTEXT() REPRESENTATION_CONTEXT('2D SPACE',''
  ) );
#5522 = PCURVE('',#5224,#5523);
#5523 = DEFINITIONAL_REPRESENTATION('',(#5524),#5528);
#5524 = LINE('',#5525,#5526);
#5525 = CARTESIAN_POINT('',(1.438801432292,1.106602864583));
#5526 = VECTOR('',#5527,1.);
#5527 = DIRECTION('',(-1.,0.));
#5528 = ( GEOMETRIC_REPRESENTATION_CONTEXT(2)
PARAMETRIC_REPRESENTATION_CONTEXT() REPRESENTATION_CONTEXT('2D SPACE',''
  ) );
#5529 = ORIENTED_EDGE('',*,*,#5530,.F.);
#5530 = EDGE_CURVE('',#2490,#5508,#5531,.T.);
#5531 = SURFACE_CURVE('',#5532,(#5536,#5543),.PCURVE_S1.);
#5532 = LINE('',#5533,#5534);
#5533 = CARTESIAN_POINT('',(1.,18.248801432292,-1.943397247314));
#5534 = VECTOR('',#5535,1.);
#5535 = DIRECTION('',(1.,0.,0.));
#5536 = PCURVE('',#2535,#5537);
#5537 = DEFINITIONAL_REPRESENTATION('',(#5538),#5542);
#5538 = LINE('',#5539,#5540);
#5539 = CARTESIAN_POINT('',(0.209,0.));
#5540 = VECTOR('',#5541,1.);
#5541 = DIRECTION('',(0.,-1.));
#5542 = ( GEOMETRIC_REPRESENTATION_CONTEXT(2)
PARAMETRIC_REPRESENTATION_CONTEXT() REPRESENTATION_CONTEXT('2D SPACE',''
  ) );
#5543 = PCURVE('',#2505,#5544);
#5544 = DEFINITIONAL_REPRESENTATION('',(#5545),#5549);
#5545 = LINE('',#5546,#5547);
#5546 = CARTESIAN_POINT('',(0.,0.));
#5547 = VECTOR('',#5548,1.);
#5548 = DIRECTION('',(0.,-1.));
#5549 = ( GEOMETRIC_REPRESENTATION_CONTEXT(2)
PARAMETRIC_REPRESENTATION_CONTEXT() REPRESENTATION_CONTEXT('2D SPACE',''
  ) );
#5550 = ORIENTED_EDGE('',*,*,#2519,.F.);
#5551 = ADVANCED_FACE('',(#5552),#2505,.T.);
#5552 = FACE_BOUND('',#5553,.T.);
#5553 = EDGE_LOOP('',(#5554,#5555,#5578,#5599));
#5554 = ORIENTED_EDGE('',*,*,#5530,.T.);
#5555 = ORIENTED_EDGE('',*,*,#5556,.T.);
#5556 = EDGE_CURVE('',#5508,#5557,#5559,.T.);
#5557 = VERTEX_POINT('',#5558);
#5558 = CARTESIAN_POINT('',(1.35,18.110202148437,-1.686000111898));
#5559 = SURFACE_CURVE('',#5560,(#5564,#5571),.PCURVE_S1.);
#5560 = B_SPLINE_CURVE_WITH_KNOTS('',2,(#5561,#5562,#5563),
  .UNSPECIFIED.,.F.,.F.,(3,3),(0.,1.),.PIECEWISE_BEZIER_KNOTS.);
#5561 = CARTESIAN_POINT('',(1.35,18.248801432292,-1.943397247314));
#5562 = CARTESIAN_POINT('',(1.35,18.213602864583,-1.771801544189));
#5563 = CARTESIAN_POINT('',(1.35,18.110202148437,-1.686000111898));
#5564 = PCURVE('',#2505,#5565);
#5565 = DEFINITIONAL_REPRESENTATION('',(#5566),#5570);
#5566 = LINE('',#5567,#5568);
#5567 = CARTESIAN_POINT('',(0.,-0.35));
#5568 = VECTOR('',#5569,1.);
#5569 = DIRECTION('',(1.,0.));
#5570 = ( GEOMETRIC_REPRESENTATION_CONTEXT(2)
PARAMETRIC_REPRESENTATION_CONTEXT() REPRESENTATION_CONTEXT('2D SPACE',''
  ) );
#5571 = PCURVE('',#5224,#5572);
#5572 = DEFINITIONAL_REPRESENTATION('',(#5573),#5577);
#5573 = B_SPLINE_CURVE_WITH_KNOTS('',2,(#5574,#5575,#5576),
  .UNSPECIFIED.,.F.,.F.,(3,3),(0.,1.),.PIECEWISE_BEZIER_KNOTS.);
#5574 = CARTESIAN_POINT('',(1.229801432292,1.106602864583));
#5575 = CARTESIAN_POINT('',(1.194602864583,1.278198567708));
#5576 = CARTESIAN_POINT('',(1.091202148438,1.364));
#5577 = ( GEOMETRIC_REPRESENTATION_CONTEXT(2)
PARAMETRIC_REPRESENTATION_CONTEXT() REPRESENTATION_CONTEXT('2D SPACE',''
  ) );
#5578 = ORIENTED_EDGE('',*,*,#5579,.F.);
#5579 = EDGE_CURVE('',#2460,#5557,#5580,.T.);
#5580 = SURFACE_CURVE('',#5581,(#5585,#5592),.PCURVE_S1.);
#5581 = LINE('',#5582,#5583);
#5582 = CARTESIAN_POINT('',(1.,18.110202148438,-1.686000111898));
#5583 = VECTOR('',#5584,1.);
#5584 = DIRECTION('',(1.,0.,0.));
#5585 = PCURVE('',#2505,#5586);
#5586 = DEFINITIONAL_REPRESENTATION('',(#5587),#5591);
#5587 = LINE('',#5588,#5589);
#5588 = CARTESIAN_POINT('',(1.,0.));
#5589 = VECTOR('',#5590,1.);
#5590 = DIRECTION('',(0.,-1.));
#5591 = ( GEOMETRIC_REPRESENTATION_CONTEXT(2)
PARAMETRIC_REPRESENTATION_CONTEXT() REPRESENTATION_CONTEXT('2D SPACE',''
  ) );
#5592 = PCURVE('',#2475,#5593);
#5593 = DEFINITIONAL_REPRESENTATION('',(#5594),#5598);
#5594 = LINE('',#5595,#5596);
#5595 = CARTESIAN_POINT('',(0.,0.));
#5596 = VECTOR('',#5597,1.);
#5597 = DIRECTION('',(0.,-1.));
#5598 = ( GEOMETRIC_REPRESENTATION_CONTEXT(2)
PARAMETRIC_REPRESENTATION_CONTEXT() REPRESENTATION_CONTEXT('2D SPACE',''
  ) );
#5599 = ORIENTED_EDGE('',*,*,#2489,.F.);
#5600 = ADVANCED_FACE('',(#5601),#2475,.T.);
#5601 = FACE_BOUND('',#5602,.T.);
#5602 = EDGE_LOOP('',(#5603,#5604,#5627,#5648));
#5603 = ORIENTED_EDGE('',*,*,#5579,.T.);
#5604 = ORIENTED_EDGE('',*,*,#5605,.T.);
#5605 = EDGE_CURVE('',#5557,#5606,#5608,.T.);
#5606 = VERTEX_POINT('',#5607);
#5607 = CARTESIAN_POINT('',(1.35,17.815397135417,-1.600198679606));
#5608 = SURFACE_CURVE('',#5609,(#5613,#5620),.PCURVE_S1.);
#5609 = B_SPLINE_CURVE_WITH_KNOTS('',2,(#5610,#5611,#5612),
  .UNSPECIFIED.,.F.,.F.,(3,3),(0.,1.),.PIECEWISE_BEZIER_KNOTS.);
#5610 = CARTESIAN_POINT('',(1.35,18.110202148437,-1.686000111898));
#5611 = CARTESIAN_POINT('',(1.35,18.006801432292,-1.600198679606));
#5612 = CARTESIAN_POINT('',(1.35,17.815397135417,-1.600198679606));
#5613 = PCURVE('',#2475,#5614);
#5614 = DEFINITIONAL_REPRESENTATION('',(#5615),#5619);
#5615 = LINE('',#5616,#5617);
#5616 = CARTESIAN_POINT('',(0.,-0.35));
#5617 = VECTOR('',#5618,1.);
#5618 = DIRECTION('',(1.,0.));
#5619 = ( GEOMETRIC_REPRESENTATION_CONTEXT(2)
PARAMETRIC_REPRESENTATION_CONTEXT() REPRESENTATION_CONTEXT('2D SPACE',''
  ) );
#5620 = PCURVE('',#5224,#5621);
#5621 = DEFINITIONAL_REPRESENTATION('',(#5622),#5626);
#5622 = B_SPLINE_CURVE_WITH_KNOTS('',2,(#5623,#5624,#5625),
  .UNSPECIFIED.,.F.,.F.,(3,3),(0.,1.),.PIECEWISE_BEZIER_KNOTS.);
#5623 = CARTESIAN_POINT('',(1.091202148438,1.364));
#5624 = CARTESIAN_POINT('',(0.987801432292,1.449801432292));
#5625 = CARTESIAN_POINT('',(0.796397135417,1.449801432292));
#5626 = ( GEOMETRIC_REPRESENTATION_CONTEXT(2)
PARAMETRIC_REPRESENTATION_CONTEXT() REPRESENTATION_CONTEXT('2D SPACE',''
  ) );
#5627 = ORIENTED_EDGE('',*,*,#5628,.F.);
#5628 = EDGE_CURVE('',#2430,#5606,#5629,.T.);
#5629 = SURFACE_CURVE('',#5630,(#5634,#5641),.PCURVE_S1.);
#5630 = LINE('',#5631,#5632);
#5631 = CARTESIAN_POINT('',(1.,17.815397135417,-1.600198679606));
#5632 = VECTOR('',#5633,1.);
#5633 = DIRECTION('',(1.,0.,0.));
#5634 = PCURVE('',#2475,#5635);
#5635 = DEFINITIONAL_REPRESENTATION('',(#5636),#5640);
#5636 = LINE('',#5637,#5638);
#5637 = CARTESIAN_POINT('',(1.,0.));
#5638 = VECTOR('',#5639,1.);
#5639 = DIRECTION('',(0.,-1.));
#5640 = ( GEOMETRIC_REPRESENTATION_CONTEXT(2)
PARAMETRIC_REPRESENTATION_CONTEXT() REPRESENTATION_CONTEXT('2D SPACE',''
  ) );
#5641 = PCURVE('',#2445,#5642);
#5642 = DEFINITIONAL_REPRESENTATION('',(#5643),#5647);
#5643 = LINE('',#5644,#5645);
#5644 = CARTESIAN_POINT('',(0.,0.));
#5645 = VECTOR('',#5646,1.);
#5646 = DIRECTION('',(0.,-1.));
#5647 = ( GEOMETRIC_REPRESENTATION_CONTEXT(2)
PARAMETRIC_REPRESENTATION_CONTEXT() REPRESENTATION_CONTEXT('2D SPACE',''
  ) );
#5648 = ORIENTED_EDGE('',*,*,#2459,.F.);
#5649 = ADVANCED_FACE('',(#5650),#2445,.T.);
#5650 = FACE_BOUND('',#5651,.T.);
#5651 = EDGE_LOOP('',(#5652,#5653,#5676,#5697));
#5652 = ORIENTED_EDGE('',*,*,#5628,.T.);
#5653 = ORIENTED_EDGE('',*,*,#5654,.T.);
#5654 = EDGE_CURVE('',#5606,#5655,#5657,.T.);
#5655 = VERTEX_POINT('',#5656);
#5656 = CARTESIAN_POINT('',(1.35,17.446900716146,-1.778400828044));
#5657 = SURFACE_CURVE('',#5658,(#5662,#5669),.PCURVE_S1.);
#5658 = B_SPLINE_CURVE_WITH_KNOTS('',2,(#5659,#5660,#5661),
  .UNSPECIFIED.,.F.,.F.,(3,3),(0.,1.),.PIECEWISE_BEZIER_KNOTS.);
#5659 = CARTESIAN_POINT('',(1.35,17.815397135417,-1.600198679606));
#5660 = CARTESIAN_POINT('',(1.35,17.582198567708,-1.600198679606));
#5661 = CARTESIAN_POINT('',(1.35,17.446900716146,-1.778400828044));
#5662 = PCURVE('',#2445,#5663);
#5663 = DEFINITIONAL_REPRESENTATION('',(#5664),#5668);
#5664 = LINE('',#5665,#5666);
#5665 = CARTESIAN_POINT('',(0.,-0.35));
#5666 = VECTOR('',#5667,1.);
#5667 = DIRECTION('',(1.,0.));
#5668 = ( GEOMETRIC_REPRESENTATION_CONTEXT(2)
PARAMETRIC_REPRESENTATION_CONTEXT() REPRESENTATION_CONTEXT('2D SPACE',''
  ) );
#5669 = PCURVE('',#5224,#5670);
#5670 = DEFINITIONAL_REPRESENTATION('',(#5671),#5675);
#5671 = B_SPLINE_CURVE_WITH_KNOTS('',2,(#5672,#5673,#5674),
  .UNSPECIFIED.,.F.,.F.,(3,3),(0.,1.),.PIECEWISE_BEZIER_KNOTS.);
#5672 = CARTESIAN_POINT('',(0.796397135417,1.449801432292));
#5673 = CARTESIAN_POINT('',(0.563198567708,1.449801432292));
#5674 = CARTESIAN_POINT('',(0.427900716146,1.271599283854));
#5675 = ( GEOMETRIC_REPRESENTATION_CONTEXT(2)
PARAMETRIC_REPRESENTATION_CONTEXT() REPRESENTATION_CONTEXT('2D SPACE',''
  ) );
#5676 = ORIENTED_EDGE('',*,*,#5677,.F.);
#5677 = EDGE_CURVE('',#2400,#5655,#5678,.T.);
#5678 = SURFACE_CURVE('',#5679,(#5683,#5690),.PCURVE_S1.);
#5679 = LINE('',#5680,#5681);
#5680 = CARTESIAN_POINT('',(1.,17.446900716146,-1.778400828044));
#5681 = VECTOR('',#5682,1.);
#5682 = DIRECTION('',(1.,0.,0.));
#5683 = PCURVE('',#2445,#5684);
#5684 = DEFINITIONAL_REPRESENTATION('',(#5685),#5689);
#5685 = LINE('',#5686,#5687);
#5686 = CARTESIAN_POINT('',(1.,0.));
#5687 = VECTOR('',#5688,1.);
#5688 = DIRECTION('',(0.,-1.));
#5689 = ( GEOMETRIC_REPRESENTATION_CONTEXT(2)
PARAMETRIC_REPRESENTATION_CONTEXT() REPRESENTATION_CONTEXT('2D SPACE',''
  ) );
#5690 = PCURVE('',#2415,#5691);
#5691 = DEFINITIONAL_REPRESENTATION('',(#5692),#5696);
#5692 = LINE('',#5693,#5694);
#5693 = CARTESIAN_POINT('',(0.,0.));
#5694 = VECTOR('',#5695,1.);
#5695 = DIRECTION('',(0.,-1.));
#5696 = ( GEOMETRIC_REPRESENTATION_CONTEXT(2)
PARAMETRIC_REPRESENTATION_CONTEXT() REPRESENTATION_CONTEXT('2D SPACE',''
  ) );
#5697 = ORIENTED_EDGE('',*,*,#2429,.F.);
#5698 = ADVANCED_FACE('',(#5699),#2415,.T.);
#5699 = FACE_BOUND('',#5700,.T.);
#5700 = EDGE_LOOP('',(#5701,#5702,#5725,#5746));
#5701 = ORIENTED_EDGE('',*,*,#5677,.T.);
#5702 = ORIENTED_EDGE('',*,*,#5703,.T.);
#5703 = EDGE_CURVE('',#5655,#5704,#5706,.T.);
#5704 = VERTEX_POINT('',#5705);
#5705 = CARTESIAN_POINT('',(1.35,17.311602864583,-2.264602976481));
#5706 = SURFACE_CURVE('',#5707,(#5711,#5718),.PCURVE_S1.);
#5707 = B_SPLINE_CURVE_WITH_KNOTS('',2,(#5708,#5709,#5710),
  .UNSPECIFIED.,.F.,.F.,(3,3),(0.,1.),.PIECEWISE_BEZIER_KNOTS.);
#5708 = CARTESIAN_POINT('',(1.35,17.446900716146,-1.778400828044));
#5709 = CARTESIAN_POINT('',(1.35,17.311602864583,-1.956602976481));
#5710 = CARTESIAN_POINT('',(1.35,17.311602864583,-2.264602976481));
#5711 = PCURVE('',#2415,#5712);
#5712 = DEFINITIONAL_REPRESENTATION('',(#5713),#5717);
#5713 = LINE('',#5714,#5715);
#5714 = CARTESIAN_POINT('',(0.,-0.35));
#5715 = VECTOR('',#5716,1.);
#5716 = DIRECTION('',(1.,0.));
#5717 = ( GEOMETRIC_REPRESENTATION_CONTEXT(2)
PARAMETRIC_REPRESENTATION_CONTEXT() REPRESENTATION_CONTEXT('2D SPACE',''
  ) );
#5718 = PCURVE('',#5224,#5719);
#5719 = DEFINITIONAL_REPRESENTATION('',(#5720),#5724);
#5720 = B_SPLINE_CURVE_WITH_KNOTS('',2,(#5721,#5722,#5723),
  .UNSPECIFIED.,.F.,.F.,(3,3),(0.,1.),.PIECEWISE_BEZIER_KNOTS.);
#5721 = CARTESIAN_POINT('',(0.427900716146,1.271599283854));
#5722 = CARTESIAN_POINT('',(0.292602864583,1.093397135417));
#5723 = CARTESIAN_POINT('',(0.292602864583,0.785397135417));
#5724 = ( GEOMETRIC_REPRESENTATION_CONTEXT(2)
PARAMETRIC_REPRESENTATION_CONTEXT() REPRESENTATION_CONTEXT('2D SPACE',''
  ) );
#5725 = ORIENTED_EDGE('',*,*,#5726,.F.);
#5726 = EDGE_CURVE('',#2370,#5704,#5727,.T.);
#5727 = SURFACE_CURVE('',#5728,(#5732,#5739),.PCURVE_S1.);
#5728 = LINE('',#5729,#5730);
#5729 = CARTESIAN_POINT('',(1.,17.311602864583,-2.264602976481));
#5730 = VECTOR('',#5731,1.);
#5731 = DIRECTION('',(1.,0.,0.));
#5732 = PCURVE('',#2415,#5733);
#5733 = DEFINITIONAL_REPRESENTATION('',(#5734),#5738);
#5734 = LINE('',#5735,#5736);
#5735 = CARTESIAN_POINT('',(1.,0.));
#5736 = VECTOR('',#5737,1.);
#5737 = DIRECTION('',(0.,-1.));
#5738 = ( GEOMETRIC_REPRESENTATION_CONTEXT(2)
PARAMETRIC_REPRESENTATION_CONTEXT() REPRESENTATION_CONTEXT('2D SPACE',''
  ) );
#5739 = PCURVE('',#2385,#5740);
#5740 = DEFINITIONAL_REPRESENTATION('',(#5741),#5745);
#5741 = LINE('',#5742,#5743);
#5742 = CARTESIAN_POINT('',(0.,0.));
#5743 = VECTOR('',#5744,1.);
#5744 = DIRECTION('',(0.,-1.));
#5745 = ( GEOMETRIC_REPRESENTATION_CONTEXT(2)
PARAMETRIC_REPRESENTATION_CONTEXT() REPRESENTATION_CONTEXT('2D SPACE',''
  ) );
#5746 = ORIENTED_EDGE('',*,*,#2399,.F.);
#5747 = ADVANCED_FACE('',(#5748),#2385,.T.);
#5748 = FACE_BOUND('',#5749,.T.);
#5749 = EDGE_LOOP('',(#5750,#5751,#5774,#5795));
#5750 = ORIENTED_EDGE('',*,*,#5726,.T.);
#5751 = ORIENTED_EDGE('',*,*,#5752,.T.);
#5752 = EDGE_CURVE('',#5704,#5753,#5755,.T.);
#5753 = VERTEX_POINT('',#5754);
#5754 = CARTESIAN_POINT('',(1.35,17.452400716146,-2.743099395752));
#5755 = SURFACE_CURVE('',#5756,(#5760,#5767),.PCURVE_S1.);
#5756 = B_SPLINE_CURVE_WITH_KNOTS('',2,(#5757,#5758,#5759),
  .UNSPECIFIED.,.F.,.F.,(3,3),(0.,1.),.PIECEWISE_BEZIER_KNOTS.);
#5757 = CARTESIAN_POINT('',(1.35,17.311602864583,-2.264602976481));
#5758 = CARTESIAN_POINT('',(1.35,17.311602864583,-2.566000111898));
#5759 = CARTESIAN_POINT('',(1.35,17.452400716146,-2.743099395752));
#5760 = PCURVE('',#2385,#5761);
#5761 = DEFINITIONAL_REPRESENTATION('',(#5762),#5766);
#5762 = LINE('',#5763,#5764);
#5763 = CARTESIAN_POINT('',(0.,-0.35));
#5764 = VECTOR('',#5765,1.);
#5765 = DIRECTION('',(1.,0.));
#5766 = ( GEOMETRIC_REPRESENTATION_CONTEXT(2)
PARAMETRIC_REPRESENTATION_CONTEXT() REPRESENTATION_CONTEXT('2D SPACE',''
  ) );
#5767 = PCURVE('',#5224,#5768);
#5768 = DEFINITIONAL_REPRESENTATION('',(#5769),#5773);
#5769 = B_SPLINE_CURVE_WITH_KNOTS('',2,(#5770,#5771,#5772),
  .UNSPECIFIED.,.F.,.F.,(3,3),(0.,1.),.PIECEWISE_BEZIER_KNOTS.);
#5770 = CARTESIAN_POINT('',(0.292602864583,0.785397135417));
#5771 = CARTESIAN_POINT('',(0.292602864583,0.484));
#5772 = CARTESIAN_POINT('',(0.433400716146,0.306900716146));
#5773 = ( GEOMETRIC_REPRESENTATION_CONTEXT(2)
PARAMETRIC_REPRESENTATION_CONTEXT() REPRESENTATION_CONTEXT('2D SPACE',''
  ) );
#5774 = ORIENTED_EDGE('',*,*,#5775,.F.);
#5775 = EDGE_CURVE('',#2340,#5753,#5776,.T.);
#5776 = SURFACE_CURVE('',#5777,(#5781,#5788),.PCURVE_S1.);
#5777 = LINE('',#5778,#5779);
#5778 = CARTESIAN_POINT('',(1.,17.452400716146,-2.743099395752));
#5779 = VECTOR('',#5780,1.);
#5780 = DIRECTION('',(1.,0.,0.));
#5781 = PCURVE('',#2385,#5782);
#5782 = DEFINITIONAL_REPRESENTATION('',(#5783),#5787);
#5783 = LINE('',#5784,#5785);
#5784 = CARTESIAN_POINT('',(1.,0.));
#5785 = VECTOR('',#5786,1.);
#5786 = DIRECTION('',(0.,-1.));
#5787 = ( GEOMETRIC_REPRESENTATION_CONTEXT(2)
PARAMETRIC_REPRESENTATION_CONTEXT() REPRESENTATION_CONTEXT('2D SPACE',''
  ) );
#5788 = PCURVE('',#2355,#5789);
#5789 = DEFINITIONAL_REPRESENTATION('',(#5790),#5794);
#5790 = LINE('',#5791,#5792);
#5791 = CARTESIAN_POINT('',(0.,0.));
#5792 = VECTOR('',#5793,1.);
#5793 = DIRECTION('',(0.,-1.));
#5794 = ( GEOMETRIC_REPRESENTATION_CONTEXT(2)
PARAMETRIC_REPRESENTATION_CONTEXT() REPRESENTATION_CONTEXT('2D SPACE',''
  ) );
#5795 = ORIENTED_EDGE('',*,*,#2369,.F.);
#5796 = ADVANCED_FACE('',(#5797),#2355,.T.);
#5797 = FACE_BOUND('',#5798,.T.);
#5798 = EDGE_LOOP('',(#5799,#5800,#5823,#5844));
#5799 = ORIENTED_EDGE('',*,*,#5775,.T.);
#5800 = ORIENTED_EDGE('',*,*,#5801,.T.);
#5801 = EDGE_CURVE('',#5753,#5802,#5804,.T.);
#5802 = VERTEX_POINT('',#5803);
#5803 = CARTESIAN_POINT('',(1.35,17.833,-2.920198679606));
#5804 = SURFACE_CURVE('',#5805,(#5809,#5816),.PCURVE_S1.);
#5805 = B_SPLINE_CURVE_WITH_KNOTS('',2,(#5806,#5807,#5808),
  .UNSPECIFIED.,.F.,.F.,(3,3),(0.,1.),.PIECEWISE_BEZIER_KNOTS.);
#5806 = CARTESIAN_POINT('',(1.35,17.452400716146,-2.743099395752));
#5807 = CARTESIAN_POINT('',(1.35,17.593198567708,-2.920198679606));
#5808 = CARTESIAN_POINT('',(1.35,17.833,-2.920198679606));
#5809 = PCURVE('',#2355,#5810);
#5810 = DEFINITIONAL_REPRESENTATION('',(#5811),#5815);
#5811 = LINE('',#5812,#5813);
#5812 = CARTESIAN_POINT('',(0.,-0.35));
#5813 = VECTOR('',#5814,1.);
#5814 = DIRECTION('',(1.,0.));
#5815 = ( GEOMETRIC_REPRESENTATION_CONTEXT(2)
PARAMETRIC_REPRESENTATION_CONTEXT() REPRESENTATION_CONTEXT('2D SPACE',''
  ) );
#5816 = PCURVE('',#5224,#5817);
#5817 = DEFINITIONAL_REPRESENTATION('',(#5818),#5822);
#5818 = B_SPLINE_CURVE_WITH_KNOTS('',2,(#5819,#5820,#5821),
  .UNSPECIFIED.,.F.,.F.,(3,3),(0.,1.),.PIECEWISE_BEZIER_KNOTS.);
#5819 = CARTESIAN_POINT('',(0.433400716146,0.306900716146));
#5820 = CARTESIAN_POINT('',(0.574198567708,0.129801432292));
#5821 = CARTESIAN_POINT('',(0.814,0.129801432292));
#5822 = ( GEOMETRIC_REPRESENTATION_CONTEXT(2)
PARAMETRIC_REPRESENTATION_CONTEXT() REPRESENTATION_CONTEXT('2D SPACE',''
  ) );
#5823 = ORIENTED_EDGE('',*,*,#5824,.F.);
#5824 = EDGE_CURVE('',#2310,#5802,#5825,.T.);
#5825 = SURFACE_CURVE('',#5826,(#5830,#5837),.PCURVE_S1.);
#5826 = LINE('',#5827,#5828);
#5827 = CARTESIAN_POINT('',(1.,17.833,-2.920198679606));
#5828 = VECTOR('',#5829,1.);
#5829 = DIRECTION('',(1.,0.,0.));
#5830 = PCURVE('',#2355,#5831);
#5831 = DEFINITIONAL_REPRESENTATION('',(#5832),#5836);
#5832 = LINE('',#5833,#5834);
#5833 = CARTESIAN_POINT('',(1.,0.));
#5834 = VECTOR('',#5835,1.);
#5835 = DIRECTION('',(0.,-1.));
#5836 = ( GEOMETRIC_REPRESENTATION_CONTEXT(2)
PARAMETRIC_REPRESENTATION_CONTEXT() REPRESENTATION_CONTEXT('2D SPACE',''
  ) );
#5837 = PCURVE('',#2325,#5838);
#5838 = DEFINITIONAL_REPRESENTATION('',(#5839),#5843);
#5839 = LINE('',#5840,#5841);
#5840 = CARTESIAN_POINT('',(0.,0.));
#5841 = VECTOR('',#5842,1.);
#5842 = DIRECTION('',(0.,-1.));
#5843 = ( GEOMETRIC_REPRESENTATION_CONTEXT(2)
PARAMETRIC_REPRESENTATION_CONTEXT() REPRESENTATION_CONTEXT('2D SPACE',''
  ) );
#5844 = ORIENTED_EDGE('',*,*,#2339,.F.);
#5845 = ADVANCED_FACE('',(#5846),#2325,.T.);
#5846 = FACE_BOUND('',#5847,.T.);
#5847 = EDGE_LOOP('',(#5848,#5849,#5872,#5893));
#5848 = ORIENTED_EDGE('',*,*,#5824,.T.);
#5849 = ORIENTED_EDGE('',*,*,#5850,.T.);
#5850 = EDGE_CURVE('',#5802,#5851,#5853,.T.);
#5851 = VERTEX_POINT('',#5852);
#5852 = CARTESIAN_POINT('',(1.35,18.136599283854,-2.809099395752));
#5853 = SURFACE_CURVE('',#5854,(#5858,#5865),.PCURVE_S1.);
#5854 = B_SPLINE_CURVE_WITH_KNOTS('',2,(#5855,#5856,#5857),
  .UNSPECIFIED.,.F.,.F.,(3,3),(0.,1.),.PIECEWISE_BEZIER_KNOTS.);
#5855 = CARTESIAN_POINT('',(1.35,17.833,-2.920198679606));
#5856 = CARTESIAN_POINT('',(1.35,18.031,-2.920198679606));
#5857 = CARTESIAN_POINT('',(1.35,18.136599283854,-2.809099395752));
#5858 = PCURVE('',#2325,#5859);
#5859 = DEFINITIONAL_REPRESENTATION('',(#5860),#5864);
#5860 = LINE('',#5861,#5862);
#5861 = CARTESIAN_POINT('',(0.,-0.35));
#5862 = VECTOR('',#5863,1.);
#5863 = DIRECTION('',(1.,0.));
#5864 = ( GEOMETRIC_REPRESENTATION_CONTEXT(2)
PARAMETRIC_REPRESENTATION_CONTEXT() REPRESENTATION_CONTEXT('2D SPACE',''
  ) );
#5865 = PCURVE('',#5224,#5866);
#5866 = DEFINITIONAL_REPRESENTATION('',(#5867),#5871);
#5867 = B_SPLINE_CURVE_WITH_KNOTS('',2,(#5868,#5869,#5870),
  .UNSPECIFIED.,.F.,.F.,(3,3),(0.,1.),.PIECEWISE_BEZIER_KNOTS.);
#5868 = CARTESIAN_POINT('',(0.814,0.129801432292));
#5869 = CARTESIAN_POINT('',(1.012,0.129801432292));
#5870 = CARTESIAN_POINT('',(1.117599283854,0.240900716146));
#5871 = ( GEOMETRIC_REPRESENTATION_CONTEXT(2)
PARAMETRIC_REPRESENTATION_CONTEXT() REPRESENTATION_CONTEXT('2D SPACE',''
  ) );
#5872 = ORIENTED_EDGE('',*,*,#5873,.F.);
#5873 = EDGE_CURVE('',#2280,#5851,#5874,.T.);
#5874 = SURFACE_CURVE('',#5875,(#5879,#5886),.PCURVE_S1.);
#5875 = LINE('',#5876,#5877);
#5876 = CARTESIAN_POINT('',(1.,18.136599283854,-2.809099395752));
#5877 = VECTOR('',#5878,1.);
#5878 = DIRECTION('',(1.,0.,0.));
#5879 = PCURVE('',#2325,#5880);
#5880 = DEFINITIONAL_REPRESENTATION('',(#5881),#5885);
#5881 = LINE('',#5882,#5883);
#5882 = CARTESIAN_POINT('',(1.,0.));
#5883 = VECTOR('',#5884,1.);
#5884 = DIRECTION('',(0.,-1.));
#5885 = ( GEOMETRIC_REPRESENTATION_CONTEXT(2)
PARAMETRIC_REPRESENTATION_CONTEXT() REPRESENTATION_CONTEXT('2D SPACE',''
  ) );
#5886 = PCURVE('',#2295,#5887);
#5887 = DEFINITIONAL_REPRESENTATION('',(#5888),#5892);
#5888 = LINE('',#5889,#5890);
#5889 = CARTESIAN_POINT('',(0.,0.));
#5890 = VECTOR('',#5891,1.);
#5891 = DIRECTION('',(0.,-1.));
#5892 = ( GEOMETRIC_REPRESENTATION_CONTEXT(2)
PARAMETRIC_REPRESENTATION_CONTEXT() REPRESENTATION_CONTEXT('2D SPACE',''
  ) );
#5893 = ORIENTED_EDGE('',*,*,#2309,.F.);
#5894 = ADVANCED_FACE('',(#5895),#2295,.T.);
#5895 = FACE_BOUND('',#5896,.T.);
#5896 = EDGE_LOOP('',(#5897,#5898,#5921,#5942));
#5897 = ORIENTED_EDGE('',*,*,#5873,.T.);
#5898 = ORIENTED_EDGE('',*,*,#5899,.T.);
#5899 = EDGE_CURVE('',#5851,#5900,#5902,.T.);
#5900 = VERTEX_POINT('',#5901);
#5901 = CARTESIAN_POINT('',(1.35,18.279602864583,-2.464801544189));
#5902 = SURFACE_CURVE('',#5903,(#5907,#5914),.PCURVE_S1.);
#5903 = B_SPLINE_CURVE_WITH_KNOTS('',2,(#5904,#5905,#5906),
  .UNSPECIFIED.,.F.,.F.,(3,3),(0.,1.),.PIECEWISE_BEZIER_KNOTS.);
#5904 = CARTESIAN_POINT('',(1.35,18.136599283854,-2.809099395752));
#5905 = CARTESIAN_POINT('',(1.35,18.242198567708,-2.698000111898));
#5906 = CARTESIAN_POINT('',(1.35,18.279602864583,-2.464801544189));
#5907 = PCURVE('',#2295,#5908);
#5908 = DEFINITIONAL_REPRESENTATION('',(#5909),#5913);
#5909 = LINE('',#5910,#5911);
#5910 = CARTESIAN_POINT('',(0.,-0.35));
#5911 = VECTOR('',#5912,1.);
#5912 = DIRECTION('',(1.,0.));
#5913 = ( GEOMETRIC_REPRESENTATION_CONTEXT(2)
PARAMETRIC_REPRESENTATION_CONTEXT() REPRESENTATION_CONTEXT('2D SPACE',''
  ) );
#5914 = PCURVE('',#5224,#5915);
#5915 = DEFINITIONAL_REPRESENTATION('',(#5916),#5920);
#5916 = B_SPLINE_CURVE_WITH_KNOTS('',2,(#5917,#5918,#5919),
  .UNSPECIFIED.,.F.,.F.,(3,3),(0.,1.),.PIECEWISE_BEZIER_KNOTS.);
#5917 = CARTESIAN_POINT('',(1.117599283854,0.240900716146));
#5918 = CARTESIAN_POINT('',(1.223198567708,0.352));
#5919 = CARTESIAN_POINT('',(1.260602864583,0.585198567708));
#5920 = ( GEOMETRIC_REPRESENTATION_CONTEXT(2)
PARAMETRIC_REPRESENTATION_CONTEXT() REPRESENTATION_CONTEXT('2D SPACE',''
  ) );
#5921 = ORIENTED_EDGE('',*,*,#5922,.F.);
#5922 = EDGE_CURVE('',#2252,#5900,#5923,.T.);
#5923 = SURFACE_CURVE('',#5924,(#5928,#5935),.PCURVE_S1.);
#5924 = LINE('',#5925,#5926);
#5925 = CARTESIAN_POINT('',(1.,18.279602864583,-2.464801544189));
#5926 = VECTOR('',#5927,1.);
#5927 = DIRECTION('',(1.,0.,0.));
#5928 = PCURVE('',#2295,#5929);
#5929 = DEFINITIONAL_REPRESENTATION('',(#5930),#5934);
#5930 = LINE('',#5931,#5932);
#5931 = CARTESIAN_POINT('',(1.,0.));
#5932 = VECTOR('',#5933,1.);
#5933 = DIRECTION('',(0.,-1.));
#5934 = ( GEOMETRIC_REPRESENTATION_CONTEXT(2)
PARAMETRIC_REPRESENTATION_CONTEXT() REPRESENTATION_CONTEXT('2D SPACE',''
  ) );
#5935 = PCURVE('',#2267,#5936);
#5936 = DEFINITIONAL_REPRESENTATION('',(#5937),#5941);
#5937 = LINE('',#5938,#5939);
#5938 = CARTESIAN_POINT('',(0.,0.));
#5939 = VECTOR('',#5940,1.);
#5940 = DIRECTION('',(0.,-1.));
#5941 = ( GEOMETRIC_REPRESENTATION_CONTEXT(2)
PARAMETRIC_REPRESENTATION_CONTEXT() REPRESENTATION_CONTEXT('2D SPACE',''
  ) );
#5942 = ORIENTED_EDGE('',*,*,#2279,.F.);
#5943 = ADVANCED_FACE('',(#5944),#2267,.T.);
#5944 = FACE_BOUND('',#5945,.T.);
#5945 = EDGE_LOOP('',(#5946,#5947,#5970,#5991));
#5946 = ORIENTED_EDGE('',*,*,#5922,.T.);
#5947 = ORIENTED_EDGE('',*,*,#5948,.T.);
#5948 = EDGE_CURVE('',#5900,#5949,#5951,.T.);
#5949 = VERTEX_POINT('',#5950);
#5950 = CARTESIAN_POINT('',(1.35,18.490801432292,-2.464801544189));
#5951 = SURFACE_CURVE('',#5952,(#5956,#5963),.PCURVE_S1.);
#5952 = LINE('',#5953,#5954);
#5953 = CARTESIAN_POINT('',(1.35,18.279602864583,-2.464801544189));
#5954 = VECTOR('',#5955,1.);
#5955 = DIRECTION('',(0.,1.,0.));
#5956 = PCURVE('',#2267,#5957);
#5957 = DEFINITIONAL_REPRESENTATION('',(#5958),#5962);
#5958 = LINE('',#5959,#5960);
#5959 = CARTESIAN_POINT('',(0.,-0.35));
#5960 = VECTOR('',#5961,1.);
#5961 = DIRECTION('',(1.,0.));
#5962 = ( GEOMETRIC_REPRESENTATION_CONTEXT(2)
PARAMETRIC_REPRESENTATION_CONTEXT() REPRESENTATION_CONTEXT('2D SPACE',''
  ) );
#5963 = PCURVE('',#5224,#5964);
#5964 = DEFINITIONAL_REPRESENTATION('',(#5965),#5969);
#5965 = LINE('',#5966,#5967);
#5966 = CARTESIAN_POINT('',(1.260602864583,0.585198567708));
#5967 = VECTOR('',#5968,1.);
#5968 = DIRECTION('',(1.,0.));
#5969 = ( GEOMETRIC_REPRESENTATION_CONTEXT(2)
PARAMETRIC_REPRESENTATION_CONTEXT() REPRESENTATION_CONTEXT('2D SPACE',''
  ) );
#5970 = ORIENTED_EDGE('',*,*,#5971,.F.);
#5971 = EDGE_CURVE('',#2222,#5949,#5972,.T.);
#5972 = SURFACE_CURVE('',#5973,(#5977,#5984),.PCURVE_S1.);
#5973 = LINE('',#5974,#5975);
#5974 = CARTESIAN_POINT('',(1.,18.490801432292,-2.464801544189));
#5975 = VECTOR('',#5976,1.);
#5976 = DIRECTION('',(1.,0.,0.));
#5977 = PCURVE('',#2267,#5978);
#5978 = DEFINITIONAL_REPRESENTATION('',(#5979),#5983);
#5979 = LINE('',#5980,#5981);
#5980 = CARTESIAN_POINT('',(0.211198567708,0.));
#5981 = VECTOR('',#5982,1.);
#5982 = DIRECTION('',(0.,-1.));
#5983 = ( GEOMETRIC_REPRESENTATION_CONTEXT(2)
PARAMETRIC_REPRESENTATION_CONTEXT() REPRESENTATION_CONTEXT('2D SPACE',''
  ) );
#5984 = PCURVE('',#2237,#5985);
#5985 = DEFINITIONAL_REPRESENTATION('',(#5986),#5990);
#5986 = LINE('',#5987,#5988);
#5987 = CARTESIAN_POINT('',(0.,0.));
#5988 = VECTOR('',#5989,1.);
#5989 = DIRECTION('',(0.,-1.));
#5990 = ( GEOMETRIC_REPRESENTATION_CONTEXT(2)
PARAMETRIC_REPRESENTATION_CONTEXT() REPRESENTATION_CONTEXT('2D SPACE',''
  ) );
#5991 = ORIENTED_EDGE('',*,*,#2251,.F.);
#5992 = ADVANCED_FACE('',(#5993),#2237,.T.);
#5993 = FACE_BOUND('',#5994,.T.);
#5994 = EDGE_LOOP('',(#5995,#5996,#6019,#6040));
#5995 = ORIENTED_EDGE('',*,*,#5971,.T.);
#5996 = ORIENTED_EDGE('',*,*,#5997,.T.);
#5997 = EDGE_CURVE('',#5949,#5998,#6000,.T.);
#5998 = VERTEX_POINT('',#5999);
#5999 = CARTESIAN_POINT('',(1.35,17.830801432292,-3.100602976481));
#6000 = SURFACE_CURVE('',#6001,(#6005,#6012),.PCURVE_S1.);
#6001 = B_SPLINE_CURVE_WITH_KNOTS('',2,(#6002,#6003,#6004),
  .UNSPECIFIED.,.F.,.F.,(3,3),(0.,1.),.PIECEWISE_BEZIER_KNOTS.);
#6002 = CARTESIAN_POINT('',(1.35,18.490801432292,-2.464801544189));
#6003 = CARTESIAN_POINT('',(1.35,18.418198567708,-3.100602976481));
#6004 = CARTESIAN_POINT('',(1.35,17.830801432292,-3.100602976481));
#6005 = PCURVE('',#2237,#6006);
#6006 = DEFINITIONAL_REPRESENTATION('',(#6007),#6011);
#6007 = LINE('',#6008,#6009);
#6008 = CARTESIAN_POINT('',(0.,-0.35));
#6009 = VECTOR('',#6010,1.);
#6010 = DIRECTION('',(1.,0.));
#6011 = ( GEOMETRIC_REPRESENTATION_CONTEXT(2)
PARAMETRIC_REPRESENTATION_CONTEXT() REPRESENTATION_CONTEXT('2D SPACE',''
  ) );
#6012 = PCURVE('',#5224,#6013);
#6013 = DEFINITIONAL_REPRESENTATION('',(#6014),#6018);
#6014 = B_SPLINE_CURVE_WITH_KNOTS('',2,(#6015,#6016,#6017),
  .UNSPECIFIED.,.F.,.F.,(3,3),(0.,1.),.PIECEWISE_BEZIER_KNOTS.);
#6015 = CARTESIAN_POINT('',(1.471801432292,0.585198567708));
#6016 = CARTESIAN_POINT('',(1.399198567708,-5.060286458333E-02));
#6017 = CARTESIAN_POINT('',(0.811801432292,-5.060286458333E-02));
#6018 = ( GEOMETRIC_REPRESENTATION_CONTEXT(2)
PARAMETRIC_REPRESENTATION_CONTEXT() REPRESENTATION_CONTEXT('2D SPACE',''
  ) );
#6019 = ORIENTED_EDGE('',*,*,#6020,.F.);
#6020 = EDGE_CURVE('',#2192,#5998,#6021,.T.);
#6021 = SURFACE_CURVE('',#6022,(#6026,#6033),.PCURVE_S1.);
#6022 = LINE('',#6023,#6024);
#6023 = CARTESIAN_POINT('',(1.,17.830801432292,-3.100602976481));
#6024 = VECTOR('',#6025,1.);
#6025 = DIRECTION('',(1.,0.,0.));
#6026 = PCURVE('',#2237,#6027);
#6027 = DEFINITIONAL_REPRESENTATION('',(#6028),#6032);
#6028 = LINE('',#6029,#6030);
#6029 = CARTESIAN_POINT('',(1.,0.));
#6030 = VECTOR('',#6031,1.);
#6031 = DIRECTION('',(0.,-1.));
#6032 = ( GEOMETRIC_REPRESENTATION_CONTEXT(2)
PARAMETRIC_REPRESENTATION_CONTEXT() REPRESENTATION_CONTEXT('2D SPACE',''
  ) );
#6033 = PCURVE('',#2207,#6034);
#6034 = DEFINITIONAL_REPRESENTATION('',(#6035),#6039);
#6035 = LINE('',#6036,#6037);
#6036 = CARTESIAN_POINT('',(0.,0.));
#6037 = VECTOR('',#6038,1.);
#6038 = DIRECTION('',(0.,-1.));
#6039 = ( GEOMETRIC_REPRESENTATION_CONTEXT(2)
PARAMETRIC_REPRESENTATION_CONTEXT() REPRESENTATION_CONTEXT('2D SPACE',''
  ) );
#6040 = ORIENTED_EDGE('',*,*,#2221,.F.);
#6041 = ADVANCED_FACE('',(#6042),#2207,.T.);
#6042 = FACE_BOUND('',#6043,.T.);
#6043 = EDGE_LOOP('',(#6044,#6045,#6068,#6089));
#6044 = ORIENTED_EDGE('',*,*,#6020,.T.);
#6045 = ORIENTED_EDGE('',*,*,#6046,.T.);
#6046 = EDGE_CURVE('',#5998,#6047,#6049,.T.);
#6047 = VERTEX_POINT('',#6048);
#6048 = CARTESIAN_POINT('',(1.35,17.534900716146,-3.044500111898));
#6049 = SURFACE_CURVE('',#6050,(#6054,#6061),.PCURVE_S1.);
#6050 = B_SPLINE_CURVE_WITH_KNOTS('',2,(#6051,#6052,#6053),
  .UNSPECIFIED.,.F.,.F.,(3,3),(0.,1.),.PIECEWISE_BEZIER_KNOTS.);
#6051 = CARTESIAN_POINT('',(1.35,17.830801432292,-3.100602976481));
#6052 = CARTESIAN_POINT('',(1.35,17.665801432292,-3.100602976481));
#6053 = CARTESIAN_POINT('',(1.35,17.534900716146,-3.044500111898));
#6054 = PCURVE('',#2207,#6055);
#6055 = DEFINITIONAL_REPRESENTATION('',(#6056),#6060);
#6056 = LINE('',#6057,#6058);
#6057 = CARTESIAN_POINT('',(0.,-0.35));
#6058 = VECTOR('',#6059,1.);
#6059 = DIRECTION('',(1.,0.));
#6060 = ( GEOMETRIC_REPRESENTATION_CONTEXT(2)
PARAMETRIC_REPRESENTATION_CONTEXT() REPRESENTATION_CONTEXT('2D SPACE',''
  ) );
#6061 = PCURVE('',#5224,#6062);
#6062 = DEFINITIONAL_REPRESENTATION('',(#6063),#6067);
#6063 = B_SPLINE_CURVE_WITH_KNOTS('',2,(#6064,#6065,#6066),
  .UNSPECIFIED.,.F.,.F.,(3,3),(0.,1.),.PIECEWISE_BEZIER_KNOTS.);
#6064 = CARTESIAN_POINT('',(0.811801432292,-5.060286458333E-02));
#6065 = CARTESIAN_POINT('',(0.646801432292,-5.060286458333E-02));
#6066 = CARTESIAN_POINT('',(0.515900716146,5.5E-03));
#6067 = ( GEOMETRIC_REPRESENTATION_CONTEXT(2)
PARAMETRIC_REPRESENTATION_CONTEXT() REPRESENTATION_CONTEXT('2D SPACE',''
  ) );
#6068 = ORIENTED_EDGE('',*,*,#6069,.F.);
#6069 = EDGE_CURVE('',#2162,#6047,#6070,.T.);
#6070 = SURFACE_CURVE('',#6071,(#6075,#6082),.PCURVE_S1.);
#6071 = LINE('',#6072,#6073);
#6072 = CARTESIAN_POINT('',(1.,17.534900716146,-3.044500111898));
#6073 = VECTOR('',#6074,1.);
#6074 = DIRECTION('',(1.,0.,0.));
#6075 = PCURVE('',#2207,#6076);
#6076 = DEFINITIONAL_REPRESENTATION('',(#6077),#6081);
#6077 = LINE('',#6078,#6079);
#6078 = CARTESIAN_POINT('',(1.,0.));
#6079 = VECTOR('',#6080,1.);
#6080 = DIRECTION('',(0.,-1.));
#6081 = ( GEOMETRIC_REPRESENTATION_CONTEXT(2)
PARAMETRIC_REPRESENTATION_CONTEXT() REPRESENTATION_CONTEXT('2D SPACE',''
  ) );
#6082 = PCURVE('',#2177,#6083);
#6083 = DEFINITIONAL_REPRESENTATION('',(#6084),#6088);
#6084 = LINE('',#6085,#6086);
#6085 = CARTESIAN_POINT('',(0.,0.));
#6086 = VECTOR('',#6087,1.);
#6087 = DIRECTION('',(0.,-1.));
#6088 = ( GEOMETRIC_REPRESENTATION_CONTEXT(2)
PARAMETRIC_REPRESENTATION_CONTEXT() REPRESENTATION_CONTEXT('2D SPACE',''
  ) );
#6089 = ORIENTED_EDGE('',*,*,#2191,.F.);
#6090 = ADVANCED_FACE('',(#6091),#2177,.T.);
#6091 = FACE_BOUND('',#6092,.T.);
#6092 = EDGE_LOOP('',(#6093,#6094,#6117,#6138));
#6093 = ORIENTED_EDGE('',*,*,#6069,.T.);
#6094 = ORIENTED_EDGE('',*,*,#6095,.T.);
#6095 = EDGE_CURVE('',#6047,#6096,#6098,.T.);
#6096 = VERTEX_POINT('',#6097);
#6097 = CARTESIAN_POINT('',(1.35,17.325900716146,-2.902599395752));
#6098 = SURFACE_CURVE('',#6099,(#6103,#6110),.PCURVE_S1.);
#6099 = B_SPLINE_CURVE_WITH_KNOTS('',2,(#6100,#6101,#6102),
  .UNSPECIFIED.,.F.,.F.,(3,3),(0.,1.),.PIECEWISE_BEZIER_KNOTS.);
#6100 = CARTESIAN_POINT('',(1.35,17.534900716146,-3.044500111898));
#6101 = CARTESIAN_POINT('',(1.35,17.404,-2.988397247314));
#6102 = CARTESIAN_POINT('',(1.35,17.325900716146,-2.902599395752));
#6103 = PCURVE('',#2177,#6104);
#6104 = DEFINITIONAL_REPRESENTATION('',(#6105),#6109);
#6105 = LINE('',#6106,#6107);
#6106 = CARTESIAN_POINT('',(0.,-0.35));
#6107 = VECTOR('',#6108,1.);
#6108 = DIRECTION('',(1.,0.));
#6109 = ( GEOMETRIC_REPRESENTATION_CONTEXT(2)
PARAMETRIC_REPRESENTATION_CONTEXT() REPRESENTATION_CONTEXT('2D SPACE',''
  ) );
#6110 = PCURVE('',#5224,#6111);
#6111 = DEFINITIONAL_REPRESENTATION('',(#6112),#6116);
#6112 = B_SPLINE_CURVE_WITH_KNOTS('',2,(#6113,#6114,#6115),
  .UNSPECIFIED.,.F.,.F.,(3,3),(0.,1.),.PIECEWISE_BEZIER_KNOTS.);
#6113 = CARTESIAN_POINT('',(0.515900716146,5.5E-03));
#6114 = CARTESIAN_POINT('',(0.385,6.160286458333E-02));
#6115 = CARTESIAN_POINT('',(0.306900716146,0.147400716146));
#6116 = ( GEOMETRIC_REPRESENTATION_CONTEXT(2)
PARAMETRIC_REPRESENTATION_CONTEXT() REPRESENTATION_CONTEXT('2D SPACE',''
  ) );
#6117 = ORIENTED_EDGE('',*,*,#6118,.F.);
#6118 = EDGE_CURVE('',#2132,#6096,#6119,.T.);
#6119 = SURFACE_CURVE('',#6120,(#6124,#6131),.PCURVE_S1.);
#6120 = LINE('',#6121,#6122);
#6121 = CARTESIAN_POINT('',(1.,17.325900716146,-2.902599395752));
#6122 = VECTOR('',#6123,1.);
#6123 = DIRECTION('',(1.,0.,0.));
#6124 = PCURVE('',#2177,#6125);
#6125 = DEFINITIONAL_REPRESENTATION('',(#6126),#6130);
#6126 = LINE('',#6127,#6128);
#6127 = CARTESIAN_POINT('',(1.,0.));
#6128 = VECTOR('',#6129,1.);
#6129 = DIRECTION('',(0.,-1.));
#6130 = ( GEOMETRIC_REPRESENTATION_CONTEXT(2)
PARAMETRIC_REPRESENTATION_CONTEXT() REPRESENTATION_CONTEXT('2D SPACE',''
  ) );
#6131 = PCURVE('',#2147,#6132);
#6132 = DEFINITIONAL_REPRESENTATION('',(#6133),#6137);
#6133 = LINE('',#6134,#6135);
#6134 = CARTESIAN_POINT('',(0.,0.));
#6135 = VECTOR('',#6136,1.);
#6136 = DIRECTION('',(0.,-1.));
#6137 = ( GEOMETRIC_REPRESENTATION_CONTEXT(2)
PARAMETRIC_REPRESENTATION_CONTEXT() REPRESENTATION_CONTEXT('2D SPACE',''
  ) );
#6138 = ORIENTED_EDGE('',*,*,#2161,.F.);
#6139 = ADVANCED_FACE('',(#6140),#2147,.T.);
#6140 = FACE_BOUND('',#6141,.T.);
#6141 = EDGE_LOOP('',(#6142,#6143,#6166,#6187));
#6142 = ORIENTED_EDGE('',*,*,#6118,.T.);
#6143 = ORIENTED_EDGE('',*,*,#6144,.T.);
#6144 = EDGE_CURVE('',#6096,#6145,#6147,.T.);
#6145 = VERTEX_POINT('',#6146);
#6146 = CARTESIAN_POINT('',(1.35,17.196099283854,-2.701301544189));
#6147 = SURFACE_CURVE('',#6148,(#6152,#6159),.PCURVE_S1.);
#6148 = B_SPLINE_CURVE_WITH_KNOTS('',2,(#6149,#6150,#6151),
  .UNSPECIFIED.,.F.,.F.,(3,3),(0.,1.),.PIECEWISE_BEZIER_KNOTS.);
#6149 = CARTESIAN_POINT('',(1.35,17.325900716146,-2.902599395752));
#6150 = CARTESIAN_POINT('',(1.35,17.247801432292,-2.816801544189));
#6151 = CARTESIAN_POINT('',(1.35,17.196099283854,-2.701301544189));
#6152 = PCURVE('',#2147,#6153);
#6153 = DEFINITIONAL_REPRESENTATION('',(#6154),#6158);
#6154 = LINE('',#6155,#6156);
#6155 = CARTESIAN_POINT('',(0.,-0.35));
#6156 = VECTOR('',#6157,1.);
#6157 = DIRECTION('',(1.,0.));
#6158 = ( GEOMETRIC_REPRESENTATION_CONTEXT(2)
PARAMETRIC_REPRESENTATION_CONTEXT() REPRESENTATION_CONTEXT('2D SPACE',''
  ) );
#6159 = PCURVE('',#5224,#6160);
#6160 = DEFINITIONAL_REPRESENTATION('',(#6161),#6165);
#6161 = B_SPLINE_CURVE_WITH_KNOTS('',2,(#6162,#6163,#6164),
  .UNSPECIFIED.,.F.,.F.,(3,3),(0.,1.),.PIECEWISE_BEZIER_KNOTS.);
#6162 = CARTESIAN_POINT('',(0.306900716146,0.147400716146));
#6163 = CARTESIAN_POINT('',(0.228801432292,0.233198567708));
#6164 = CARTESIAN_POINT('',(0.177099283854,0.348698567708));
#6165 = ( GEOMETRIC_REPRESENTATION_CONTEXT(2)
PARAMETRIC_REPRESENTATION_CONTEXT() REPRESENTATION_CONTEXT('2D SPACE',''
  ) );
#6166 = ORIENTED_EDGE('',*,*,#6167,.F.);
#6167 = EDGE_CURVE('',#2102,#6145,#6168,.T.);
#6168 = SURFACE_CURVE('',#6169,(#6173,#6180),.PCURVE_S1.);
#6169 = LINE('',#6170,#6171);
#6170 = CARTESIAN_POINT('',(1.,17.196099283854,-2.701301544189));
#6171 = VECTOR('',#6172,1.);
#6172 = DIRECTION('',(1.,0.,0.));
#6173 = PCURVE('',#2147,#6174);
#6174 = DEFINITIONAL_REPRESENTATION('',(#6175),#6179);
#6175 = LINE('',#6176,#6177);
#6176 = CARTESIAN_POINT('',(1.,0.));
#6177 = VECTOR('',#6178,1.);
#6178 = DIRECTION('',(0.,-1.));
#6179 = ( GEOMETRIC_REPRESENTATION_CONTEXT(2)
PARAMETRIC_REPRESENTATION_CONTEXT() REPRESENTATION_CONTEXT('2D SPACE',''
  ) );
#6180 = PCURVE('',#2117,#6181);
#6181 = DEFINITIONAL_REPRESENTATION('',(#6182),#6186);
#6182 = LINE('',#6183,#6184);
#6183 = CARTESIAN_POINT('',(0.,0.));
#6184 = VECTOR('',#6185,1.);
#6185 = DIRECTION('',(0.,-1.));
#6186 = ( GEOMETRIC_REPRESENTATION_CONTEXT(2)
PARAMETRIC_REPRESENTATION_CONTEXT() REPRESENTATION_CONTEXT('2D SPACE',''
  ) );
#6187 = ORIENTED_EDGE('',*,*,#2131,.F.);
#6188 = ADVANCED_FACE('',(#6189),#2117,.T.);
#6189 = FACE_BOUND('',#6190,.T.);
#6190 = EDGE_LOOP('',(#6191,#6192,#6215,#6236));
#6191 = ORIENTED_EDGE('',*,*,#6167,.T.);
#6192 = ORIENTED_EDGE('',*,*,#6193,.T.);
#6193 = EDGE_CURVE('',#6145,#6194,#6196,.T.);
#6194 = VERTEX_POINT('',#6195);
#6195 = CARTESIAN_POINT('',(1.35,17.125698567708,-2.480202260335));
#6196 = SURFACE_CURVE('',#6197,(#6201,#6208),.PCURVE_S1.);
#6197 = B_SPLINE_CURVE_WITH_KNOTS('',2,(#6198,#6199,#6200),
  .UNSPECIFIED.,.F.,.F.,(3,3),(0.,1.),.PIECEWISE_BEZIER_KNOTS.);
#6198 = CARTESIAN_POINT('',(1.35,17.196099283854,-2.701301544189));
#6199 = CARTESIAN_POINT('',(1.35,17.144397135417,-2.585801544189));
#6200 = CARTESIAN_POINT('',(1.35,17.125698567708,-2.480202260335));
#6201 = PCURVE('',#2117,#6202);
#6202 = DEFINITIONAL_REPRESENTATION('',(#6203),#6207);
#6203 = LINE('',#6204,#6205);
#6204 = CARTESIAN_POINT('',(0.,-0.35));
#6205 = VECTOR('',#6206,1.);
#6206 = DIRECTION('',(1.,0.));
#6207 = ( GEOMETRIC_REPRESENTATION_CONTEXT(2)
PARAMETRIC_REPRESENTATION_CONTEXT() REPRESENTATION_CONTEXT('2D SPACE',''
  ) );
#6208 = PCURVE('',#5224,#6209);
#6209 = DEFINITIONAL_REPRESENTATION('',(#6210),#6214);
#6210 = B_SPLINE_CURVE_WITH_KNOTS('',2,(#6211,#6212,#6213),
  .UNSPECIFIED.,.F.,.F.,(3,3),(0.,1.),.PIECEWISE_BEZIER_KNOTS.);
#6211 = CARTESIAN_POINT('',(0.177099283854,0.348698567708));
#6212 = CARTESIAN_POINT('',(0.125397135417,0.464198567708));
#6213 = CARTESIAN_POINT('',(0.106698567708,0.569797851563));
#6214 = ( GEOMETRIC_REPRESENTATION_CONTEXT(2)
PARAMETRIC_REPRESENTATION_CONTEXT() REPRESENTATION_CONTEXT('2D SPACE',''
  ) );
#6215 = ORIENTED_EDGE('',*,*,#6216,.F.);
#6216 = EDGE_CURVE('',#2072,#6194,#6217,.T.);
#6217 = SURFACE_CURVE('',#6218,(#6222,#6229),.PCURVE_S1.);
#6218 = LINE('',#6219,#6220);
#6219 = CARTESIAN_POINT('',(1.,17.125698567708,-2.480202260335));
#6220 = VECTOR('',#6221,1.);
#6221 = DIRECTION('',(1.,0.,0.));
#6222 = PCURVE('',#2117,#6223);
#6223 = DEFINITIONAL_REPRESENTATION('',(#6224),#6228);
#6224 = LINE('',#6225,#6226);
#6225 = CARTESIAN_POINT('',(1.,0.));
#6226 = VECTOR('',#6227,1.);
#6227 = DIRECTION('',(0.,-1.));
#6228 = ( GEOMETRIC_REPRESENTATION_CONTEXT(2)
PARAMETRIC_REPRESENTATION_CONTEXT() REPRESENTATION_CONTEXT('2D SPACE',''
  ) );
#6229 = PCURVE('',#2087,#6230);
#6230 = DEFINITIONAL_REPRESENTATION('',(#6231),#6235);
#6231 = LINE('',#6232,#6233);
#6232 = CARTESIAN_POINT('',(0.,0.));
#6233 = VECTOR('',#6234,1.);
#6234 = DIRECTION('',(0.,-1.));
#6235 = ( GEOMETRIC_REPRESENTATION_CONTEXT(2)
PARAMETRIC_REPRESENTATION_CONTEXT() REPRESENTATION_CONTEXT('2D SPACE',''
  ) );
#6236 = ORIENTED_EDGE('',*,*,#2101,.F.);
#6237 = ADVANCED_FACE('',(#6238),#2087,.T.);
#6238 = FACE_BOUND('',#6239,.T.);
#6239 = EDGE_LOOP('',(#6240,#6241,#6262,#6263));
#6240 = ORIENTED_EDGE('',*,*,#6216,.T.);
#6241 = ORIENTED_EDGE('',*,*,#6242,.T.);
#6242 = EDGE_CURVE('',#6194,#5186,#6243,.T.);
#6243 = SURFACE_CURVE('',#6244,(#6248,#6255),.PCURVE_S1.);
#6244 = B_SPLINE_CURVE_WITH_KNOTS('',2,(#6245,#6246,#6247),
  .UNSPECIFIED.,.F.,.F.,(3,3),(0.,1.),.PIECEWISE_BEZIER_KNOTS.);
#6245 = CARTESIAN_POINT('',(1.35,17.125698567708,-2.480202260335));
#6246 = CARTESIAN_POINT('',(1.35,17.107,-2.374602976481));
#6247 = CARTESIAN_POINT('',(1.35,17.107,-2.266801544189));
#6248 = PCURVE('',#2087,#6249);
#6249 = DEFINITIONAL_REPRESENTATION('',(#6250),#6254);
#6250 = LINE('',#6251,#6252);
#6251 = CARTESIAN_POINT('',(0.,-0.35));
#6252 = VECTOR('',#6253,1.);
#6253 = DIRECTION('',(1.,0.));
#6254 = ( GEOMETRIC_REPRESENTATION_CONTEXT(2)
PARAMETRIC_REPRESENTATION_CONTEXT() REPRESENTATION_CONTEXT('2D SPACE',''
  ) );
#6255 = PCURVE('',#5224,#6256);
#6256 = DEFINITIONAL_REPRESENTATION('',(#6257),#6261);
#6257 = B_SPLINE_CURVE_WITH_KNOTS('',2,(#6258,#6259,#6260),
  .UNSPECIFIED.,.F.,.F.,(3,3),(0.,1.),.PIECEWISE_BEZIER_KNOTS.);
#6258 = CARTESIAN_POINT('',(0.106698567708,0.569797851563));
#6259 = CARTESIAN_POINT('',(8.8E-02,0.675397135417));
#6260 = CARTESIAN_POINT('',(8.8E-02,0.783198567708));
#6261 = ( GEOMETRIC_REPRESENTATION_CONTEXT(2)
PARAMETRIC_REPRESENTATION_CONTEXT() REPRESENTATION_CONTEXT('2D SPACE',''
  ) );
#6262 = ORIENTED_EDGE('',*,*,#5185,.F.);
#6263 = ORIENTED_EDGE('',*,*,#2071,.F.);
#6264 = ADVANCED_FACE('',(#6265),#2852,.T.);
#6265 = FACE_BOUND('',#6266,.F.);
#6266 = EDGE_LOOP('',(#6267,#6268,#6269,#6270,#6271,#6272,#6273,#6274,
    #6275,#6276,#6277,#6278,#6279,#6280,#6281,#6282,#6283,#6284,#6285,
    #6286,#6287,#6288,#6289,#6290,#6291,#6292));
#6267 = ORIENTED_EDGE('',*,*,#2836,.T.);
#6268 = ORIENTED_EDGE('',*,*,#2890,.T.);
#6269 = ORIENTED_EDGE('',*,*,#2939,.T.);
#6270 = ORIENTED_EDGE('',*,*,#2988,.T.);
#6271 = ORIENTED_EDGE('',*,*,#3037,.T.);
#6272 = ORIENTED_EDGE('',*,*,#3086,.T.);
#6273 = ORIENTED_EDGE('',*,*,#3135,.T.);
#6274 = ORIENTED_EDGE('',*,*,#3184,.T.);
#6275 = ORIENTED_EDGE('',*,*,#3233,.T.);
#6276 = ORIENTED_EDGE('',*,*,#3282,.T.);
#6277 = ORIENTED_EDGE('',*,*,#3331,.T.);
#6278 = ORIENTED_EDGE('',*,*,#3380,.T.);
#6279 = ORIENTED_EDGE('',*,*,#3429,.T.);
#6280 = ORIENTED_EDGE('',*,*,#3478,.T.);
#6281 = ORIENTED_EDGE('',*,*,#3527,.T.);
#6282 = ORIENTED_EDGE('',*,*,#3576,.T.);
#6283 = ORIENTED_EDGE('',*,*,#3625,.T.);
#6284 = ORIENTED_EDGE('',*,*,#3674,.T.);
#6285 = ORIENTED_EDGE('',*,*,#3723,.T.);
#6286 = ORIENTED_EDGE('',*,*,#3772,.T.);
#6287 = ORIENTED_EDGE('',*,*,#3821,.T.);
#6288 = ORIENTED_EDGE('',*,*,#3870,.T.);
#6289 = ORIENTED_EDGE('',*,*,#3919,.T.);
#6290 = ORIENTED_EDGE('',*,*,#3968,.T.);
#6291 = ORIENTED_EDGE('',*,*,#4017,.T.);
#6292 = ORIENTED_EDGE('',*,*,#4066,.T.);
#6293 = ADVANCED_FACE('',(#6294,#6306),#4131,.T.);
#6294 = FACE_BOUND('',#6295,.F.);
#6295 = EDGE_LOOP('',(#6296,#6297,#6298,#6299,#6300,#6301,#6302,#6303,
    #6304,#6305));
#6296 = ORIENTED_EDGE('',*,*,#4115,.T.);
#6297 = ORIENTED_EDGE('',*,*,#4169,.T.);
#6298 = ORIENTED_EDGE('',*,*,#4218,.T.);
#6299 = ORIENTED_EDGE('',*,*,#4267,.T.);
#6300 = ORIENTED_EDGE('',*,*,#4316,.T.);
#6301 = ORIENTED_EDGE('',*,*,#4365,.T.);
#6302 = ORIENTED_EDGE('',*,*,#4414,.T.);
#6303 = ORIENTED_EDGE('',*,*,#4463,.T.);
#6304 = ORIENTED_EDGE('',*,*,#4512,.T.);
#6305 = ORIENTED_EDGE('',*,*,#4561,.T.);
#6306 = FACE_BOUND('',#6307,.F.);
#6307 = EDGE_LOOP('',(#6308,#6340,#6370,#6400,#6430));
#6308 = ORIENTED_EDGE('',*,*,#6309,.T.);
#6309 = EDGE_CURVE('',#6310,#6312,#6314,.T.);
#6310 = VERTEX_POINT('',#6311);
#6311 = CARTESIAN_POINT('',(1.35,21.452,-2.291000111898));
#6312 = VERTEX_POINT('',#6313);
#6313 = CARTESIAN_POINT('',(1.35,21.139602864583,-1.661801544189));
#6314 = SURFACE_CURVE('',#6315,(#6319,#6326),.PCURVE_S1.);
#6315 = B_SPLINE_CURVE_WITH_KNOTS('',2,(#6316,#6317,#6318),
  .UNSPECIFIED.,.F.,.F.,(3,3),(0.,1.),.PIECEWISE_BEZIER_KNOTS.);
#6316 = CARTESIAN_POINT('',(1.35,21.452,-2.291000111898));
#6317 = CARTESIAN_POINT('',(1.35,21.452,-1.661801544189));
#6318 = CARTESIAN_POINT('',(1.35,21.139602864583,-1.661801544189));
#6319 = PCURVE('',#4131,#6320);
#6320 = DEFINITIONAL_REPRESENTATION('',(#6321),#6325);
#6321 = B_SPLINE_CURVE_WITH_KNOTS('',2,(#6322,#6323,#6324),
  .UNSPECIFIED.,.F.,.F.,(3,3),(0.,1.),.PIECEWISE_BEZIER_KNOTS.);
#6322 = CARTESIAN_POINT('',(0.917397135417,0.759));
#6323 = CARTESIAN_POINT('',(0.917397135417,1.388198567708));
#6324 = CARTESIAN_POINT('',(0.605,1.388198567708));
#6325 = ( GEOMETRIC_REPRESENTATION_CONTEXT(2)
PARAMETRIC_REPRESENTATION_CONTEXT() REPRESENTATION_CONTEXT('2D SPACE',''
  ) );
#6326 = PCURVE('',#6327,#6334);
#6327 = SURFACE_OF_LINEAR_EXTRUSION('',#6328,#6332);
#6328 = B_SPLINE_CURVE_WITH_KNOTS('',2,(#6329,#6330,#6331),
  .UNSPECIFIED.,.F.,.F.,(3,3),(0.,1.),.PIECEWISE_BEZIER_KNOTS.);
#6329 = CARTESIAN_POINT('',(1.,21.452,-2.291000111898));
#6330 = CARTESIAN_POINT('',(1.,21.452,-1.661801544189));
#6331 = CARTESIAN_POINT('',(1.,21.139602864583,-1.661801544189));
#6332 = VECTOR('',#6333,1.);
#6333 = DIRECTION('',(-1.,-0.,-0.));
#6334 = DEFINITIONAL_REPRESENTATION('',(#6335),#6339);
#6335 = LINE('',#6336,#6337);
#6336 = CARTESIAN_POINT('',(0.,-0.35));
#6337 = VECTOR('',#6338,1.);
#6338 = DIRECTION('',(1.,0.));
#6339 = ( GEOMETRIC_REPRESENTATION_CONTEXT(2)
PARAMETRIC_REPRESENTATION_CONTEXT() REPRESENTATION_CONTEXT('2D SPACE',''
  ) );
#6340 = ORIENTED_EDGE('',*,*,#6341,.T.);
#6341 = EDGE_CURVE('',#6312,#6342,#6344,.T.);
#6342 = VERTEX_POINT('',#6343);
#6343 = CARTESIAN_POINT('',(1.35,20.827205729167,-2.297602976481));
#6344 = SURFACE_CURVE('',#6345,(#6349,#6356),.PCURVE_S1.);
#6345 = B_SPLINE_CURVE_WITH_KNOTS('',2,(#6346,#6347,#6348),
  .UNSPECIFIED.,.F.,.F.,(3,3),(0.,1.),.PIECEWISE_BEZIER_KNOTS.);
#6346 = CARTESIAN_POINT('',(1.35,21.139602864583,-1.661801544189));
#6347 = CARTESIAN_POINT('',(1.35,20.827205729167,-1.661801544189));
#6348 = CARTESIAN_POINT('',(1.35,20.827205729167,-2.297602976481));
#6349 = PCURVE('',#4131,#6350);
#6350 = DEFINITIONAL_REPRESENTATION('',(#6351),#6355);
#6351 = B_SPLINE_CURVE_WITH_KNOTS('',2,(#6352,#6353,#6354),
  .UNSPECIFIED.,.F.,.F.,(3,3),(0.,1.),.PIECEWISE_BEZIER_KNOTS.);
#6352 = CARTESIAN_POINT('',(0.605,1.388198567708));
#6353 = CARTESIAN_POINT('',(0.292602864583,1.388198567708));
#6354 = CARTESIAN_POINT('',(0.292602864583,0.752397135417));
#6355 = ( GEOMETRIC_REPRESENTATION_CONTEXT(2)
PARAMETRIC_REPRESENTATION_CONTEXT() REPRESENTATION_CONTEXT('2D SPACE',''
  ) );
#6356 = PCURVE('',#6357,#6364);
#6357 = SURFACE_OF_LINEAR_EXTRUSION('',#6358,#6362);
#6358 = B_SPLINE_CURVE_WITH_KNOTS('',2,(#6359,#6360,#6361),
  .UNSPECIFIED.,.F.,.F.,(3,3),(0.,1.),.PIECEWISE_BEZIER_KNOTS.);
#6359 = CARTESIAN_POINT('',(1.,21.139602864583,-1.661801544189));
#6360 = CARTESIAN_POINT('',(1.,20.827205729167,-1.661801544189));
#6361 = CARTESIAN_POINT('',(1.,20.827205729167,-2.297602976481));
#6362 = VECTOR('',#6363,1.);
#6363 = DIRECTION('',(-1.,-0.,-0.));
#6364 = DEFINITIONAL_REPRESENTATION('',(#6365),#6369);
#6365 = LINE('',#6366,#6367);
#6366 = CARTESIAN_POINT('',(0.,-0.35));
#6367 = VECTOR('',#6368,1.);
#6368 = DIRECTION('',(1.,0.));
#6369 = ( GEOMETRIC_REPRESENTATION_CONTEXT(2)
PARAMETRIC_REPRESENTATION_CONTEXT() REPRESENTATION_CONTEXT('2D SPACE',''
  ) );
#6370 = ORIENTED_EDGE('',*,*,#6371,.T.);
#6371 = EDGE_CURVE('',#6342,#6372,#6374,.T.);
#6372 = VERTEX_POINT('',#6373);
#6373 = CARTESIAN_POINT('',(1.35,21.135205729167,-2.940000111898));
#6374 = SURFACE_CURVE('',#6375,(#6379,#6386),.PCURVE_S1.);
#6375 = B_SPLINE_CURVE_WITH_KNOTS('',2,(#6376,#6377,#6378),
  .UNSPECIFIED.,.F.,.F.,(3,3),(0.,1.),.PIECEWISE_BEZIER_KNOTS.);
#6376 = CARTESIAN_POINT('',(1.35,20.827205729167,-2.297602976481));
#6377 = CARTESIAN_POINT('',(1.35,20.827205729167,-2.940000111898));
#6378 = CARTESIAN_POINT('',(1.35,21.135205729167,-2.940000111898));
#6379 = PCURVE('',#4131,#6380);
#6380 = DEFINITIONAL_REPRESENTATION('',(#6381),#6385);
#6381 = B_SPLINE_CURVE_WITH_KNOTS('',2,(#6382,#6383,#6384),
  .UNSPECIFIED.,.F.,.F.,(3,3),(0.,1.),.PIECEWISE_BEZIER_KNOTS.);
#6382 = CARTESIAN_POINT('',(0.292602864583,0.752397135417));
#6383 = CARTESIAN_POINT('',(0.292602864583,0.11));
#6384 = CARTESIAN_POINT('',(0.600602864583,0.11));
#6385 = ( GEOMETRIC_REPRESENTATION_CONTEXT(2)
PARAMETRIC_REPRESENTATION_CONTEXT() REPRESENTATION_CONTEXT('2D SPACE',''
  ) );
#6386 = PCURVE('',#6387,#6394);
#6387 = SURFACE_OF_LINEAR_EXTRUSION('',#6388,#6392);
#6388 = B_SPLINE_CURVE_WITH_KNOTS('',2,(#6389,#6390,#6391),
  .UNSPECIFIED.,.F.,.F.,(3,3),(0.,1.),.PIECEWISE_BEZIER_KNOTS.);
#6389 = CARTESIAN_POINT('',(1.,20.827205729167,-2.297602976481));
#6390 = CARTESIAN_POINT('',(1.,20.827205729167,-2.940000111898));
#6391 = CARTESIAN_POINT('',(1.,21.135205729167,-2.940000111898));
#6392 = VECTOR('',#6393,1.);
#6393 = DIRECTION('',(-1.,-0.,-0.));
#6394 = DEFINITIONAL_REPRESENTATION('',(#6395),#6399);
#6395 = LINE('',#6396,#6397);
#6396 = CARTESIAN_POINT('',(0.,-0.35));
#6397 = VECTOR('',#6398,1.);
#6398 = DIRECTION('',(1.,0.));
#6399 = ( GEOMETRIC_REPRESENTATION_CONTEXT(2)
PARAMETRIC_REPRESENTATION_CONTEXT() REPRESENTATION_CONTEXT('2D SPACE',''
  ) );
#6400 = ORIENTED_EDGE('',*,*,#6401,.T.);
#6401 = EDGE_CURVE('',#6372,#6402,#6404,.T.);
#6402 = VERTEX_POINT('',#6403);
#6403 = CARTESIAN_POINT('',(1.35,21.375,-2.781599395752));
#6404 = SURFACE_CURVE('',#6405,(#6409,#6416),.PCURVE_S1.);
#6405 = B_SPLINE_CURVE_WITH_KNOTS('',2,(#6406,#6407,#6408),
  .UNSPECIFIED.,.F.,.F.,(3,3),(0.,1.),.PIECEWISE_BEZIER_KNOTS.);
#6406 = CARTESIAN_POINT('',(1.35,21.135205729167,-2.940000111898));
#6407 = CARTESIAN_POINT('',(1.35,21.298,-2.940000111898));
#6408 = CARTESIAN_POINT('',(1.35,21.375,-2.781599395752));
#6409 = PCURVE('',#4131,#6410);
#6410 = DEFINITIONAL_REPRESENTATION('',(#6411),#6415);
#6411 = B_SPLINE_CURVE_WITH_KNOTS('',2,(#6412,#6413,#6414),
  .UNSPECIFIED.,.F.,.F.,(3,3),(0.,1.),.PIECEWISE_BEZIER_KNOTS.);
#6412 = CARTESIAN_POINT('',(0.600602864583,0.11));
#6413 = CARTESIAN_POINT('',(0.763397135417,0.11));
#6414 = CARTESIAN_POINT('',(0.840397135417,0.268400716146));
#6415 = ( GEOMETRIC_REPRESENTATION_CONTEXT(2)
PARAMETRIC_REPRESENTATION_CONTEXT() REPRESENTATION_CONTEXT('2D SPACE',''
  ) );
#6416 = PCURVE('',#6417,#6424);
#6417 = SURFACE_OF_LINEAR_EXTRUSION('',#6418,#6422);
#6418 = B_SPLINE_CURVE_WITH_KNOTS('',2,(#6419,#6420,#6421),
  .UNSPECIFIED.,.F.,.F.,(3,3),(0.,1.),.PIECEWISE_BEZIER_KNOTS.);
#6419 = CARTESIAN_POINT('',(1.,21.135205729167,-2.940000111898));
#6420 = CARTESIAN_POINT('',(1.,21.298,-2.940000111898));
#6421 = CARTESIAN_POINT('',(1.,21.375,-2.781599395752));
#6422 = VECTOR('',#6423,1.);
#6423 = DIRECTION('',(-1.,-0.,-0.));
#6424 = DEFINITIONAL_REPRESENTATION('',(#6425),#6429);
#6425 = LINE('',#6426,#6427);
#6426 = CARTESIAN_POINT('',(0.,-0.35));
#6427 = VECTOR('',#6428,1.);
#6428 = DIRECTION('',(1.,0.));
#6429 = ( GEOMETRIC_REPRESENTATION_CONTEXT(2)
PARAMETRIC_REPRESENTATION_CONTEXT() REPRESENTATION_CONTEXT('2D SPACE',''
  ) );
#6430 = ORIENTED_EDGE('',*,*,#6431,.T.);
#6431 = EDGE_CURVE('',#6402,#6310,#6432,.T.);
#6432 = SURFACE_CURVE('',#6433,(#6437,#6444),.PCURVE_S1.);
#6433 = B_SPLINE_CURVE_WITH_KNOTS('',2,(#6434,#6435,#6436),
  .UNSPECIFIED.,.F.,.F.,(3,3),(0.,1.),.PIECEWISE_BEZIER_KNOTS.);
#6434 = CARTESIAN_POINT('',(1.35,21.375,-2.781599395752));
#6435 = CARTESIAN_POINT('',(1.35,21.452,-2.623198679606));
#6436 = CARTESIAN_POINT('',(1.35,21.452,-2.291000111898));
#6437 = PCURVE('',#4131,#6438);
#6438 = DEFINITIONAL_REPRESENTATION('',(#6439),#6443);
#6439 = B_SPLINE_CURVE_WITH_KNOTS('',2,(#6440,#6441,#6442),
  .UNSPECIFIED.,.F.,.F.,(3,3),(0.,1.),.PIECEWISE_BEZIER_KNOTS.);
#6440 = CARTESIAN_POINT('',(0.840397135417,0.268400716146));
#6441 = CARTESIAN_POINT('',(0.917397135417,0.426801432292));
#6442 = CARTESIAN_POINT('',(0.917397135417,0.759));
#6443 = ( GEOMETRIC_REPRESENTATION_CONTEXT(2)
PARAMETRIC_REPRESENTATION_CONTEXT() REPRESENTATION_CONTEXT('2D SPACE',''
  ) );
#6444 = PCURVE('',#6445,#6452);
#6445 = SURFACE_OF_LINEAR_EXTRUSION('',#6446,#6450);
#6446 = B_SPLINE_CURVE_WITH_KNOTS('',2,(#6447,#6448,#6449),
  .UNSPECIFIED.,.F.,.F.,(3,3),(0.,1.),.PIECEWISE_BEZIER_KNOTS.);
#6447 = CARTESIAN_POINT('',(1.,21.375,-2.781599395752));
#6448 = CARTESIAN_POINT('',(1.,21.452,-2.623198679606));
#6449 = CARTESIAN_POINT('',(1.,21.452,-2.291000111898));
#6450 = VECTOR('',#6451,1.);
#6451 = DIRECTION('',(-1.,-0.,-0.));
#6452 = DEFINITIONAL_REPRESENTATION('',(#6453),#6457);
#6453 = LINE('',#6454,#6455);
#6454 = CARTESIAN_POINT('',(0.,-0.35));
#6455 = VECTOR('',#6456,1.);
#6456 = DIRECTION('',(1.,0.));
#6457 = ( GEOMETRIC_REPRESENTATION_CONTEXT(2)
PARAMETRIC_REPRESENTATION_CONTEXT() REPRESENTATION_CONTEXT('2D SPACE',''
  ) );
#6458 = ADVANCED_FACE('',(#6459),#4626,.T.);
#6459 = FACE_BOUND('',#6460,.F.);
#6460 = EDGE_LOOP('',(#6461,#6462,#6463,#6464));
#6461 = ORIENTED_EDGE('',*,*,#4610,.T.);
#6462 = ORIENTED_EDGE('',*,*,#4664,.T.);
#6463 = ORIENTED_EDGE('',*,*,#4713,.T.);
#6464 = ORIENTED_EDGE('',*,*,#4762,.T.);
#6465 = ADVANCED_FACE('',(#6466),#4827,.T.);
#6466 = FACE_BOUND('',#6467,.F.);
#6467 = EDGE_LOOP('',(#6468,#6469,#6470,#6471,#6472,#6473,#6474,#6475));
#6468 = ORIENTED_EDGE('',*,*,#4811,.T.);
#6469 = ORIENTED_EDGE('',*,*,#4865,.T.);
#6470 = ORIENTED_EDGE('',*,*,#4914,.T.);
#6471 = ORIENTED_EDGE('',*,*,#4963,.T.);
#6472 = ORIENTED_EDGE('',*,*,#5012,.T.);
#6473 = ORIENTED_EDGE('',*,*,#5061,.T.);
#6474 = ORIENTED_EDGE('',*,*,#5110,.T.);
#6475 = ORIENTED_EDGE('',*,*,#5159,.T.);
#6476 = ADVANCED_FACE('',(#6477),#5224,.T.);
#6477 = FACE_BOUND('',#6478,.F.);
#6478 = EDGE_LOOP('',(#6479,#6480,#6481,#6482,#6483,#6484,#6485,#6486,
    #6487,#6488,#6489,#6490,#6491,#6492,#6493,#6494,#6495,#6496,#6497,
    #6498,#6499,#6500));
#6479 = ORIENTED_EDGE('',*,*,#5208,.T.);
#6480 = ORIENTED_EDGE('',*,*,#5262,.T.);
#6481 = ORIENTED_EDGE('',*,*,#5311,.T.);
#6482 = ORIENTED_EDGE('',*,*,#5360,.T.);
#6483 = ORIENTED_EDGE('',*,*,#5409,.T.);
#6484 = ORIENTED_EDGE('',*,*,#5458,.T.);
#6485 = ORIENTED_EDGE('',*,*,#5507,.T.);
#6486 = ORIENTED_EDGE('',*,*,#5556,.T.);
#6487 = ORIENTED_EDGE('',*,*,#5605,.T.);
#6488 = ORIENTED_EDGE('',*,*,#5654,.T.);
#6489 = ORIENTED_EDGE('',*,*,#5703,.T.);
#6490 = ORIENTED_EDGE('',*,*,#5752,.T.);
#6491 = ORIENTED_EDGE('',*,*,#5801,.T.);
#6492 = ORIENTED_EDGE('',*,*,#5850,.T.);
#6493 = ORIENTED_EDGE('',*,*,#5899,.T.);
#6494 = ORIENTED_EDGE('',*,*,#5948,.T.);
#6495 = ORIENTED_EDGE('',*,*,#5997,.T.);
#6496 = ORIENTED_EDGE('',*,*,#6046,.T.);
#6497 = ORIENTED_EDGE('',*,*,#6095,.T.);
#6498 = ORIENTED_EDGE('',*,*,#6144,.T.);
#6499 = ORIENTED_EDGE('',*,*,#6193,.T.);
#6500 = ORIENTED_EDGE('',*,*,#6242,.T.);
#6501 = ADVANCED_FACE('',(#6502),#6327,.T.);
#6502 = FACE_BOUND('',#6503,.T.);
#6503 = EDGE_LOOP('',(#6504,#6527,#6528,#6551));
#6504 = ORIENTED_EDGE('',*,*,#6505,.T.);
#6505 = EDGE_CURVE('',#6506,#6310,#6508,.T.);
#6506 = VERTEX_POINT('',#6507);
#6507 = CARTESIAN_POINT('',(1.,21.452,-2.291000111898));
#6508 = SURFACE_CURVE('',#6509,(#6513,#6520),.PCURVE_S1.);
#6509 = LINE('',#6510,#6511);
#6510 = CARTESIAN_POINT('',(1.,21.452,-2.291000111898));
#6511 = VECTOR('',#6512,1.);
#6512 = DIRECTION('',(1.,0.,0.));
#6513 = PCURVE('',#6327,#6514);
#6514 = DEFINITIONAL_REPRESENTATION('',(#6515),#6519);
#6515 = LINE('',#6516,#6517);
#6516 = CARTESIAN_POINT('',(0.,0.));
#6517 = VECTOR('',#6518,1.);
#6518 = DIRECTION('',(0.,-1.));
#6519 = ( GEOMETRIC_REPRESENTATION_CONTEXT(2)
PARAMETRIC_REPRESENTATION_CONTEXT() REPRESENTATION_CONTEXT('2D SPACE',''
  ) );
#6520 = PCURVE('',#6445,#6521);
#6521 = DEFINITIONAL_REPRESENTATION('',(#6522),#6526);
#6522 = LINE('',#6523,#6524);
#6523 = CARTESIAN_POINT('',(1.,0.));
#6524 = VECTOR('',#6525,1.);
#6525 = DIRECTION('',(0.,-1.));
#6526 = ( GEOMETRIC_REPRESENTATION_CONTEXT(2)
PARAMETRIC_REPRESENTATION_CONTEXT() REPRESENTATION_CONTEXT('2D SPACE',''
  ) );
#6527 = ORIENTED_EDGE('',*,*,#6309,.T.);
#6528 = ORIENTED_EDGE('',*,*,#6529,.F.);
#6529 = EDGE_CURVE('',#6530,#6312,#6532,.T.);
#6530 = VERTEX_POINT('',#6531);
#6531 = CARTESIAN_POINT('',(1.,21.139602864583,-1.661801544189));
#6532 = SURFACE_CURVE('',#6533,(#6537,#6544),.PCURVE_S1.);
#6533 = LINE('',#6534,#6535);
#6534 = CARTESIAN_POINT('',(1.,21.139602864583,-1.661801544189));
#6535 = VECTOR('',#6536,1.);
#6536 = DIRECTION('',(1.,0.,0.));
#6537 = PCURVE('',#6327,#6538);
#6538 = DEFINITIONAL_REPRESENTATION('',(#6539),#6543);
#6539 = LINE('',#6540,#6541);
#6540 = CARTESIAN_POINT('',(1.,0.));
#6541 = VECTOR('',#6542,1.);
#6542 = DIRECTION('',(0.,-1.));
#6543 = ( GEOMETRIC_REPRESENTATION_CONTEXT(2)
PARAMETRIC_REPRESENTATION_CONTEXT() REPRESENTATION_CONTEXT('2D SPACE',''
  ) );
#6544 = PCURVE('',#6357,#6545);
#6545 = DEFINITIONAL_REPRESENTATION('',(#6546),#6550);
#6546 = LINE('',#6547,#6548);
#6547 = CARTESIAN_POINT('',(0.,0.));
#6548 = VECTOR('',#6549,1.);
#6549 = DIRECTION('',(0.,-1.));
#6550 = ( GEOMETRIC_REPRESENTATION_CONTEXT(2)
PARAMETRIC_REPRESENTATION_CONTEXT() REPRESENTATION_CONTEXT('2D SPACE',''
  ) );
#6551 = ORIENTED_EDGE('',*,*,#6552,.F.);
#6552 = EDGE_CURVE('',#6506,#6530,#6553,.T.);
#6553 = SURFACE_CURVE('',#6554,(#6558,#6565),.PCURVE_S1.);
#6554 = B_SPLINE_CURVE_WITH_KNOTS('',2,(#6555,#6556,#6557),
  .UNSPECIFIED.,.F.,.F.,(3,3),(0.,1.),.PIECEWISE_BEZIER_KNOTS.);
#6555 = CARTESIAN_POINT('',(1.,21.452,-2.291000111898));
#6556 = CARTESIAN_POINT('',(1.,21.452,-1.661801544189));
#6557 = CARTESIAN_POINT('',(1.,21.139602864583,-1.661801544189));
#6558 = PCURVE('',#6327,#6559);
#6559 = DEFINITIONAL_REPRESENTATION('',(#6560),#6564);
#6560 = LINE('',#6561,#6562);
#6561 = CARTESIAN_POINT('',(0.,0.));
#6562 = VECTOR('',#6563,1.);
#6563 = DIRECTION('',(1.,0.));
#6564 = ( GEOMETRIC_REPRESENTATION_CONTEXT(2)
PARAMETRIC_REPRESENTATION_CONTEXT() REPRESENTATION_CONTEXT('2D SPACE',''
  ) );
#6565 = PCURVE('',#6566,#6571);
#6566 = PLANE('',#6567);
#6567 = AXIS2_PLACEMENT_3D('',#6568,#6569,#6570);
#6568 = CARTESIAN_POINT('',(1.,0.,1.));
#6569 = DIRECTION('',(-1.,0.,0.));
#6570 = DIRECTION('',(0.,0.,-1.));
#6571 = DEFINITIONAL_REPRESENTATION('',(#6572),#6576);
#6572 = B_SPLINE_CURVE_WITH_KNOTS('',2,(#6573,#6574,#6575),
  .UNSPECIFIED.,.F.,.F.,(3,3),(0.,1.),.PIECEWISE_BEZIER_KNOTS.);
#6573 = CARTESIAN_POINT('',(3.291000111898,-21.452));
#6574 = CARTESIAN_POINT('',(2.661801544189,-21.452));
#6575 = CARTESIAN_POINT('',(2.661801544189,-21.13960286458));
#6576 = ( GEOMETRIC_REPRESENTATION_CONTEXT(2)
PARAMETRIC_REPRESENTATION_CONTEXT() REPRESENTATION_CONTEXT('2D SPACE',''
  ) );
#6577 = ADVANCED_FACE('',(#6578),#6357,.T.);
#6578 = FACE_BOUND('',#6579,.T.);
#6579 = EDGE_LOOP('',(#6580,#6581,#6582,#6605));
#6580 = ORIENTED_EDGE('',*,*,#6529,.T.);
#6581 = ORIENTED_EDGE('',*,*,#6341,.T.);
#6582 = ORIENTED_EDGE('',*,*,#6583,.F.);
#6583 = EDGE_CURVE('',#6584,#6342,#6586,.T.);
#6584 = VERTEX_POINT('',#6585);
#6585 = CARTESIAN_POINT('',(1.,20.827205729167,-2.297602976481));
#6586 = SURFACE_CURVE('',#6587,(#6591,#6598),.PCURVE_S1.);
#6587 = LINE('',#6588,#6589);
#6588 = CARTESIAN_POINT('',(1.,20.827205729167,-2.297602976481));
#6589 = VECTOR('',#6590,1.);
#6590 = DIRECTION('',(1.,0.,0.));
#6591 = PCURVE('',#6357,#6592);
#6592 = DEFINITIONAL_REPRESENTATION('',(#6593),#6597);
#6593 = LINE('',#6594,#6595);
#6594 = CARTESIAN_POINT('',(1.,0.));
#6595 = VECTOR('',#6596,1.);
#6596 = DIRECTION('',(0.,-1.));
#6597 = ( GEOMETRIC_REPRESENTATION_CONTEXT(2)
PARAMETRIC_REPRESENTATION_CONTEXT() REPRESENTATION_CONTEXT('2D SPACE',''
  ) );
#6598 = PCURVE('',#6387,#6599);
#6599 = DEFINITIONAL_REPRESENTATION('',(#6600),#6604);
#6600 = LINE('',#6601,#6602);
#6601 = CARTESIAN_POINT('',(0.,0.));
#6602 = VECTOR('',#6603,1.);
#6603 = DIRECTION('',(0.,-1.));
#6604 = ( GEOMETRIC_REPRESENTATION_CONTEXT(2)
PARAMETRIC_REPRESENTATION_CONTEXT() REPRESENTATION_CONTEXT('2D SPACE',''
  ) );
#6605 = ORIENTED_EDGE('',*,*,#6606,.F.);
#6606 = EDGE_CURVE('',#6530,#6584,#6607,.T.);
#6607 = SURFACE_CURVE('',#6608,(#6612,#6619),.PCURVE_S1.);
#6608 = B_SPLINE_CURVE_WITH_KNOTS('',2,(#6609,#6610,#6611),
  .UNSPECIFIED.,.F.,.F.,(3,3),(0.,1.),.PIECEWISE_BEZIER_KNOTS.);
#6609 = CARTESIAN_POINT('',(1.,21.139602864583,-1.661801544189));
#6610 = CARTESIAN_POINT('',(1.,20.827205729167,-1.661801544189));
#6611 = CARTESIAN_POINT('',(1.,20.827205729167,-2.297602976481));
#6612 = PCURVE('',#6357,#6613);
#6613 = DEFINITIONAL_REPRESENTATION('',(#6614),#6618);
#6614 = LINE('',#6615,#6616);
#6615 = CARTESIAN_POINT('',(0.,0.));
#6616 = VECTOR('',#6617,1.);
#6617 = DIRECTION('',(1.,0.));
#6618 = ( GEOMETRIC_REPRESENTATION_CONTEXT(2)
PARAMETRIC_REPRESENTATION_CONTEXT() REPRESENTATION_CONTEXT('2D SPACE',''
  ) );
#6619 = PCURVE('',#6566,#6620);
#6620 = DEFINITIONAL_REPRESENTATION('',(#6621),#6625);
#6621 = B_SPLINE_CURVE_WITH_KNOTS('',2,(#6622,#6623,#6624),
  .UNSPECIFIED.,.F.,.F.,(3,3),(0.,1.),.PIECEWISE_BEZIER_KNOTS.);
#6622 = CARTESIAN_POINT('',(2.661801544189,-21.13960286458));
#6623 = CARTESIAN_POINT('',(2.661801544189,-20.82720572916));
#6624 = CARTESIAN_POINT('',(3.297602976481,-20.82720572916));
#6625 = ( GEOMETRIC_REPRESENTATION_CONTEXT(2)
PARAMETRIC_REPRESENTATION_CONTEXT() REPRESENTATION_CONTEXT('2D SPACE',''
  ) );
#6626 = ADVANCED_FACE('',(#6627),#6387,.T.);
#6627 = FACE_BOUND('',#6628,.T.);
#6628 = EDGE_LOOP('',(#6629,#6630,#6631,#6654));
#6629 = ORIENTED_EDGE('',*,*,#6583,.T.);
#6630 = ORIENTED_EDGE('',*,*,#6371,.T.);
#6631 = ORIENTED_EDGE('',*,*,#6632,.F.);
#6632 = EDGE_CURVE('',#6633,#6372,#6635,.T.);
#6633 = VERTEX_POINT('',#6634);
#6634 = CARTESIAN_POINT('',(1.,21.135205729167,-2.940000111898));
#6635 = SURFACE_CURVE('',#6636,(#6640,#6647),.PCURVE_S1.);
#6636 = LINE('',#6637,#6638);
#6637 = CARTESIAN_POINT('',(1.,21.135205729167,-2.940000111898));
#6638 = VECTOR('',#6639,1.);
#6639 = DIRECTION('',(1.,0.,0.));
#6640 = PCURVE('',#6387,#6641);
#6641 = DEFINITIONAL_REPRESENTATION('',(#6642),#6646);
#6642 = LINE('',#6643,#6644);
#6643 = CARTESIAN_POINT('',(1.,0.));
#6644 = VECTOR('',#6645,1.);
#6645 = DIRECTION('',(0.,-1.));
#6646 = ( GEOMETRIC_REPRESENTATION_CONTEXT(2)
PARAMETRIC_REPRESENTATION_CONTEXT() REPRESENTATION_CONTEXT('2D SPACE',''
  ) );
#6647 = PCURVE('',#6417,#6648);
#6648 = DEFINITIONAL_REPRESENTATION('',(#6649),#6653);
#6649 = LINE('',#6650,#6651);
#6650 = CARTESIAN_POINT('',(0.,0.));
#6651 = VECTOR('',#6652,1.);
#6652 = DIRECTION('',(0.,-1.));
#6653 = ( GEOMETRIC_REPRESENTATION_CONTEXT(2)
PARAMETRIC_REPRESENTATION_CONTEXT() REPRESENTATION_CONTEXT('2D SPACE',''
  ) );
#6654 = ORIENTED_EDGE('',*,*,#6655,.F.);
#6655 = EDGE_CURVE('',#6584,#6633,#6656,.T.);
#6656 = SURFACE_CURVE('',#6657,(#6661,#6668),.PCURVE_S1.);
#6657 = B_SPLINE_CURVE_WITH_KNOTS('',2,(#6658,#6659,#6660),
  .UNSPECIFIED.,.F.,.F.,(3,3),(0.,1.),.PIECEWISE_BEZIER_KNOTS.);
#6658 = CARTESIAN_POINT('',(1.,20.827205729167,-2.297602976481));
#6659 = CARTESIAN_POINT('',(1.,20.827205729167,-2.940000111898));
#6660 = CARTESIAN_POINT('',(1.,21.135205729167,-2.940000111898));
#6661 = PCURVE('',#6387,#6662);
#6662 = DEFINITIONAL_REPRESENTATION('',(#6663),#6667);
#6663 = LINE('',#6664,#6665);
#6664 = CARTESIAN_POINT('',(0.,0.));
#6665 = VECTOR('',#6666,1.);
#6666 = DIRECTION('',(1.,0.));
#6667 = ( GEOMETRIC_REPRESENTATION_CONTEXT(2)
PARAMETRIC_REPRESENTATION_CONTEXT() REPRESENTATION_CONTEXT('2D SPACE',''
  ) );
#6668 = PCURVE('',#6566,#6669);
#6669 = DEFINITIONAL_REPRESENTATION('',(#6670),#6674);
#6670 = B_SPLINE_CURVE_WITH_KNOTS('',2,(#6671,#6672,#6673),
  .UNSPECIFIED.,.F.,.F.,(3,3),(0.,1.),.PIECEWISE_BEZIER_KNOTS.);
#6671 = CARTESIAN_POINT('',(3.297602976481,-20.82720572916));
#6672 = CARTESIAN_POINT('',(3.940000111898,-20.82720572916));
#6673 = CARTESIAN_POINT('',(3.940000111898,-21.13520572916));
#6674 = ( GEOMETRIC_REPRESENTATION_CONTEXT(2)
PARAMETRIC_REPRESENTATION_CONTEXT() REPRESENTATION_CONTEXT('2D SPACE',''
  ) );
#6675 = ADVANCED_FACE('',(#6676),#6417,.T.);
#6676 = FACE_BOUND('',#6677,.T.);
#6677 = EDGE_LOOP('',(#6678,#6679,#6680,#6703));
#6678 = ORIENTED_EDGE('',*,*,#6632,.T.);
#6679 = ORIENTED_EDGE('',*,*,#6401,.T.);
#6680 = ORIENTED_EDGE('',*,*,#6681,.F.);
#6681 = EDGE_CURVE('',#6682,#6402,#6684,.T.);
#6682 = VERTEX_POINT('',#6683);
#6683 = CARTESIAN_POINT('',(1.,21.375,-2.781599395752));
#6684 = SURFACE_CURVE('',#6685,(#6689,#6696),.PCURVE_S1.);
#6685 = LINE('',#6686,#6687);
#6686 = CARTESIAN_POINT('',(1.,21.375,-2.781599395752));
#6687 = VECTOR('',#6688,1.);
#6688 = DIRECTION('',(1.,0.,0.));
#6689 = PCURVE('',#6417,#6690);
#6690 = DEFINITIONAL_REPRESENTATION('',(#6691),#6695);
#6691 = LINE('',#6692,#6693);
#6692 = CARTESIAN_POINT('',(1.,0.));
#6693 = VECTOR('',#6694,1.);
#6694 = DIRECTION('',(0.,-1.));
#6695 = ( GEOMETRIC_REPRESENTATION_CONTEXT(2)
PARAMETRIC_REPRESENTATION_CONTEXT() REPRESENTATION_CONTEXT('2D SPACE',''
  ) );
#6696 = PCURVE('',#6445,#6697);
#6697 = DEFINITIONAL_REPRESENTATION('',(#6698),#6702);
#6698 = LINE('',#6699,#6700);
#6699 = CARTESIAN_POINT('',(0.,0.));
#6700 = VECTOR('',#6701,1.);
#6701 = DIRECTION('',(0.,-1.));
#6702 = ( GEOMETRIC_REPRESENTATION_CONTEXT(2)
PARAMETRIC_REPRESENTATION_CONTEXT() REPRESENTATION_CONTEXT('2D SPACE',''
  ) );
#6703 = ORIENTED_EDGE('',*,*,#6704,.F.);
#6704 = EDGE_CURVE('',#6633,#6682,#6705,.T.);
#6705 = SURFACE_CURVE('',#6706,(#6710,#6717),.PCURVE_S1.);
#6706 = B_SPLINE_CURVE_WITH_KNOTS('',2,(#6707,#6708,#6709),
  .UNSPECIFIED.,.F.,.F.,(3,3),(0.,1.),.PIECEWISE_BEZIER_KNOTS.);
#6707 = CARTESIAN_POINT('',(1.,21.135205729167,-2.940000111898));
#6708 = CARTESIAN_POINT('',(1.,21.298,-2.940000111898));
#6709 = CARTESIAN_POINT('',(1.,21.375,-2.781599395752));
#6710 = PCURVE('',#6417,#6711);
#6711 = DEFINITIONAL_REPRESENTATION('',(#6712),#6716);
#6712 = LINE('',#6713,#6714);
#6713 = CARTESIAN_POINT('',(0.,0.));
#6714 = VECTOR('',#6715,1.);
#6715 = DIRECTION('',(1.,0.));
#6716 = ( GEOMETRIC_REPRESENTATION_CONTEXT(2)
PARAMETRIC_REPRESENTATION_CONTEXT() REPRESENTATION_CONTEXT('2D SPACE',''
  ) );
#6717 = PCURVE('',#6566,#6718);
#6718 = DEFINITIONAL_REPRESENTATION('',(#6719),#6723);
#6719 = B_SPLINE_CURVE_WITH_KNOTS('',2,(#6720,#6721,#6722),
  .UNSPECIFIED.,.F.,.F.,(3,3),(0.,1.),.PIECEWISE_BEZIER_KNOTS.);
#6720 = CARTESIAN_POINT('',(3.940000111898,-21.13520572916));
#6721 = CARTESIAN_POINT('',(3.940000111898,-21.298));
#6722 = CARTESIAN_POINT('',(3.781599395752,-21.375));
#6723 = ( GEOMETRIC_REPRESENTATION_CONTEXT(2)
PARAMETRIC_REPRESENTATION_CONTEXT() REPRESENTATION_CONTEXT('2D SPACE',''
  ) );
#6724 = ADVANCED_FACE('',(#6725),#6445,.T.);
#6725 = FACE_BOUND('',#6726,.T.);
#6726 = EDGE_LOOP('',(#6727,#6728,#6729,#6730));
#6727 = ORIENTED_EDGE('',*,*,#6681,.T.);
#6728 = ORIENTED_EDGE('',*,*,#6431,.T.);
#6729 = ORIENTED_EDGE('',*,*,#6505,.F.);
#6730 = ORIENTED_EDGE('',*,*,#6731,.F.);
#6731 = EDGE_CURVE('',#6682,#6506,#6732,.T.);
#6732 = SURFACE_CURVE('',#6733,(#6737,#6744),.PCURVE_S1.);
#6733 = B_SPLINE_CURVE_WITH_KNOTS('',2,(#6734,#6735,#6736),
  .UNSPECIFIED.,.F.,.F.,(3,3),(0.,1.),.PIECEWISE_BEZIER_KNOTS.);
#6734 = CARTESIAN_POINT('',(1.,21.375,-2.781599395752));
#6735 = CARTESIAN_POINT('',(1.,21.452,-2.623198679606));
#6736 = CARTESIAN_POINT('',(1.,21.452,-2.291000111898));
#6737 = PCURVE('',#6445,#6738);
#6738 = DEFINITIONAL_REPRESENTATION('',(#6739),#6743);
#6739 = LINE('',#6740,#6741);
#6740 = CARTESIAN_POINT('',(0.,0.));
#6741 = VECTOR('',#6742,1.);
#6742 = DIRECTION('',(1.,0.));
#6743 = ( GEOMETRIC_REPRESENTATION_CONTEXT(2)
PARAMETRIC_REPRESENTATION_CONTEXT() REPRESENTATION_CONTEXT('2D SPACE',''
  ) );
#6744 = PCURVE('',#6566,#6745);
#6745 = DEFINITIONAL_REPRESENTATION('',(#6746),#6750);
#6746 = B_SPLINE_CURVE_WITH_KNOTS('',2,(#6747,#6748,#6749),
  .UNSPECIFIED.,.F.,.F.,(3,3),(0.,1.),.PIECEWISE_BEZIER_KNOTS.);
#6747 = CARTESIAN_POINT('',(3.781599395752,-21.375));
#6748 = CARTESIAN_POINT('',(3.623198679606,-21.452));
#6749 = CARTESIAN_POINT('',(3.291000111898,-21.452));
#6750 = ( GEOMETRIC_REPRESENTATION_CONTEXT(2)
PARAMETRIC_REPRESENTATION_CONTEXT() REPRESENTATION_CONTEXT('2D SPACE',''
  ) );
#6751 = ADVANCED_FACE('',(#6752),#6566,.F.);
#6752 = FACE_BOUND('',#6753,.F.);
#6753 = EDGE_LOOP('',(#6754,#6755,#6756,#6757,#6758));
#6754 = ORIENTED_EDGE('',*,*,#6552,.F.);
#6755 = ORIENTED_EDGE('',*,*,#6731,.F.);
#6756 = ORIENTED_EDGE('',*,*,#6704,.F.);
#6757 = ORIENTED_EDGE('',*,*,#6655,.F.);
#6758 = ORIENTED_EDGE('',*,*,#6606,.F.);
#6759 = ( GEOMETRIC_REPRESENTATION_CONTEXT(3)
GLOBAL_UNCERTAINTY_ASSIGNED_CONTEXT((#6763))
GLOBAL_UNIT_ASSIGNED_CONTEXT((#6760,#6761,#6762)) REPRESENTATION_CONTEXT
('Context #1','3D Context with UNIT and UNCERTAINTY') );
#6760 = ( LENGTH_UNIT() NAMED_UNIT(*) SI_UNIT(.MILLI.,.METRE.) );
#6761 = ( NAMED_UNIT(*) PLANE_ANGLE_UNIT() SI_UNIT($,.RADIAN.) );
#6762 = ( NAMED_UNIT(*) SI_UNIT($,.STERADIAN.) SOLID_ANGLE_UNIT() );
#6763 = UNCERTAINTY_MEASURE_WITH_UNIT(LENGTH_MEASURE(1.E-07),#6760,
  'distance_accuracy_value','confusion accuracy');
#6764 = PRODUCT_RELATED_PRODUCT_CATEGORY('part',$,(#7));
ENDSEC;
END-ISO-10303-21;
